description,channel,direction,amount,label
Swa kios kecil periode periode Okt,Invoice,OUT,2355300.0,Operating_Expense
Trf bayar agen Jamal u/ pewrna makanan,Transfer,OUT,920000.0,COGS
Selisih kas 10/05/25,Transfer,IN,42500.0,Other
pinjaman dr herman siregar untuk modal,Transfer,IN,43000000.0,Financing
pindahkan uang laci ke kas besar 0305,Cash,OUT,1380000.0,Transfer_Internal
sumbangan haatan herman,Transfer,OUT,175000.0,Other
jual matcha cash 3 pcs,Cash,IN,1900000.0,Revenue
pinjaman keluarga mulyadi modal usaha,Transfer,IN,6700000.0,Financing
KREDIT 2412/FTSKN/WS78399 TERIMA TRANSFER YUSUF - BALANCING,Bank_Mutation,IN,22000.0,Revenue
FAKTUR F-757 PENGEMBALIAN UANG 24/05,Invoice,IN,1800000.0,Other
titipan vina no.8992,Invoice,OUT,1280000.0,Other
DB SWITCHING SPONSOR EVENT WISUDA,Bank_Mutation,OUT,444000.0,Operating_Expense
bayar pesanan ikan tongkol 3 1 set Bu Wa Ode Sari (Nov),Invoice,IN,350000.0,Revenue
Invoice INV-2025/4444 listrik outlet fashion 1 Mei,Invoice,OUT,130000.0,Operating_Expense
TRF LLG CR 0803/BIFAST/WS29801 PENCAIRAN PEMBIAYAAN MURABAHAH CIMB NIAGA (MAR) 19300000.00,Bank_Mutation,IN,19300000.0,Financing
BI-FAST cicil pinjaman koperasi bulan Mei,Transfer,OUT,475000.0,Financing
pmb qris dr saldi latif utk tambal ban,QRIS,IN,10000.0,Revenue
pengepul cv wangi fajar bayar cabai 1 set,Cash,IN,300000.0,Revenue
TRANSFER MASUK 887761 TRANSFER MASUK DARI BU NILA PEMBAYARAN BARANG ELEKTRONIK KECIL,Bank_Mutation,IN,11000000.0,Revenue
krm agen salma rp9.400.000 tgl 21 apr 2025,Transfer,OUT,9400000.0,COGS
penerimaan pembiayaan kelompok kopdit harapan,Cash,IN,2700000.0,Financing
Cicil pinjaman koperasi Feb,QRIS,OUT,1100000.0,Financing
faktur po3376 - nelayan rina - es balok 10 balok,Invoice,OUT,400000.0,COGS
setor kas usaha ke rekening a.n rahayu kurniawan,Cash,OUT,16000000.0,Transfer_Internal
Faktur pembelian vernis UD Tiga Saudara,Invoice,OUT,2700000.0,COGS
trf bayar ud bintang untuk cup plastik dan tutup,Transfer,OUT,4583800.0,COGS
TRSF CR KESAAHAN INPUT F-403,Bank_Mutation,IN,91800.0,Other
PENERIMAAN KREDIT USAHA RAKYAT BCA,Transfer,IN,2000000.0,Financing
pembelian bahan produksi cup plastik dan tutup,Cash,OUT,2100000.0,COGS
DB SWITCHING 512158 pindah buku Danamon ke BCA sendiri,Bank_Mutation,OUT,150000.0,Transfer_Internal
DB SWITCHING 126876 ASURANSI JIWA PRIADI NOVEMBER,Bank_Mutation,OUT,28000.0,Other
Setor ke rekening Muamalat (November 2025),Cash,OUT,50000.0,Transfer_Internal
stiker promo kios ikan segar,Cash,OUT,6000000.0,Operating_Expense
retribusi pasar Agustus,Cash,OUT,100000.0,Operating_Expense
TRSF E-BANKING CR BAYAR QRIS JILBAB PAK ISMAIL,Bank_Mutation,IN,7000.0,Revenue
PAYMENT 15/06 SEWA LAPAK PASAR APRIL,Bank_Mutation,OUT,2300000.0,Operating_Expense
Faktur PO5489 potongan komisi GoFood,Invoice,OUT,1900000.0,Operating_Expense
TRF LLG CR PERLU KONFIRMASI PENGIRIM PO6146 NO PO6146 236700.00,Bank_Mutation,IN,236700.0,Other
TRSF CR 2406/BIFAST/WS52006 TITIPAN PLG BELUM JELAS A.N MULYADI HALIM,Bank_Mutation,IN,10100000.0,Other
KR OTOMATIS ONGKOS JASA CETAK SITI,Bank_Mutation,IN,470000.0,Revenue
PENDAPATAN SHOPEE MINGU KE-1,Bank_Mutation,IN,600000.0,Revenue
LUNAS PSN CUST HALIM,Bank_Mutation,IN,4700000.0,Revenue
bayar asisten upah kerja 22/05 a.n andi,Transfer,OUT,1700000.0,Operating_Expense
pengeluaran lain 13-06-2026,Transfer,OUT,95000.0,Other
SETORAN 04/02 terima pindahan dana dari rek Bank Sultra usaha 9000000.00,Bank_Mutation,IN,9000000.0,Transfer_Internal
nota belanja ikan dr nelayan nelayan erni,Invoice,OUT,487500.0,COGS
cair pinjaman pnm mekaar tgl 13-04-2026,Transfer,IN,4100000.0,Financing
Kas: bayar cicilan KUR Desember 2025,Cash,OUT,6000000.0,Financing
TRSF E-BANKING CR ONGKOS PESANAN KUE CUSTOM WAHYU LESTARI 2400000.00,Bank_Mutation,IN,2400000.0,Revenue
TARIK TNAI UTK KAS KECIL,Cash,IN,3600000.0,Transfer_Internal
uang tunai pendapatan harian bengkel 7 jun,Cash,IN,620000.0,Revenue
PINDAH DANA RP 220.000,Transfer,IN,220000.0,Transfer_Internal
Kiriman keluarga Januari 2025 a.n Siti Mustari,Cash,IN,17000.0,Other
transfer ke bank sultra atas nama sendiri,Transfer,OUT,7000000.0,Transfer_Internal
"bahan minuman kemasan habis, beli lagi 2 krat",Cash,OUT,146000.0,COGS
TRSF DB BAYAR TAGIHAN SUPPLIER AGEN FITRI REF G5818,Bank_Mutation,OUT,1800000.0,COGS
KULAK STANDING POUCH KEMASAN 500 PCS,Cash,OUT,12000000.0,COGS
transfer antar rekening sendiri bsi-mandiri,Transfer,IN,250000.0,Transfer_Internal
kas: perbaikan kulkas,Cash,OUT,225000.0,Operating_Expense
AUTODEBET PEMBAYARAN UPAH RIDWAN 3620000.00,Bank_Mutation,OUT,3620000.0,Operating_Expense
rahayu kusuma kirim uang beli atk no so/12/764,Transfer,IN,9813300.0,Revenue
beli brg dagangan cup plastik dan tutup dr grosir,Transfer,OUT,530000.0,COGS
trf angsuran pokok kur mandiri januari a.n budi ndoke,Transfer,OUT,1490800.0,Financing
krm adjustment f-511 mei,Transfer,OUT,448000.0,Other
m-banking masuk bagi hasil tabungan bank sultra periode des,Transfer,IN,7319500.0,Other
biaya provisi kredit bsi,Cash,OUT,13000000.0,Financing
TRSF DB 2609/FTSKN/WS28293 CICILAN KREDIT MODAL KERJA DANAMON,Bank_Mutation,OUT,1500000.0,Financing
bayar tagihan smartfren jun,Transfer,OUT,1100000.0,Operating_Expense
Bukti setor cash ke BNI nomor PO4767,Invoice,IN,450000.0,Transfer_Internal
pembayaran qris kirim ke toko mitra rp12jt (maret),QRIS,OUT,12000000.0,COGS
Trf masuk dana CIMB Niaga tgl 20 (Mei),Transfer,IN,9437200.0,Financing
AUTODEET ANGS KSP MITRA USAHA 03/04,Bank_Mutation,OUT,2800000.0,Financing
Beli label harga utk produk,Cash,OUT,251000.0,COGS
Kas: beli kancing dan resleting ke pasar sentral 13 Sep,Cash,OUT,2634100.0,COGS
nota kulak pengharum ruangan cucian PO5392 (bulan Juli),Invoice,OUT,3100000.0,COGS
nota Toko Cahaya tgl tgl 9 coklat blok,Invoice,OUT,2150000.0,COGS
Uang cash iuran kebersihan Januari 2025,Cash,OUT,700000.0,Operating_Expense
pindah buku bni ke bca sendiri,Transfer,OUT,1840000.0,Transfer_Internal
PEMBAYARAN ANGSURAN POKOK BPR MITRA KOLAKA AGU,Bank_Mutation,OUT,2100000.0,Financing
TRANSFER MASUK TERIMA PINDAHAN DANA DARI REK CIMB NIAGA USAHA,Bank_Mutation,IN,210000.0,Transfer_Internal
Uang tunai sumbangan hajatan Hj. Suryani tgl 16/07,Cash,OUT,2744300.0,Other
DEBET 370606 pengeluaran pribadi pemilik Rp 120.000,Bank_Mutation,OUT,120000.0,Other
Terima trf dana masuk dari Muamalat Rp 6.000.000,Transfer,IN,6000000.0,Financing
Uang tunai retribusi lapak 25 Sep 2025,Cash,OUT,19000.0,Operating_Expense
PENGIRIMAN BHN DR KIOS KENCANA VIA J&T,Bank_Mutation,OUT,50000.0,COGS
setor tnai cdm btn,Cash,OUT,21000000.0,Transfer_Internal
kiriman cust yusuf no f-060,Transfer,IN,4500000.0,Revenue
PEMBAYARAN 871805 uang lembur Tiara,Bank_Mutation,OUT,200000.0,Operating_Expense
DB SWITCHING 2801/FTSCY/WS43986 PENUTUPAN PNJMN KUR BSI S231927,Bank_Mutation,OUT,3050000.0,Financing
TRANSFER STIKER PROMO SALON,Transfer,OUT,80000.0,Operating_Expense
DEBET 24/12 PINDAH BUKU BSI KE BCA SENDIRI,Bank_Mutation,OUT,11200000.0,Transfer_Internal
Fee jasa rias Hasrul Mansur,Transfer,IN,250000.0,Revenue
KAS: PENJUALAN PARTAI BESAR KELAPA PT BERSAMA,Cash,IN,7000000.0,Revenue
pindah buku dari BCA ke Mandiri sendiri,Bank_Mutation,IN,2050000.0,Transfer_Internal
KAS: INVESTASI RIDWAN HALIM UTK USAHA LAPAK IKAN,Cash,IN,41077800.0,Financing
trf masuk bu arifin (plastik grosir),Transfer,IN,990000.0,Revenue
CR SWITCHING REVERSAL NT-7205,Bank_Mutation,IN,1474000.0,Other
TRF LLG CR 763205 transaksi tidak dikenal,Bank_Mutation,IN,29000.0,Other
trf marlina bayar pesanan kangkung,Transfer,IN,377500.0,Revenue
Invoice INV-2025/3313 Toko Andalan Karya paid,Invoice,IN,75000.0,Revenue
Uang cash pengeluaran lain tgl 22,Cash,OUT,320000.0,Other
bayar kekurangan sayur dan bawang ud abadi group,Transfer,OUT,245000.0,COGS
adjustment nt-6704,Transfer,OUT,21000.0,Other
Uang lemubr Wulan no.NT-840,QRIS,OUT,2848500.0,Operating_Expense
ANGS KUR BNI BULAN 8 PERIODE MEI,Bank_Mutation,OUT,16500000.0,Financing
TRSF KELUAR CICILAN KRD MDL KERJA BANK SUTLRA,Bank_Mutation,OUT,400000.0,Financing
Cash belanja vernis dan kayu jati,Cash,OUT,800000.0,COGS
cicilan kredit modal kerja permata,Invoice,OUT,240000.0,Financing
QRIS MERCHANT PMBELIAN PACK CUP SEALER,QRIS,OUT,27000.0,COGS
Pembayaran perawatan rambut 3x,QRIS,IN,2200000.0,Revenue
M-banking masuk unknown trx #94056,Transfer,IN,110000.0,Other
Angs pinjaman KSP Mitra Usaha ke-10,Cash,OUT,6000000.0,Financing
KR OTOMATIS 1101/FTSKN/WS86963 SETOR PENDAPATAN HARIAN KE BANK 3900000.00,Bank_Mutation,IN,3900000.0,Transfer_Internal
setoran tunai teller muamalat,Cash,OUT,16000000.0,Transfer_Internal
Potongan komisi GrabFood,Cash,OUT,7000.0,Operating_Expense
Bayar tukang perbaikan kompor,Cash,OUT,614600.0,Operating_Expense
bayar tenun scan QRIS,QRIS,IN,60000.0,Revenue
tunai bayar spp anak,Cash,OUT,9000000.0,Other
SERVIS MOTOR PRIBADI,Cash,OUT,5000000.0,Other
Bayar QRIS ekspedisi bahan baku agen Ridwan (usaha laundry),QRIS,OUT,850000.0,COGS
Sewa loundry periode Oktober,Transfer,OUT,8500000.0,Operating_Expense
slip setoran Mandiri L483542,Invoice,OUT,450000.0,Transfer_Internal
Biaya kebersihan toko,Cash,OUT,190000.0,Operating_Expense
kas: prive sepember,Cash,OUT,70000.0,Other
Pendapatan Tokopedia minggu ke-2,Transfer,IN,2230000.0,Revenue
trsf sisihkan dana ke tabungan usaha Permata,Transfer,OUT,4500000.0,Transfer_Internal
angs pinjaman kur bri ke-3,Transfer,OUT,4400000.0,Financing
bayar paket nasi box pesanan syukuran CV Wangi Motor,Transfer,IN,1000000.0,Revenue
DEBET CICILAN KSP MITRA USAHA,Bank_Mutation,OUT,550000.0,Financing
prive september,Transfer,OUT,25000.0,Other
bayar 07/02 pindah dana rek BRI ke saldo LinkAja usaha,Bank_Mutation,OUT,2415300.0,Transfer_Internal
SUNTIKAN DANA MITRA TONO JAYA,Bank_Mutation,IN,17600000.0,Financing
belanja bibit cabai dan pupuk urea,Cash,OUT,12000.0,COGS
Belanja pribadi 15 Jan,Transfer,OUT,21500.0,Other
uang masuk ?,Transfer,IN,9000.0,Other
Nota 8542 bayar angsuran ke petugas KUR BNI,Invoice,OUT,1430000.0,Financing
inv #5951 tagihan grosir mandiri so/05/232 bahan produksi no so/05/232,Invoice,OUT,11500000.0,COGS
ONGKOS PENGERJAAN KOPI CATERING ACARA A.N LESTARI LESTARI,Transfer,IN,17000.0,Revenue
DB SWITCHING 2108/LLG/WS73086 bayar angsuran ke petugas PNM ULaMM,Bank_Mutation,OUT,13000000.0,Financing
trf masuk pelanggan sukri (kelapa),Transfer,IN,550100.0,Revenue
Trf cetak dus ukuran M bermerk,Transfer,OUT,3400000.0,COGS
DEBET PMBRN BERAS KE PT REZEKI SURYA,Bank_Mutation,OUT,9700000.0,COGS
nota penjualan po5103 suryani,Invoice,IN,3720000.0,Revenue
Cicil pinjaman koperasi Jun,Transfer,OUT,4030000.0,Financing
DB SWITCHING MUTASI KELUAR KE TABUNGAN DANA CADANGAN,Bank_Mutation,OUT,130000.0,Transfer_Internal
by ATM bulanan Bank Sultra,Transfer,OUT,500000.0,Operating_Expense
selisih kas tgl 5,Cash,IN,11000.0,Other
TERIMA TRF PENGEMBALIAN UANG TGL 7,Transfer,IN,3900000.0,Other
penerimaan jasa antar sembako bu wahyu,Cash,IN,360000.0,Revenue
cash kulakan pestisida 5 liter,Cash,OUT,800000.0,COGS
BI-FAST pmbyrn daging sapi ke agen Suryani Juli,Transfer,OUT,4678600.0,COGS
pembayaran bahan baku tepung terigu - agen dedi,Cash,OUT,23400000.0,COGS
Bhn baku kain tenun Juni 2025,Transfer,OUT,24000.0,COGS
QRIS pulsa ops Rp1.850.000,QRIS,OUT,1850000.0,Operating_Expense
pindahkan uang laci ke kas besar 25/08 (oktober 2025),Cash,OUT,84000.0,Transfer_Internal
KR OTOMATIS 426469 dana masuk dari Danamon 340rb a.n Dewi Ramadhan,Bank_Mutation,IN,340000.0,Financing
Kas: karcis pasar 25/01/26 (kebun),Cash,OUT,6000.0,Operating_Expense
TRF LLG CR TARIK SALDO SHOPEEPAY MILIK USAHA,Bank_Mutation,IN,14000000.0,Transfer_Internal
TT MASUK 420279 HERMAN TF 69RB,Bank_Mutation,IN,69000.0,Revenue
kacris pasar 8 sep 2025 a.n bahar,Cash,OUT,355000.0,Operating_Expense
TRSF E-BANKING CR 2603/FTSKN/WS11578 PENARIKAN SALDO PENJUAL GRABFOOD TGL 5-07-2025,Bank_Mutation,IN,3200000.0,Revenue
TT MASUK TF ANTAR RKG MILIK SENDIRI,Bank_Mutation,IN,6688300.0,Transfer_Internal
cicialn kredit modal kerja Danamon,Invoice,OUT,190000.0,Financing
AUTODEBET PAKET DATA TELKOMSEL ORBIT,Bank_Mutation,OUT,235000.0,Operating_Expense
DEBET 804523 BAYAR SPP ANAK,Bank_Mutation,OUT,46000.0,Other
trf beli biji kopi 10 kg utk stok,Transfer,OUT,2000000.0,COGS
faktur pembelian tinta printer agen lina no.9593,Invoice,OUT,1313900.0,COGS
TT MASUK PENCAIRAN KREDIT MODAL KERJA KUR MANDIRI,Bank_Mutation,IN,17000000.0,Financing
Bayar tukang perbaikan kompresor,Cash,OUT,2100000.0,Operating_Expense
settlement qris 20 feb 2026,QRIS,IN,40000.0,Revenue
Pmb QRIS dr Sumarni utk brownies,QRIS,IN,23000.0,Revenue
transaksi tidak dikenal - 1909,Transfer,OUT,292000.0,Other
scan qris bayar kekurangan stock alat tulis agen yunus,QRIS,OUT,14000000.0,COGS
Uang tunai bayar asisten bulan September Rp135.000 bln September,Cash,OUT,135000.0,Operating_Expense
Nota L566029 masuk Rp38.500 Jan,Invoice,IN,38500.0,Other
DP swa lapak usaha anyaman no 7105,Transfer,OUT,488500.0,Operating_Expense
TT MASUK 08/07 PENDAPATAN PESANAN ACARA KANTOR DESA RIZAL,Bank_Mutation,IN,18700000.0,Revenue
AMBIL PRIBADI PEMILIK,Cash,OUT,4100000.0,Other
Frieght stock CV Prima,Invoice,OUT,25000.0,COGS
M-BANKING MASUK PELANGGAN MAS MARLINA LUNAS,Transfer,IN,240000.0,Revenue
TRSF CR SETORAN TUNAI TELLER CIMB NIAGA 5000000.00,Bank_Mutation,IN,5000000.0,Transfer_Internal
TRF LLG CR 0908/LLG/WS19463 BAYAR PESANAN KAOS 10 1 LUSIN ASWIN PURNAMA,Bank_Mutation,IN,1000000.0,Revenue
SETOR CASH KE REK USAHA 24/08/26,Bank_Mutation,IN,186000.0,Transfer_Internal
QRIS penyesuaian akhir bulan bulan Juni,QRIS,OUT,600000.0,Other
TRANSFER KELUAR 585283 PAJAK BUNGA TABUNGAN PERMATA,Bank_Mutation,OUT,19100.0,Other
TRF LLG DB 05/08 TF SUP TOKO WANGI ORDER #89292,Bank_Mutation,OUT,433000.0,COGS
invoice supplier agen made jatuh tempo 1-06-2025,Invoice,OUT,11852000.0,COGS
SETORAN 14/04 PENCAIRAN PEMBIAYAAN KOPERASI TANI MAKMUR UNTUK MODAL USAHA,Bank_Mutation,IN,32000000.0,Financing
SETOR KAS PNJUALAN KE PERMATA NO.P193388,Cash,OUT,4850000.0,Transfer_Internal
DP PESANAN CABAI DR SAHARUDDIN,Transfer,IN,390000.0,Revenue
QR transaksi tidak diknal,QRIS,IN,4300000.0,Other
CR SWITCHING 25/05 ANGPAO BUKA PUASA BERSAMA NO.INV-2025/2545 100000.00,Bank_Mutation,IN,100000.0,Other
Tf dr rek sediri 170rb,Transfer,IN,170000.0,Transfer_Internal
KAS: BIAYA EDC JUNI 2026,Cash,OUT,90000.0,Operating_Expense
"Nota PO1100 dana masuk Rp4,3jt - 2502",Invoice,IN,4300000.0,Other
TF BAYAR SPP ANAK (OKTOBER),Transfer,OUT,76000.0,Other
invoice 3873 penjualan tepung kepada pelanggan darmin - 11 okt,Invoice,IN,16000000.0,Revenue
Kesalahan input NT-7350,Cash,IN,220000.0,Other
Pesanan katering Toko Sinar Rezeki acara syukuran,Transfer,IN,14000000.0,Revenue
tambah stok cup plastik dan tutup 2 sleeve,Transfer,OUT,100000.0,COGS
Cust bayar cuci bed cover pakai QRIS DANA,QRIS,IN,34000.0,Revenue
pembelian barang dagang Maret 2025,Invoice,OUT,18400000.0,COGS
bayar QRIS unnkown trx F-371,QRIS,IN,41000.0,Other
TRSF E-BANKING CR 970192 DROPPING BANK SULTRA,Bank_Mutation,IN,35500000.0,Financing
KR OTOMATIS 16/09 PMBYRN IBU AINUN KE REK USAHA PLASTIK GROSIR 07/04,Bank_Mutation,IN,40000.0,Revenue
kas: hasil dagang 20 Mar 2026,Cash,IN,70000.0,Revenue
Trf perpanjang sewa 3 bln,Transfer,OUT,910000.0,Operating_Expense
Bayar bagi hasil pembiayaan Pegadaian,Transfer,OUT,3200000.0,Financing
UPAH BASRI MINGGU 4,Bank_Mutation,OUT,1300000.0,Operating_Expense
refund masuk f-583,Invoice,IN,4600000.0,Other
Trf ke ShopeePay usaha sendiri,Transfer,OUT,950000.0,Transfer_Internal
qr pembayaran agen wangi 04/10,QRIS,OUT,18200000.0,COGS
Token listrik toko SO/08/329 a.n Hasan Ramadhan,Transfer,OUT,31000.0,Operating_Expense
tunai hasil jualan mie ayam sore ini,Cash,IN,600000.0,Revenue
Bayar cash belanja solar perahu pagi 0112,Cash,OUT,700000.0,COGS
Bayar SPP anak no.SO/02/808,Cash,OUT,60000.0,Other
NOTA SO/04/306 MAINTENANCE TIMBANGAN DIGITAL BULANAN,Invoice,OUT,1550000.0,Operating_Expense
HADIAH UNDIAN,Cash,IN,3550000.0,Other
PAYMENT 01/05 TARIK TUNAI 4540000,Bank_Mutation,OUT,4540000.0,Transfer_Internal
BI-FAST CR 14/03 SETORAN TUNAI TELLER BCA (BULAN DESEMBER),Bank_Mutation,IN,165000.0,Transfer_Internal
qr stok paper bag 20 pcs,QRIS,OUT,49000.0,COGS
TRF BELANJA BAHAN HARIAN MINYAK GORENG & KOPI BUBUK,Transfer,OUT,13000.0,COGS
AUTODEBET AMBIL UANG DI ATM UTK KAS USAHA 145000.00,Bank_Mutation,OUT,145000.0,Transfer_Internal
STOK KOTAK NASI 6 BUAH,QRIS,OUT,471000.0,COGS
AUTODEBET 27/05 SMARTFREN AGU,Bank_Mutation,OUT,50000.0,Operating_Expense
CR SWITCHING 534639 SETORAN TUNAI,Bank_Mutation,IN,7000000.0,Transfer_Internal
PAYMENT 636367 TRANSFER KE TABUNGAN USAHA PERMATA,Bank_Mutation,OUT,1000000.0,Transfer_Internal
TRANSFER MASUK TRANSFER MASUK TANPA NAMA PENGIRIM,Bank_Mutation,IN,250000.0,Other
Tunai beli kertas foto 5 pak utk stok,Cash,OUT,50000.0,COGS
Unknown trx NT-7133,Transfer,OUT,3610000.0,Other
BAYAR QRIS INFAQ MASJID,QRIS,OUT,2750000.0,Other
perawatan rutin mesin kasir,Transfer,OUT,1900000.0,Operating_Expense
TRANSFER KELUAR SOLAR PICKUP OPERASIONAL,Bank_Mutation,OUT,15900.0,Operating_Expense
nota pemindahan dana antar kas F-614,Invoice,IN,2296900.0,Transfer_Internal
pindah dana rek danamon ke rek cimb niaga usaha,Transfer,IN,1300000.0,Transfer_Internal
TRSF E-BANKING DB GAJIAN 2 PEGAWAI LOUNDRY TGL 4 MEI,Bank_Mutation,OUT,450000.0,Operating_Expense
Sewa lapak pasar bln Oktober,Transfer,OUT,3693300.0,Operating_Expense
CASH PENYETORAN HASIL DAGANG KE REKENING USAHA,Cash,OUT,8000000.0,Transfer_Internal
uang keluar tanpa nota (depot),Cash,OUT,6600.0,Other
Kembalikan pnjmn ke Hasrul Purnama,Cash,OUT,2900000.0,Financing
TF KELUAR NELAYAN INDRA 430.000,Bank_Mutation,OUT,430000.0,COGS
listrik kios ikan segar 14/07,Cash,OUT,280000.0,Operating_Expense
Tunai bayar sampah September 2025,Cash,OUT,600000.0,Operating_Expense
PAYMENT AMBIL UANG DI ATM UTK KAS USAHA,Bank_Mutation,OUT,2900000.0,Transfer_Internal
QRIS merchant transport antar pesanan La Ode Ahmad Kurniawan,QRIS,OUT,15000.0,Operating_Expense
tarik cash bri rp550rb,Cash,IN,550000.0,Transfer_Internal
PENDAPATAN PESANAN WISUDA SAFITRI,Bank_Mutation,IN,1730000.0,Revenue
ambil uang di atm utk kas usaha no.so/12/697,Cash,IN,6695100.0,Transfer_Internal
CR SWITCHING 04/06 PINDAH DANA REK MANDIRI KE REK PERMATA USAHA,Bank_Mutation,IN,2850000.0,Transfer_Internal
TRANSFER KELUAR 26/06 mutasi keluar ke tabungan dana cadangan - 0906,Bank_Mutation,OUT,500000.0,Transfer_Internal
Pmbelian brg pecah belah untuk kios perdagangan,Cash,OUT,421900.0,COGS
SETORAN PENERIMAAN MODAL MITRA USAHA RIDWAN UTAMI NO #13527,Bank_Mutation,IN,2400000.0,Financing
tarik tunai ATM CIMB Niaga,Cash,IN,134000.0,Transfer_Internal
pindahkan uang laci ke kas besar 9-03-2026 tgl 9-03-2026,Cash,OUT,2700000.0,Transfer_Internal
unknown trx M357418,Transfer,OUT,3300000.0,Other
TT MASUK 773782 setoran kas ke tabungan Permata,Bank_Mutation,IN,3616100.0,Transfer_Internal
tarikan atm cimb niaga,Cash,IN,850000.0,Transfer_Internal
kas: closing kasir 23-01-2026 total penjualan,Cash,IN,230000.0,Revenue
cicil pinj pak nasir bulan agustus,Transfer,OUT,2050000.0,Financing
reward shopeepay,Cash,IN,308900.0,Other
QRIS merchant kado ulang tahun Wa Ode Sari,QRIS,OUT,15000.0,Other
QR TOP UP TOKEN LISTIRK WARUNG MAKAN A.N MARLINA ROSIDI,QRIS,OUT,65000.0,Operating_Expense
QRIS ganti kampas rem,QRIS,IN,50000.0,Revenue
TF upah hrn Aswin,Transfer,OUT,1500000.0,Operating_Expense
tf denda keterlambatan angsuran pegadaian,Transfer,OUT,15000000.0,Financing
AUTODEBET BAYAR GAJI PEGAWAI 4 ORANG,Bank_Mutation,OUT,4310000.0,Operating_Expense
TRSF E-BANKING CR TRANSFER DARI GIRO USAHA KE REKENING DANAMON TGL 23/07 3900000.00,Bank_Mutation,IN,3900000.0,Transfer_Internal
HASIL MAKLON PRODUK 11/05,QRIS,IN,33400.0,Revenue
potong rekening muamalat angsuran,Transfer,OUT,6000000.0,Financing
bongkar muat umpan agen kencana mutiara,Invoice,OUT,100000.0,COGS
TRF LLG DB 14/10 iklan FB ads bln Februari a.n Haji Darmin,Bank_Mutation,OUT,520000.0,Operating_Expense
TT MASUK DANA KEMBALI ORDER DIBATALKAN NT-8154,Bank_Mutation,IN,100000.0,Other
DB SWITCHING 1208/FTFVA/WS40352 STOK BARANG DAGANG BAHAN SERAGAM,Bank_Mutation,OUT,2900000.0,COGS
SETORAN 1006/FTSCY/WS81901 SHOPEEFOOD - DANA PENJUALAN DITERUSKAN 100000.00,Bank_Mutation,IN,100000.0,Revenue
BAYAR TUNAI SITI UTK SNACK ANAK,Cash,IN,600000.0,Revenue
Invoice B505450 servis blender rusak 1406,Invoice,OUT,45500.0,Operating_Expense
INVOICE PENJUALAN AYAM GEPREK MARET (CATERING),Invoice,IN,250000.0,Revenue
TRSF DB PENARIKAN TUNAI TELLER BRI,Bank_Mutation,OUT,900000.0,Transfer_Internal
ongkos kirim pembelian kertas a4,Transfer,OUT,280000.0,COGS
KRM PMBYRN AKI KE AGEN HASRUL,Transfer,OUT,745000.0,COGS
QRIS merchant ambil pribadi pemilik,QRIS,OUT,120000.0,Other
kirim belanja bahan harian lem kayu & bambu,Transfer,OUT,879300.0,COGS
IKLAN SHOPEE ADS NOVEMBER 2025,Bank_Mutation,OUT,149700.0,Operating_Expense
transfer pembayaran grosir anugerah 10 sep tgl 10 sep,Transfer,OUT,2900000.0,COGS
Setor cash ke rek usaha 6 Nov 2025,Cash,OUT,200000.0,Transfer_Internal
PENCAIRAN DANA PJL SHOPEEFOOD,Bank_Mutation,IN,1220000.0,Revenue
TRF LLG DB 11/03 TARIK TUNAI REKENING USAHA MANDIRI 16000000.00,Bank_Mutation,OUT,16000000.0,Transfer_Internal
ANGSURAN KUR BRI TGL 16 NO INV-2025/4206,Bank_Mutation,OUT,600000.0,Financing
penjualan kopi sachet via qris,QRIS,IN,12000.0,Revenue
qris merchant pembayaran pdam bulan september,QRIS,OUT,100000.0,Operating_Expense
QRIS iuran RT Maret,QRIS,OUT,32500.0,Other
TRF LLG CR MDL MASUK DARI IBU NUR BAGI HASIL,Bank_Mutation,IN,1900000.0,Financing
TRSF DB MARGIN PEMBIAYAAN BMT AL-AMIN JUL,Bank_Mutation,OUT,110000.0,Financing
kado ulang tahun ilham ramadhan,Transfer,OUT,800000.0,Other
Pembayaran mie instan dr Toko Jaya Sumber Baru via Muamalat,Transfer,IN,3100000.0,Revenue
hasil dagang 13-08-2025 13-08-2025,Cash,IN,270000.0,Revenue
belanja coklat blok dan gula halus,QRIS,OUT,290000.0,COGS
TRSF KELUAR LANGGANAN NOTION JAN,Bank_Mutation,OUT,9500.0,Operating_Expense
faktur 5875 biaya listrik dan air oktober 2025 oktober 2025,Invoice,OUT,1700000.0,Operating_Expense
bayar tukang perbaikan laptop kerja,Transfer,OUT,80000.0,Operating_Expense
arisan RT periode Feb,Transfer,OUT,25000.0,Other
Transfer denda parkir - 4-09-2026,Transfer,OUT,299000.0,Other
dana masuk dari rekening sendiri,Transfer,IN,350000.0,Transfer_Internal
Bonus asisten,Cash,OUT,380000.0,Operating_Expense
jual paket nasi box cash 4 pcs,Cash,IN,38000.0,Revenue
sumbangan haajtan nila amir,Transfer,OUT,58000.0,Other
tunai pendapatan harian toko pakaian 1 Agu,Cash,IN,26000.0,Revenue
transfer angsuran KUR BTN bulan 1,Transfer,OUT,6000000.0,Financing
tambah stock daun pandan anyam 10 ikat (jul),QRIS,OUT,250000.0,COGS
TRF KE REK CIMB NIAGA A.N USAHA SENDIRI,Bank_Mutation,OUT,133000.0,Transfer_Internal
TRF LLG CR 09/12 UNKNOWN TRX #77584,Bank_Mutation,IN,350000.0,Other
TRF LLG CR INVESTASI PAK AKBAR UNTUK USAHA USAHA PERIKANAN DESEMBER,Bank_Mutation,IN,1100000.0,Financing
TRF LLG DB 1401/FTSCY/WS61782 HUTANG DAGANG AGEN RAHIM LUNAS NO #75980,Bank_Mutation,OUT,820000.0,COGS
belanja cup sealer 20 pcs,QRIS,OUT,29000.0,COGS
transfer dari adik,Cash,IN,1450000.0,Other
pindah dana rek bca ke rek bank sultra usaha,Transfer,IN,500000.0,Transfer_Internal
Terima invoice INV-2026/2831 dr TB Pelangi Pratama,Invoice,IN,5000000.0,Revenue
PAYMENT 137331 biaya provisi kredit BTN,Bank_Mutation,OUT,761300.0,Financing
transfer masuk 25 Mar,QRIS,IN,425000.0,Other
Uang cash pelunasan dipercepat KUR CIMB Niaga,Cash,OUT,4800000.0,Financing
Nota PO5604 tgh grosir Utama E786855 bahan produksi,Invoice,OUT,640000.0,COGS
BI-FAST pembayaran supplier PT Mitra Raha whipped cream,Transfer,OUT,1700000.0,COGS
TRSF E-BANKING DB PENGEMBALIAN DANA 22 NOV 2025 TGL 22 NOV 2025,Bank_Mutation,OUT,65000.0,Other
CR SWITCHING PENCAIRAN SALDO SHOPEE 04/09 04/09,Bank_Mutation,IN,387500.0,Revenue
PENGHASILAN LAZADA PERIODE 11/06/25 11/06/25,Bank_Mutation,IN,490000.0,Revenue
Faktur C679487 lunas order reseller Tono,Invoice,IN,465000.0,Revenue
scan qris transfer keluar 42000 tanpa catatan,QRIS,OUT,42000.0,Other
Trf masuk Shopee - dana pnjualan diteruskan no.F-603,Transfer,IN,70000.0,Revenue
TRSF CR SETOR KAS PENJUALAN KE MUAMALAT TGL 1 JAN,Bank_Mutation,IN,1330000.0,Transfer_Internal
terima trf titipan cust belum jelas,Transfer,IN,5400000.0,Other
Invoice jasa sewa barista pelanggan Nurul NT-4534,Invoice,IN,1500000.0,Revenue
pencairan pembiayaan KUR BRI untuk modal usaha,Transfer,IN,4900000.0,Financing
tf angsuran pinjaman mdl ke kak salma,Transfer,OUT,11800000.0,Financing
BELI BARANG DAGANGAN GULA PASIR DR GROSIR,Cash,OUT,55000.0,COGS
cash restock krim facial,Cash,OUT,900000.0,COGS
SETTLEMENT QRIS TGL 24,QRIS,IN,40000.0,Revenue
penerimaan kas penjualan cetak undangan 6-08-2025,Cash,IN,100000.0,Revenue
PEMBAYARAN 11/10 IURAN RT FEBRUARI 35000.00,Bank_Mutation,OUT,35000.0,Other
kirim denda ketrlambatan angsuran kur bsi,Transfer,OUT,490000.0,Financing
Kas: modal belanja umpan 10,Cash,OUT,225000.0,COGS
Bayar cash karcis pasar 24 Feb 2026,Cash,OUT,20000.0,Operating_Expense
Cust bayar servis motor pakai QRIS LinkAja ref B97732,QRIS,IN,200000.0,Revenue
nota belanja ikan dari nelayan Grosir Surya a.n Yanti,Invoice,OUT,1700000.0,COGS
biaya layanan GrabFood April,Transfer,OUT,190000.0,Operating_Expense
TRF LLG DB SERVIS MESIN CUCI RUSAK 15/06,Bank_Mutation,OUT,74000.0,Operating_Expense
TRANSFER BAYAR CV NUSANTARA U/ VINYL STIKER,Transfer,OUT,23203800.0,COGS
modal masuk dari Fitri Ndoke bagi hasil,Transfer,IN,3770000.0,Financing
Dana BNI 8 Feb 2026 periode Sep,Transfer,IN,18508200.0,Financing
KREDIT 472932 trsf antar rekening sendiri CIMB Niaga-BTN,Bank_Mutation,IN,24600000.0,Transfer_Internal
Transfer nelayan Aswin #81981 (Oktober),Transfer,OUT,8000000.0,COGS
ambil tunai dr rek Bank Sultra usaha,Cash,IN,630000.0,Transfer_Internal
pindah buku BCA ke BNI sendiri (bakery rumahan),Bank_Mutation,OUT,397000.0,Transfer_Internal
invoice supplier agen saharuddin jatuh tempo 0307 periode des,Transfer,OUT,16000000.0,COGS
AUTODEBET LANGGANAN ADOBE PERIODE JUN - TGL 26,Bank_Mutation,OUT,750000.0,Operating_Expense
Penjualan cuci karpet via QRIS tgl 15/01/25,QRIS,IN,145000.0,Revenue
Transfer ke GoPay usaha sendiri no PO4062,Transfer,OUT,307000.0,Transfer_Internal
BI-FAST bayar tagihan bulanan Telkomsel,Transfer,OUT,590000.0,Operating_Expense
Bayar hutang modal Bu Aswin,Transfer,OUT,1750000.0,Financing
kirim ke rekening sendiri cimb niaga,Transfer,OUT,8600000.0,Transfer_Internal
PEMBELIAN KEMASAN BOX KUE,Transfer,OUT,1200000.0,COGS
transfer antar rekening sendiri bsi-bri,Transfer,OUT,165000.0,Transfer_Internal
BI-FAST CR MUTASI MASUK DARI TABUNGAN USAHA PERMATA REF 281Z228,Bank_Mutation,IN,1900000.0,Transfer_Internal
tunai beli telur dr agen Wa Ode Sari,Cash,OUT,800000.0,COGS
TRANSFER MASUK 17/03 SETOR RP 15.500.000,Bank_Mutation,IN,15500000.0,Transfer_Internal
PEMBAYARAN 920285 RETUR DANA KE PEMBELI NT-9774,Bank_Mutation,OUT,170000.0,Other
tagihan agen haerul f-582 bahan produksi,Invoice,OUT,1000000.0,COGS
kas: kulakan tepung terigu 5 zak,Cash,OUT,80000.0,COGS
ongkir ojek online pesanan k542179 18 jul,Cash,OUT,200000.0,Operating_Expense
TRSF E-BANKING DB 593222 UANG SWA TEMPAT KE AINUN ROSIDI REF 56103709 415000.00,Bank_Mutation,OUT,415000.0,Operating_Expense
kas: beli brg dagangan benang jahit dr grosir,Cash,OUT,250000.0,COGS
PRIVE PERIODE NOV,Bank_Mutation,OUT,320000.0,Other
trf masuk tarik saldo OVO usaha ke rekening Mandiri,Transfer,IN,3150000.0,Transfer_Internal
QRIS MEJA 6 MINUMAN DINGIN,QRIS,IN,110000.0,Revenue
bayar gaji pegawai 8 orang,Cash,OUT,370000.0,Operating_Expense
bayar air nov,Transfer,OUT,207000.0,Operating_Expense
KESALAHAN INPUT INV-2025/3118,Bank_Mutation,OUT,6000.0,Other
BAYAR 11/05 BELANJA STOK KOPI BUBUK KE AGEN TIARA NO.PO7972,Bank_Mutation,OUT,650000.0,COGS
TRANSFER KELUAR BY PROVISI KREDIT BNI,Bank_Mutation,OUT,700000.0,Financing
beli brg dagang benang tenun dr grosir (galeri kerajinan),Transfer,OUT,13000000.0,COGS
TRSF CR TRF MASUK DR ILHAM LAKORO,Bank_Mutation,IN,2250000.0,Revenue
KREDIT setor kas usaha ke rekening,Bank_Mutation,IN,3700000.0,Transfer_Internal
pembayaran qris bayar cicilan 8jt (galeri kerajinan),QRIS,OUT,8000000.0,Financing
DB SWITCHING 17/02 tf BCA ke BNI Rp 8.000.000 (November),Bank_Mutation,OUT,8000000.0,Transfer_Internal
invoice #87248 penjualan kemeja kepada nurul no.#87248,Invoice,IN,15500000.0,Revenue
PDAM JANUARI,Cash,OUT,1000000.0,Operating_Expense
QR uang keluar tanpa nota (jasa digital),QRIS,OUT,25000.0,Other
TRF LLG DB 12/06 EKSPEDISI BAHAN BAKU UD BERKAH 2110000.00,Bank_Mutation,OUT,2110000.0,COGS
SETORAN 774668 MODAL KEMITRAAN ALFIAN WIJAYA,Bank_Mutation,IN,14000000.0,Financing
PEMBAYAAN TARIK TUNAI UTK KAS KECIL 7700000.00,Bank_Mutation,OUT,7700000.0,Transfer_Internal
bayar hutang modal kak nasir,Transfer,OUT,2100000.0,Financing
krm endorse selebgram lokal,Transfer,OUT,256000.0,Operating_Expense
QRIS mecrhant pindah dana rek BCA ke saldo LinkAja usaha,QRIS,OUT,700000.0,Transfer_Internal
TRF BELANJA BAMBU DAN KAYU JATI,Transfer,OUT,242000.0,COGS
penerimaan nt-2577 no.nt-2577,Cash,IN,41000.0,Other
Faktur pembelian minyak goreng PT Sinar Baubau,Invoice,OUT,185000.0,COGS
debet otomatis tidak dikenal (februari),Transfer,OUT,150000.0,Other
Biznet 90k,Transfer,OUT,90000.0,Operating_Expense
KREDIT 531317 SETOR CASH KE REK USAHA TGL 28,Bank_Mutation,IN,180000.0,Transfer_Internal
Invoice PO8073 perbaikan mesin cuci,Invoice,OUT,222000.0,Operating_Expense
serah terima kas antar shift sore,Cash,IN,100000.0,Transfer_Internal
SETORAN 1201/LLG/WS92026 PENCAIRAN PEMBIAYAAN MURABAHAH PERMATA,Bank_Mutation,IN,12000000.0,Financing
FAKTUR 9512 BUNGA KREDIT BRI AGU,Invoice,OUT,520000.0,Financing
QRIS merchant pendapatan jasa isi token,QRIS,IN,20000.0,Revenue
BI-FAST sumbangan acara kampung tgl 0403,Transfer,OUT,6500.0,Other
listrik rumah pribadi periode Des,Cash,OUT,56700.0,Other
Tunai cicilan KUR BSI,Cash,OUT,1150000.0,Financing
THR krywn periode Mar,Cash,OUT,1700000.0,Operating_Expense
QR uang masuk ? - 1701,QRIS,IN,1950000.0,Other
pbl grosir kemeja 12 pcs,Transfer,OUT,16000.0,COGS
Setoran ags Rp33.000.000,Transfer,OUT,33000000.0,Financing
Cash snack anak 8 porsi a.n Basri Hamzah,Cash,IN,1450000.0,Revenue
"UD Maju bayar Rp2,2jt",QRIS,IN,2200000.0,Revenue
Pembayaran pokok pinjaman KUR BNI,Transfer,OUT,2500000.0,Financing
TRSF DB 19/12 TARIK TNAI REK USAHA BRI,Bank_Mutation,OUT,1200000.0,Transfer_Internal
"Transfer kemasan mika kue habis, beli 6 buah",Transfer,OUT,790000.0,COGS
PEMBAYARAN 25/12 TRANSFER KE CV KARYA,Bank_Mutation,OUT,11726000.0,COGS
Order partai foto produk dari PT Bahari Konawe,Transfer,IN,6000000.0,Revenue
qris kasir shift 3,QRIS,IN,205000.0,Revenue
TRSF BAYAR KEKURANGAN BAHAN PENGAWET IKAN DEPOT CAHAYA,Transfer,OUT,29600000.0,COGS
infaq majsid,Transfer,OUT,8000000.0,Other
Trf ke agen Irfan pembelian busi,QRIS,OUT,151400.0,COGS
faktur inv-2026/5448 bayar angsuran ke petugas pnm mekaar,Invoice,OUT,3850000.0,Financing
Nota #35077 bayar tukang perbaikan lampu toko,Invoice,OUT,2500000.0,Operating_Expense
cashback OVO,Cash,IN,436700.0,Other
setoan angs 13.300.000,Cash,OUT,13300000.0,Financing
DB SWITCHING 18/07 PMBYRN KABEL DAN COLOKAN KE GROSIR SINAR 165000.00,Bank_Mutation,OUT,165000.0,COGS
CR 76346907 tanpa keterangan ref 76346907,Cash,IN,5000.0,Other
PAYMENT 552905 ags KSP Bina Sejahtera 12 Jan 2026 tgl 12 Jan 2026 3200000.00,Bank_Mutation,OUT,3200000.0,Financing
TF BAYAR SUPPLIER PASAR LAMA UNAAHA STANDING POUCH KEMASAN,Transfer,OUT,20500000.0,COGS
belanja kotak nasi 3 pcs,Cash,OUT,1500000.0,COGS
cicilan ksp bina sejahtera no #11979,Cash,OUT,11500000.0,Financing
Tf dari rek sediri 650rb,Transfer,IN,650000.0,Transfer_Internal
"BAHAN MANIK-MANIK HABIS, BELI LAGI 2 KG",Cash,OUT,316000.0,COGS
kalibrasi AC,Cash,OUT,427000.0,Operating_Expense
cash pembelian barang dagang bulan oktober,Cash,OUT,350000.0,COGS
TRSF E-BANKING CR PINDAH BUKU DARI CIMB NIAGA KE BCA SENDIRI,Bank_Mutation,IN,120000.0,Transfer_Internal
Angsuran kredit Muamalat April 2025 (April 2025),Transfer,OUT,19000000.0,Financing
JUAL SERVIS BESAR CASH 3 PCS,Cash,IN,25000.0,Revenue
Hasil QRIS 17 Feb,QRIS,IN,25000.0,Revenue
Dana titipan 10.100.000,Transfer,IN,10100000.0,Other
qris sagu lempeng a.n irfan purnama,QRIS,IN,9500.0,Revenue
m-banking iuran arisan keluarga (bulan mei),Transfer,OUT,7200.0,Other
Fadli transfer pembayaran 2 kue lapis,Bank_Mutation,IN,44000.0,Revenue
trf THR krywn Okober,Transfer,OUT,225000.0,Operating_Expense
pajak bunga tabungan danamon,Cash,OUT,25000.0,Other
terima trf tarik saldo shopeepay usaha ke rekening mandiri,Transfer,IN,14000000.0,Transfer_Internal
servis blender rusak 0707,Cash,OUT,3400000.0,Operating_Expense
TRSF DB BUNGA KREDIT PERMATA NOVEMBER 2025,Bank_Mutation,OUT,155000.0,Financing
MDL AWAL KASIR 28 JAN 2025,Cash,IN,900000.0,Transfer_Internal
BI-FAST DB 758961 BIAYA CETAK NOTA NO P315302 120000.00,Bank_Mutation,OUT,120000.0,Operating_Expense
Spanduk promo depot,Transfer,OUT,1200000.0,Operating_Expense
DEBET DP ORDER BUSI KE AGEN NILA A.N WAHYU HALIM,Bank_Mutation,OUT,364900.0,COGS
KR OTOMATIS 1109/BIFAST/WS92279 MUTASI MASUK DARI TABUNGAN USAHA DANAMON REF 477X152,Bank_Mutation,IN,7000000.0,Transfer_Internal
Terima trf bayar Zulkifli bln Mei ref 459Y909,Transfer,IN,1850000.0,Revenue
trf masuk salma lunas 2809 desember,Transfer,IN,7000000.0,Revenue
Pndah buku Bank Sultra ke CIMB Niaga sendiri (bengkel),Transfer,OUT,3700000.0,Transfer_Internal
Inv #29885 ATK kantor usaha dagang tgl 01/12/25,Invoice,OUT,14000.0,Operating_Expense
setor pendapatan hrn ke bank,Cash,OUT,1914100.0,Transfer_Internal
bi-fast kalibrasi kulkas,Transfer,OUT,4200000.0,Operating_Expense
TT MASUK 21/02 DROPPING PNM MEKAAR,Bank_Mutation,IN,16000000.0,Financing
trsf belanja barang dagang grosir Kencana,Transfer,OUT,16809500.0,COGS
cash perawatan rutin dryer,Cash,OUT,1409800.0,Operating_Expense
BI-FAST CR DANA DANAMON 1511 NO F-948,Bank_Mutation,IN,2550000.0,Financing
KREDIT 568911 KREDIT USAHA CAIR BNI,Bank_Mutation,IN,12000000.0,Financing
BI-FAST DB BAYAR SEWA TEMPAT USAHA APRIL 1300000.00,Bank_Mutation,OUT,1300000.0,Operating_Expense
nota 9616 penutupan pinjaman kur bsi #84941,Invoice,OUT,11400000.0,Financing
QRIS merchant warung kelontong mie instan,QRIS,IN,25000.0,Revenue
PDAM SEP,Transfer,OUT,1866200.0,Operating_Expense
ongkos maklon produk saldi,Cash,IN,3280000.0,Revenue
Trf modal belanja telur 8,Transfer,OUT,470000.0,COGS
Nota #55017 fee aplikasi kasir bulan April,Invoice,OUT,3000000.0,Operating_Expense
KR OTOMATIS dana salah tf masuk SO/09/362 (salon muslimah),Bank_Mutation,IN,100000.0,Other
Gaji karyawan Juni,Transfer,OUT,2900000.0,Operating_Expense
DB SWITCHING KOMISI TIKTOK SHOP ORDER NT-6304,Bank_Mutation,OUT,18000.0,Operating_Expense
M-banking pelunasan nota Agen Kencana Kolaka PO9783,Transfer,OUT,1100000.0,COGS
uang tunai cair krd mdl kerja bpr sultra madniri,Cash,IN,21000000.0,Financing
trf masuk plg Pak Hendra lunas tgl 23/09,Transfer,IN,60000.0,Revenue
BI-FAST maintenance mesin espresso bulanan,Transfer,OUT,300000.0,Operating_Expense
cetak cup plastik 16oz bermerk,Transfer,OUT,50000.0,COGS
refund order batal a556214 - 18 agu,Transfer,OUT,530000.0,Other
tunai pengembalian dana 06/06,Cash,OUT,21000.0,Other
cash dana pihak ketiga belum teridentifikasi,Cash,IN,1600000.0,Other
invoice nt-3897 pjl topi anyaman kepada kasmiati,Invoice,IN,1043800.0,Revenue
BI-FAST DB 25/02 trf PNM Mekaar Rp 2.500.000,Bank_Mutation,OUT,2500000.0,Financing
TRF LLG CR SETOR TNAI KE REKENING BTN 1370000.00,Bank_Mutation,IN,1370000.0,Transfer_Internal
AUTODEBET BIAYA ADMIN RKG USAHA JANUARI,Bank_Mutation,OUT,2100000.0,Operating_Expense
lestari transfer byr 4 sabun cuci,Transfer,IN,461900.0,Revenue
qr autodebet angsuran koperasi tani makmur - tgl 2,QRIS,OUT,4200000.0,Financing
Kas: uang kembalian dr bank BNI,Cash,IN,1710000.0,Transfer_Internal
KR OTOMATIS 1804/FTSKN/WS62816 PEMBYRN JAGUNG DARI SRI RAMADHAN VIA BSI,Bank_Mutation,IN,2100000.0,Revenue
Bayar cash ags pnjmn mdl ke Vina Ramadhan,Cash,OUT,373100.0,Financing
M-BANKING PERBAIKAN HAIRDRYER,Transfer,OUT,1040000.0,Operating_Expense
penjualan tepung via qris,QRIS,IN,7000.0,Revenue
terima trf pembayaran cabai dari hamdan via mandiri,Transfer,IN,1200000.0,Revenue
QRIS pembelian kemasan styrofoam box,QRIS,OUT,650000.0,COGS
PEMBAYARAN POKOK PEMBIAYAAN PEGADAIAN 10/01,Transfer,OUT,400000.0,Financing
pmb qris beli bhn produksi benih jagung,QRIS,OUT,220000.0,COGS
M-banking uang sewa tempat ke Made Susanto,Transfer,OUT,1000000.0,Operating_Expense
pindah uang dr laci ke brankas ref 170y505,Cash,OUT,900000.0,Transfer_Internal
PENJUALAN 1508 QRIS RIAS PENGATIN,Bank_Mutation,IN,160000.0,Revenue
ANGS PINJ KOPDIT HARAPAN KE-2,Bank_Mutation,OUT,2500000.0,Financing
bayar cash ekspedisi bhn baku pasar baru kolaka 1709,Cash,OUT,31700.0,COGS
TRF LLG CR PENERIMAAN KRD USAHA RAKYAT DANAMON,Bank_Mutation,IN,7900000.0,Financing
biaya administrasi usaha maret,Transfer,OUT,68000.0,Operating_Expense
Tunai ganti komponen mesin kasir,Cash,OUT,600000.0,Operating_Expense
Bayar QRIS sebar leaflet tgl 16,QRIS,OUT,400000.0,Operating_Expense
KR OTOMATIS UANG MUKA TIDAK JELAS PERUNTUKAN,Bank_Mutation,IN,8800000.0,Other
trf Vina Jaya bayar pesanan tas rotan,Transfer,IN,2800000.0,Revenue
uang tnai retribusi lapak 0201 a.n sartika,Cash,OUT,277000.0,Operating_Expense
tarik tunai 169rb (periode Des),Cash,IN,169000.0,Transfer_Internal
bayar bunga pinjaman pnm mekaar desember,Invoice,OUT,19000000.0,Financing
NOTA BELANJA KACANG METE MENTAH AGEN KASMIATI,Invoice,OUT,830000.0,COGS
m-banking masuk laode rumsan utami bayar 7.800.000,Transfer,IN,7800000.0,Revenue
dana kur masuk november,Cash,IN,2400000.0,Financing
uang tunai omzet hari ini 4 mar,Cash,IN,1100000.0,Revenue
DEBET BAYAR KEKURANGAN BENANG JAHIT AGEN ERNI TGL TGL 25,Bank_Mutation,OUT,18000000.0,COGS
CR SWITCHING 544052 MASUK 5000,Bank_Mutation,IN,5000.0,Other
TRANSFER MASUK 865273 refund transaksi tidak jelas no.SO/06/587,Bank_Mutation,IN,34000.0,Other
terima trf dana titipan Rp130.000,Transfer,IN,130000.0,Other
qris selisih kas 02/03,QRIS,OUT,100000.0,Other
TF BAYAR INDIHOME 2.440.000,Transfer,OUT,2440000.0,Operating_Expense
DANA MASUK UNTUK DICEK,Bank_Mutation,IN,15000000.0,Other
SOLAR PICKUP OPERASIONAL - 16/11/25,Cash,OUT,77000.0,Operating_Expense
QRIS MEJA 12 HIASAN DINDING,QRIS,IN,235000.0,Revenue
Servis dryer,QRIS,OUT,30000.0,Operating_Expense
bayar cash omzet hari ini 28-01-2025,Cash,IN,1010000.0,Revenue
setor tunai 340000 (barbershop),Cash,OUT,340000.0,Transfer_Internal
TRF LLG CR 711744 PINDAH SALDO OVO KE REK BTN SENDIRI,Bank_Mutation,IN,125000.0,Transfer_Internal
SETORAN PELANGGAN BAPAK VINA LUNASI TAGIHAN DONAT,Bank_Mutation,IN,1300000.0,Revenue
SETORAN TUNAI REK USAHA BSI,Bank_Mutation,IN,3350000.0,Transfer_Internal
PELUNASAN DIPERCEPAT KUR BTN,Bank_Mutation,OUT,188600.0,Financing
TITPIAN PELANGGAN BELUM JELAS NO.D438953,Transfer,IN,50000.0,Other
Omzet hari ini 23 Jan,Cash,IN,32000.0,Revenue
tf dari rek sendiri 14400000,Transfer,IN,14400000.0,Transfer_Internal
Setor tunai ke rekening Mandiri,Cash,OUT,20000000.0,Transfer_Internal
TRF MASUK TERIMA PINDAHAN DANA DR REK BRI USAHA (MEI),Bank_Mutation,IN,1400000.0,Transfer_Internal
Jual sale psiang cash 2 pcs,Cash,IN,255200.0,Revenue
Upah koki minggu 4 (usaha laundry),Cash,OUT,104700.0,Operating_Expense
uang tunai angsuran ke-10 pinjaman pnm ulamm,Cash,OUT,5600000.0,Financing
PMBYRN LESTARI MALIK KE REK USAHA CUMI,Transfer,IN,65000.0,Revenue
tf arisan RT periode Jun,Transfer,OUT,900000.0,Other
kas: upah jasa rias 18 Jan,Cash,IN,34000.0,Revenue
TRSF CR 1704/LLG/WS29863 INVOICE PENJUALAN KERUPUK IKAN PERIODE JUN 2000000.00,Bank_Mutation,IN,2000000.0,Revenue
hasil penjualan disetor ke bank 8 okt a.n ratih susanto,Cash,OUT,12000000.0,Transfer_Internal
PEMBAYARAN 1106/FTSKN/WS35763 PENUTUPAN PNJMN BPR SULTRA MANDIRI PO4029 600000.00,Bank_Mutation,OUT,600000.0,Financing
bayar sisa pokok pinjaman kur mandiri a.n bapak ilham,Transfer,OUT,38700000.0,Financing
KR OTOMATIS SALDO GRABFOOD MASUK REKENING PENJUALAN ONLINE,Bank_Mutation,IN,5900000.0,Revenue
QRIS kulakan bubuk coklat 3 kg,QRIS,OUT,350000.0,COGS
TRANSFER KELUAR 149791 MDL BELANJA PENGHARUM RUANGAN CUCIAN 2,Bank_Mutation,OUT,71900.0,COGS
Belanja umpan pagi 14 Jun (usaha ikan),Transfer,OUT,115000.0,COGS
TERIMA TRF PINJAMAN DARI WAHYU LAKORO UNTUK MODAL,Transfer,IN,2850000.0,Financing
DANA SALAH TRANSFER MASUK NT-526,Bank_Mutation,IN,1400000.0,Other
BI-FAST gaji karyawan periode Mei,Transfer,OUT,1300000.0,Operating_Expense
qris merchant kirim ke mira - tgl 25,QRIS,OUT,7000000.0,Other
cash beli brg dagang hasil tangkapan dr grosir,Cash,OUT,18000000.0,COGS
BI-FAST CR pembulatan 20-05-2026,Bank_Mutation,IN,5200.0,Other
TRANSFER KELUAR 13/03 STOK LABEL HARGA 2 KG,Bank_Mutation,OUT,600000.0,COGS
Masuk 5861400 - 18-02-2026,Cash,IN,5861400.0,Other
Krm ags KUR CIMB Niaga bln 1,Transfer,OUT,4950000.0,Financing
CR SWITHING 0110/LLG/WS75910 setor tunai ke rekening CIMB Niaga,Bank_Mutation,IN,220000.0,Transfer_Internal
Pelunasan order Rina,Transfer,IN,150000.0,Revenue
TARIK SALDO DANA USAHA KE REKENING BSI,Bank_Mutation,IN,70000.0,Transfer_Internal
Realisasi krd BPR Mitra Kolaka NT-7956,Transfer,IN,3200000.0,Financing
pmbyrn grosir setia barokah ke rek usaha roti manis - 13-11-2025,Transfer,IN,10700000.0,Revenue
uang muka rias pengantin siti,Transfer,IN,130000.0,Revenue
Cash restock es batu,Cash,OUT,475000.0,COGS
Beli coklat blok dari agen Rina,Transfer,OUT,216400.0,COGS
Pembayaran QRIS transport antar psn bu La Ode Ahmad (usaha kue),QRIS,OUT,619100.0,Operating_Expense
tunai uang kembalian dr bank bca,Cash,IN,407400.0,Transfer_Internal
SETORAN MASUK DARI PERMATA KRD,Bank_Mutation,IN,2150000.0,Financing
RESTOCK ETALASE IKAN TONGKOL,Transfer,OUT,11000000.0,COGS
kirim transport antar pesanan Yusuf,Transfer,OUT,60000.0,Operating_Expense
bi-fast bonus irfan,Transfer,OUT,241000.0,Operating_Expense
AUTODEBET SISIHKAN DANA KE TABUNGAN USAHA MANDIRI,Bank_Mutation,OUT,220000.0,Transfer_Internal
KREDIT 0707/FTSCY/WS96857 PENDAPATAN TIKTOK SHOP MINGGU KE-2,Bank_Mutation,IN,4300000.0,Revenue
qris merchant bayar spp anak,QRIS,OUT,5000000.0,Other
TRF LLG DB 809058 SPONSOR EVENT PENGAIAN,Bank_Mutation,OUT,2850000.0,Operating_Expense
ganti oli x3 QRIS a.n Alfian,QRIS,IN,41500.0,Revenue
setor ke rekening muamalat (periode nov),Cash,OUT,5400000.0,Transfer_Internal
BAYAR ANGSURAN KE PETUGAS BPR SULTRA MANDIRI,Bank_Mutation,OUT,1600000.0,Financing
Karcis pasar 8 Des 2025,Cash,OUT,8000.0,Operating_Expense
M-banking masuk uang muka tidak jelas peruntukan,Transfer,IN,4200000.0,Other
QRIS CETAK BROSUR 200 LEMBAR - 6 MAR,QRIS,OUT,22000.0,Operating_Expense
PEMBAYARAN by lain-lain,Bank_Mutation,OUT,450000.0,Other
TRF LLG DB GROSIR CAHAYA 19JT REF R29549,Bank_Mutation,OUT,19000000.0,COGS
Terima trf penaciran KUR BNI,Transfer,IN,21000000.0,Financing
QRIS ONGKIR KURIR TK PEANAN SO/07/992,QRIS,OUT,429000.0,Operating_Expense
CASH BAYAR AIR JUN,Cash,OUT,35000.0,Operating_Expense
TRSF E-BANKING CR TRSF ANTAR REKENING SENDIRI MUAMALAT-BSI,Bank_Mutation,IN,260000.0,Transfer_Internal
invoice #12379 koreksi transaksi #50686,Invoice,OUT,6300.0,Other
upah harian mbak Made,Cash,OUT,4766600.0,Operating_Expense
Kas kecil dipindah ke brankas,Cash,OUT,750000.0,Transfer_Internal
BAYAR CICILAN PINJ KOPDIT HARAPAN,Bank_Mutation,OUT,2100000.0,Financing
Pembayaran pesanan nasi campur - Firman Setiawan (warung makan),Transfer,IN,550000.0,Revenue
TRSF E-BANKING CR 09/03 KREIDT USAHA CAIR BANK SULTRA,Bank_Mutation,IN,4040000.0,Financing
Hasil servis 21 Mar 2025,Cash,IN,25000.0,Revenue
bayar First Media Rp 45.300,Transfer,OUT,45300.0,Operating_Expense
Settlement QRIS 19/03/25,QRIS,IN,159000.0,Revenue
trf MASUK pendapatan pesanan arisan ibu-ibu bu Bahar,Bank_Mutation,IN,12000000.0,Revenue
TRANSFER KELUAR PEMBAYARAN BAHAN BAKU FILTER OLI - AGEN DEDI,Bank_Mutation,OUT,7000000.0,COGS
TRF LLG CR 928158 KIOS SUMBER REJEKI LUNAS 18/06/26 (DAPUR KUE),Bank_Mutation,IN,400000.0,Revenue
QR kembalikan uang 900k tanpa keterangan,QRIS,OUT,900000.0,Other
TRSF CR 1409/FTSCY/WS78837 REFUND MASUK 8311,Bank_Mutation,IN,9000.0,Other
cashback GoPay - 7 Okt 2025,Cash,IN,7000000.0,Other
cash bayar 61897211 ref 61897211,Cash,OUT,11000.0,Other
TRSF DB AUTODEBET PDAM MEI TGL 2 NOV 2025,Bank_Mutation,OUT,270000.0,Operating_Expense
CR SWITCHING 19/04 BONUS BANK BTN 6500000.00,Bank_Mutation,IN,6500000.0,Other
Scan QRIS belanja bahan banner pagi 25 Feb 2026,QRIS,OUT,29000.0,COGS
transfer beli pulsa pribadi,Transfer,OUT,35000.0,Other
RAHAYU LESTARI TF RP 1.450.000 NO.SO/07/700,Transfer,IN,1450000.0,Revenue
Wifi usaha dagang Oktober,Transfer,OUT,477000.0,Operating_Expense
BI-FAST isi saldo DANA bisnis,Transfer,OUT,96000.0,Transfer_Internal
TRSF E-BANKING DB BIAYA TRANSFER ANTAR BANK,Bank_Mutation,OUT,16000.0,Operating_Expense
BELI BAMBU KE PASAR SENTRAL - 19/07/26,Cash,OUT,1400000.0,COGS
TUNAI BAYAR PAK YANTI APRIL RP 900.000,Cash,OUT,900000.0,Operating_Expense
DEBET 1305/BIFAST/WS16836 AUTODEBET KSP BINA SEJAHTERA,Bank_Mutation,OUT,700000.0,Financing
TRANSFER MASUK KELEBIHAN BAYAR TIDAK JELAS INV-2025/2883 NO.INV-2025/2883,Bank_Mutation,IN,150000.0,Other
Trf pmbyrn vernis ke agen Zulkifli tgl 6 Jul,Transfer,OUT,34000000.0,COGS
KR OTOMATIS DANA BANK SULTRA MASUK 3480000.00,Bank_Mutation,IN,3480000.0,Financing
setor 17500000 ke bank - 06/11/25,Cash,OUT,17500000.0,Transfer_Internal
TRSF E-BANKING CR PENERIMAAN KREDIT USAHA RAKYAT MUAMALAT,Bank_Mutation,IN,17000000.0,Financing
QRIS beli sparepart motor dari agen Ramli September,QRIS,OUT,37000.0,COGS
bayar qris bayar tagihan biznet desmeber,QRIS,OUT,33000.0,Operating_Expense
biaya listrik dan air mei,Cash,OUT,70000.0,Operating_Expense
transfer masuk penjualan grosir ikan bakar ke reseller mulyadi rosidi,Transfer,IN,3700000.0,Revenue
pelunasan order reseller bu Rina (Oktober),Transfer,IN,2300000.0,Revenue
QR bayar ojol antar barng,QRIS,OUT,57800.0,Operating_Expense
pbl bhn produksi kopi sachet renceng,Cash,OUT,1700000.0,COGS
PAYMENT CICIL PNIJAMAN KOPERASI PERIODE DES 260000.00,Bank_Mutation,OUT,260000.0,Financing
PENJUALAN GROSIR CUCI BED COVER KE RESELLER LESTARI,Cash,IN,29000000.0,Revenue
Uang tunai pendapatan harian usaha dagang 3 Jun,Cash,IN,650000.0,Revenue
kas: jual sale pisang ke CV Setia,Cash,IN,13000000.0,Revenue
pengembalian dana 18 Agu,Cash,OUT,26400.0,Other
Setor omzet 18-01-2025 ke rek Permata,Cash,OUT,10000000.0,Transfer_Internal
QR transfer keluar,QRIS,OUT,17800.0,Other
bayar pinj kemitraan Kak Tiara,Cash,OUT,3350000.0,Financing
"Kemasan botol 250ml habis, beli 5 porsi",Transfer,OUT,80000.0,COGS
net settlement qris 25 apr 2026,QRIS,IN,13500.0,Revenue
m-banking masuk suntikan dana mitra Made,Transfer,IN,4200000.0,Financing
Faktur INV-2026/0255 refund order batal NT-3405,Invoice,OUT,150000.0,Other
KREDIT 18/08 MODAL KEMITRAAN IBU SURYANI 17000000.00,Bank_Mutation,IN,17000000.0,Financing
Restock etalase minuman kemasan,Transfer,OUT,200000.0,COGS
bhn baku ikan tongkol (rumah makan),Cash,OUT,2850000.0,COGS
AUTODEBET sewa ruko bulanan,Bank_Mutation,OUT,2700000.0,Operating_Expense
scan qris pengeluaran lain 2005,QRIS,OUT,10000.0,Other
pembayaran masuk S55563 no.NT-9020,Transfer,IN,6100000.0,Other
Transfer bayar sewa ruko ke Toko Lancar,Transfer,OUT,700000.0,Operating_Expense
Invoice agen Wati SO/10/642 tinta printer,Invoice,OUT,800000.0,COGS
Transaksi adm INV-2025/1638,Transfer,OUT,6000.0,Other
TRSF E-BANKING DB TITIPAN DEWI LATIF 23000.00,Bank_Mutation,OUT,23000.0,Other
Ambil brg plastik kemasan laundry dari agen Wahyu 1 rol,Cash,OUT,140000.0,COGS
SEWA LAPAK PASAR OKT OKT,Transfer,OUT,411500.0,Operating_Expense
Pembelian label harga & dus ukuran M 12 Jun,Transfer,OUT,40000.0,COGS
SETORAN 28/10 PENGEMBALIAN PAJAK,Bank_Mutation,IN,2929100.0,Other
bagi hasil tabugnan bni jul,Cash,IN,1000000.0,Other
servis dryer rusak 23 jan 2025,Cash,OUT,3020000.0,Operating_Expense
bayar sisa pokok pnjmn ksp mitra usaha,Cash,OUT,631200.0,Financing
Nota INV-2026/1466 pembyrn masuk 610Z255 tgl 07/06/26,Invoice,IN,2700000.0,Other
bayar agen irfan periode apr,Cash,OUT,1800000.0,COGS
penarikan tunai teller bca,Cash,IN,60000.0,Transfer_Internal
bayar cicilan pinjaman BPR Mitra Kolaka no C17255,Transfer,OUT,9000000.0,Financing
Invoice P828397 hutang dagang CV Kencana Grosir lunas,Invoice,OUT,3170000.0,COGS
faktur pmbelian kain satin grosir abadi andalan,Invoice,OUT,1500000.0,COGS
Transfer keluar 6rb tanpa catatan no R411323,Cash,OUT,6000.0,Other
TERIMA 32900 DARI WULAN HALIM (BAKERY RUMAHAN),Bank_Mutation,IN,32900.0,Revenue
TRF KE AGEN FITRI PEMBELIAN TELUR NO SO/06/206,Transfer,OUT,1900000.0,COGS
QRIS MERCHANT BELI SUSU KENTAL MANIS DARI AGEN PELANGI 2008,QRIS,OUT,13000.0,COGS
TRF LLG DB CICIL PEMBAYARAN BARANG AGEN DEWI (USAHA PERIKANAN),Bank_Mutation,OUT,15000000.0,COGS
DEBET AUTODEBET PNM MEKAAR,Bank_Mutation,OUT,1950000.0,Financing
BI-FAST DB refund #45092,Bank_Mutation,OUT,120000.0,Other
TRSF E-BANKING CR 250256 QRIS MULAYDI LESTARI BELI CUMI,Bank_Mutation,IN,205000.0,Revenue
Bayar Toko Setia grosir kemeja 12 pcs (bulan Maret),Transfer,OUT,3800000.0,COGS
scan qris refund order batal t897832,QRIS,OUT,15000.0,Other
trx keluar belum jelas 0702,Transfer,OUT,2010000.0,Other
Belanja sabun cair pagi tgl 25 no 8112,Cash,OUT,1200000.0,COGS
bayar qris transfer masuk,QRIS,IN,800000.0,Other
nota belanja plastik grosir Depot Sejahtera Sejahtera 1-05-2025,Invoice,OUT,13000000.0,COGS
CR SWITCHING DANA MASUK UNTUK DICEK,Bank_Mutation,IN,640000.0,Other
PEMBAYARAN potongan komisi GoFood,Bank_Mutation,OUT,1740000.0,Operating_Expense
perpanjang swa 1 bln,Transfer,OUT,4750000.0,Operating_Expense
PEMBAYARAN 07/02 TOP UP SALDO OVO USAHA DARI REK MUAMALAT,Bank_Mutation,OUT,4300000.0,Transfer_Internal
PEMBAYARAN QRIS PRIVE AGUSTUS 2026,QRIS,OUT,205000.0,Other
investasi haji kasmiati untuk usaha kafe kecil,Transfer,IN,1350000.0,Financing
potongan komisi shopeefood,QRIS,OUT,38000.0,Operating_Expense
trf masuk pelanggan dewi (tenun),Transfer,IN,2690000.0,Revenue
DB SWITCHING 882882 TF DANAMON KE MUAMALAT RP 300.000,Bank_Mutation,OUT,300000.0,Transfer_Internal
Dana Bank Sultra masuk,Transfer,IN,2150000.0,Financing
Selisih rekonsiliasi Mei 2025,Cash,OUT,130000.0,Other
INTERNET BULANAN INDOSAT,Bank_Mutation,OUT,1600000.0,Operating_Expense
Bayar sewa tempat usaha Mar,Transfer,OUT,940000.0,Operating_Expense
m-banking masuk trx masuk belum jelas 1604 tgl 1604,Transfer,IN,75000.0,Other
TRANSFER MASUK 22/11 REALISASI KREDIT BANK SULTRA PO9476,Bank_Mutation,IN,6000000.0,Financing
settlement qris 23 okt 2025,QRIS,IN,340000.0,Revenue
Top up token listrik warung,Transfer,OUT,1800000.0,Operating_Expense
pengembailan dana #87408,QRIS,IN,295000.0,Other
Bayar cash beli bubuk coklat dr Depot Jaya,Cash,OUT,40000.0,COGS
ud bersama prima lunas,Transfer,OUT,869400.0,COGS
Kas: closing kasir 0902 total pjl,Cash,IN,18000.0,Revenue
TRF KELUAR TOP UP DOMPET DIGITAL USAHA LINKAJA,Bank_Mutation,OUT,100000.0,Transfer_Internal
tunai beli ikan dari nelayan 1 boks utk stok,Cash,OUT,80000.0,COGS
bayar QRIS Rahim tf 9jt,QRIS,IN,9000000.0,Revenue
Trf masuk ongkos jasa cetak foto bu Kartini,Transfer,IN,263000.0,Revenue
TRF LLG DB SEWA LAPAK PASAR AGU,Bank_Mutation,OUT,7000000.0,Operating_Expense
TRF LLG CR 21/12 DROPPING PINJ MDL KERJA,Bank_Mutation,IN,16364300.0,Financing
Bayar tunai Vina Kurniawan utk gula pasir,Cash,IN,650000.0,Revenue
TRANSFER MASUK DANA BNI 17/12,Bank_Mutation,IN,1349300.0,Financing
TRSF DB 1603/LLG/WS25176 AGEN LAODE RUMSAN RP2.400.000 NO NT-8850,Bank_Mutation,OUT,2400000.0,COGS
TRSF DB PASAR LAMA ANDUONOHU RP670RB,Bank_Mutation,OUT,670000.0,COGS
kas: bbm kendaraan usaha 6 sep,Cash,OUT,225000.0,Operating_Expense
Pmbyrn coklat blok ke UD Jaya,Transfer,OUT,854100.0,COGS
Setor Rp95.000 ke bank (warung kelontong),Cash,OUT,95000.0,Transfer_Internal
Pindah buku dari BTN ke Bank Sultra sendiri,Transfer,IN,5000000.0,Transfer_Internal
uang tunai pasar lama unaaha lunas,Cash,OUT,1100000.0,COGS
Refund cust tidak teridentifikasi,Transfer,OUT,1650000.0,Other
kiriman keluarga Januari,Transfer,IN,125000.0,Other
QR pmbelian pack styrofoam box,QRIS,OUT,1500000.0,COGS
penutupan pinj pnm mekaar f-557,Transfer,OUT,500000.0,Financing
TRSF MASUK PENCAIRAN PEMBIAYAAN KSP BINA SEJAHTERA UNTUK MODAL USAHA,Bank_Mutation,IN,16900000.0,Financing
TRANSFER MASUK 752033 TRF MASUK BU ALFIAN (PERLENGKAPAN DAPUR) A.N SALMA,Bank_Mutation,IN,4600000.0,Revenue
Invoice INV-2026/5022 penjualan grosir cabai ke reseller Salma,Invoice,IN,8584900.0,Revenue
inv po2675 biaya provisi kredit permata,Invoice,OUT,12000000.0,Financing
kiriman Pak Yanti,Transfer,IN,1300000.0,Revenue
QRIS merchant parkir & bensin kirim pesanan,QRIS,OUT,36600.0,Operating_Expense
SETORAN 2810/FTSKN/WS66569 dana titipan 450.000,Bank_Mutation,IN,450000.0,Other
honor bahar november no po6896,Cash,OUT,101000.0,Operating_Expense
withdraw saldo ovo usaha,Transfer,IN,93300.0,Transfer_Internal
TRANSFER MASUK 492693 TF ANTAR REK MILIK SENDIRI 45730700.00,Bank_Mutation,IN,45730700.0,Transfer_Internal
QRIS merchant bayar air Oktober,QRIS,OUT,600000.0,Operating_Expense
TRF LLG CR DANA KUR MASUK OKT,Bank_Mutation,IN,18900000.0,Financing
tagihan cv surya t208399 bahan produksi no t208399,Transfer,OUT,1880000.0,COGS
belanja pewangi laundry pagi tgl 20,Cash,OUT,1500000.0,COGS
transfer ke rekening operasional Danamon,Bank_Mutation,OUT,30300000.0,Transfer_Internal
Sewa tempat 17/07/25 no.SO/06/006,Transfer,OUT,350000.0,Operating_Expense
"tf keamsan mika kue habis, beli 1 lusin",Transfer,OUT,2750000.0,COGS
Pembayaran QRIS ongkos pengerjaan katering harian a.n Sarlin Anshari,QRIS,IN,1200000.0,Revenue
TRANSFER MASUK transfer masuk dari Hasan pembayaran roti bakar a.n Mbak Ridwan 485000.00,Bank_Mutation,IN,485000.0,Revenue
Kembalikan pinj ke Fadli Yahya,Transfer,OUT,2000000.0,Financing
terima modal mitra usaha ismail sari,Cash,IN,9300000.0,Financing
TT MASUK SETOR OMZET 21 JUN 2025 KE REKENING BNI BULAN APRIL,Bank_Mutation,IN,10000000.0,Transfer_Internal
QRIS biaya ATM bulanan BNI,QRIS,OUT,43000.0,Operating_Expense
BI-FAST CR 02/04 SETOR PENDAPATAN HRN KE BANK,Bank_Mutation,IN,11051900.0,Transfer_Internal
PAYMENT MUTASI KELUAR KE TABUNGAN DANA CADANGAN (FEBRUARI),Bank_Mutation,OUT,7000000.0,Transfer_Internal
PAYMENT TRANSFER KE REKENING OPS DANAMON (PERIODE DES),Bank_Mutation,OUT,150000.0,Transfer_Internal
transfer Kios Jaya sisa pembayaran coto,Transfer,IN,900000.0,Revenue
Inv PO3718 tgh grosir Damai 1295 bahan produksi 20/12,Invoice,OUT,331000.0,COGS
bayar tgh supplier cv rezeki niaga,Transfer,OUT,900000.0,COGS
kredit cair BTN periode Jul,Bank_Mutation,IN,1600000.0,Financing
QR by kirim bahan baku pewarna makanan,QRIS,OUT,470000.0,COGS
pembelian dus ukuarn m & label harga,Cash,OUT,2200000.0,COGS
QRIS nasi kuning,QRIS,IN,8000.0,Revenue
TT MASUK SALDO TABUNGAN USAHA DIPINDAH KE REK BRI 3000000.00,Bank_Mutation,IN,3000000.0,Transfer_Internal
TRANSFER MASUK 291193 SETORAN CASH REK USAHA CIMB NIAGA,Bank_Mutation,IN,20000000.0,Transfer_Internal
nota lunas TB Pelangi cuci sepatu,Invoice,IN,130000.0,Revenue
qris merchant bonus bank permata,QRIS,IN,855600.0,Other
Pembayaran pokok pinjaman KSP Mitra Usaha,Cash,OUT,190000.0,Financing
Tnai penyesuaian saldo,Cash,OUT,50000.0,Other
TRANSFER MASUK 172445 HADIAH ARISAN,Bank_Mutation,IN,1970000.0,Other
TRSF CR saldo dompet digital usaha dipindah ke bank,Bank_Mutation,IN,800000.0,Transfer_Internal
"TRF LLG CR 2312/FTSCY/WS80273 SETOR TUNAI 1,2JT",Bank_Mutation,IN,1200000.0,Transfer_Internal
retribusi lapak 1502 (periode jun),Cash,OUT,601500.0,Operating_Expense
trf masuk dropping BPR Sultra Mandiri,Transfer,IN,31000000.0,Financing
CR SWITCHING 599465 PINJAMAN KELUARGA BU LESTARI MODAL USAHA 4250000.00,Bank_Mutation,IN,4250000.0,Financing
TRANSFER MASUK DANA MASUK 7JT,Bank_Mutation,IN,7000000.0,Other
m-banking masuk pembayaran kopi bubuk untuk pengajian - Ibu Dedi ref D76839,Transfer,IN,500000.0,Revenue
cash omzet hari ini 18/01,Cash,IN,128000.0,Revenue
DB SWITCHING TRX KELUAR BELUM JELAS NO E363390,Bank_Mutation,OUT,70000.0,Other
TOKOPEDIA SETTLEMENT ORDER 2527 13-03-2026,Bank_Mutation,IN,50000.0,Revenue
cetak kartu nama,Transfer,OUT,800000.0,Operating_Expense
uang tunai penerimaan pembiayaan kelompok koperasi sejahtera bersama,Cash,IN,8500000.0,Financing
bayar qris wifi usaha laundry oktober 2025,QRIS,OUT,28000.0,Operating_Expense
tf tambah stok keju parut 3 kg,Transfer,OUT,500000.0,COGS
masuk rp26.500,QRIS,IN,26500.0,Other
AUTODEBET 24/04 CICILAN KREDIT MODAL KERJA BSI,Bank_Mutation,OUT,1070000.0,Financing
SETORAN 25/07 UANG MUKA KUE LAPIS PELANGGAN SRI,Bank_Mutation,IN,650000.0,Revenue
modal awal kasir 21/03/25,Cash,IN,817300.0,Transfer_Internal
TRANSFER KELUAR RETUR DANA KE PEMBELI NT-5197 24000.00,Bank_Mutation,OUT,24000.0,Other
pembyrn qris pak nurhayati rp5.000.000 (rumah makan),QRIS,OUT,5000000.0,Other
tf pembayaran rutin rp 3.400.000,Transfer,OUT,3400000.0,Other
Uang keluar tanpa nota tgl 22/02,Cash,OUT,650000.0,Other
BAYAR KUR BNI 24.086.900,Cash,OUT,24086900.0,Financing
FAKTUR PO2323 BELI LABEL HARGA UTK PRODUK A.N ERNI,Invoice,OUT,750000.0,COGS
uang muka beras 5kg Mas Hasrul,Bank_Mutation,IN,54800.0,Revenue
qr pulsa ops rp305rb,QRIS,OUT,305000.0,Operating_Expense
QRIS meja 6 soto ayam,QRIS,IN,24500.0,Revenue
TRANSFER MASUK 16/11 DANA MASUK DARI REKENING SENDIRI,Bank_Mutation,IN,210000.0,Transfer_Internal
KREDIT 25/11 BAYAR PESANAN TENUN 12 1 SET PT MAJU BULAN MEI,Bank_Mutation,IN,7000000.0,Revenue
transfer masuk pmbyrn Ratna ke rek usaha admin sosmed,Transfer,IN,1100000.0,Revenue
BAYAR ANGSURAN KE PETUGAS KOPERASI NELAYAN BAHARI (MEI),Cash,OUT,3750000.0,Financing
Nota penjualan #8011 Bapak Tasrif,Transfer,IN,2990000.0,Revenue
angsuran pokok pnm ulamm periode nov,Cash,OUT,4400000.0,Financing
QRIS tagihan PDAM no F-174,QRIS,OUT,70000.0,Operating_Expense
"STOK JUALAN OLI MESIN HABIS, TAMBAH 2 DUS",Transfer,OUT,700000.0,COGS
perbaikan atap usaha pertanian,Transfer,OUT,211000.0,Operating_Expense
TT MASUK SALDO TABUNGAN USAHA DIPINDAH KE REK BNI,Bank_Mutation,IN,205000.0,Transfer_Internal
DEBET BAYAR BIZNET 210K 210000.00,Bank_Mutation,OUT,210000.0,Operating_Expense
Setoran tunai rek usaha Muamalat,Cash,OUT,106000.0,Transfer_Internal
TRF LLG DB 659137 beli pulsa pribadi,Bank_Mutation,OUT,365000.0,Other
uang muka es kopi ud surya,Transfer,IN,640000.0,Revenue
Beli busi u/ bengkel,Transfer,OUT,21000.0,COGS
m-banking masuk pencairan dana penjualan Tokopeia,Transfer,IN,208300.0,Revenue
transfer autodebet angsuran bmt al-amin,Transfer,OUT,13000000.0,Financing
UANG SEWA TEMPAT KE ARIFIN FIRDAUS,Cash,OUT,16000000.0,Operating_Expense
pembelian stock dr pasar inpres pomalaa periode jan,Transfer,OUT,350000.0,COGS
BI-FAST DB 10/11 PELUNASAN PINJAMAN KUR MANDIRI 4789600.00,Bank_Mutation,OUT,4789600.0,Financing
Uang cash modal belanja laminating pouch 12,Cash,OUT,13100000.0,COGS
pmbyrn qris pembayaran 56445027,QRIS,OUT,9500.0,Other
invoice penjualan sale pisang bulan november,Invoice,IN,200000.0,Revenue
m-banking masuk pembayaran invoice po4314 anwar putri 2004,Transfer,IN,310000.0,Revenue
M-banking bayar bunga pinjaman PNM Mekaar April,Transfer,OUT,500000.0,Financing
Selisih rekonsiliasi Mei 2026,Cash,IN,50000.0,Other
TT MASUK PENCAIRAN PLAFON KREDIT BPR MITRA KOLAKA,Bank_Mutation,IN,2100000.0,Financing
Pindah dana rek Muamalat ke rek Permata usaha,Transfer,IN,335000.0,Transfer_Internal
HUTANG DAGANG TB HARAPAN LANCAR LUNAS,Bank_Mutation,OUT,6500000.0,COGS
BAYAR TAGIHAN SUPPLIER AGEN FITRI,Bank_Mutation,OUT,1600000.0,COGS
TRSF E-BANKING CR penerimaan pembiayaan kelopmok BMT Al-Amin,Bank_Mutation,IN,27800000.0,Financing
Beli obat hama dari pasar inpres Pomalaa,Cash,OUT,180000.0,COGS
nota inv-2025/6936 termin byr proyek jasa titip cv laut biru (april 2025),Invoice,IN,3100000.0,Revenue
TRSF CR topi anyaman terjual ke Depot Maju,Bank_Mutation,IN,8000000.0,Revenue
cash angs pinjaman BPR Sultra Mandiri ke-2 a.n Ridwan,Cash,OUT,5000000.0,Financing
Pembayaran es kopi dari PT Prima Group via Danamon,Transfer,IN,1080000.0,Revenue
DB SWITCHING TRANSFER KE REKENING OPERASIONAL PERMATA,Bank_Mutation,OUT,3700000.0,Transfer_Internal
TT MASUK pembayaran pesanan online GrabFood PO4051,Bank_Mutation,IN,959900.0,Revenue
terima trf hadiah arisan,Transfer,IN,3900000.0,Other
uang tnai autodebet angsuran BPR Sultra Mandiri,Cash,OUT,5300000.0,Financing
tf agen halim 844200 no.po1846,Transfer,OUT,844200.0,COGS
SETORAN 0408/FTFVA/WS41188 QRIS MERCHANT TOKO BAJU CELANA JEANS,Bank_Mutation,IN,38000.0,Revenue
transfer salah kirim wulan,Transfer,IN,1800000.0,Other
angsuran pegadaian 03/02 (outlet fashion),Transfer,OUT,4300000.0,Financing
TARIKAN ATM Mndiri,Cash,IN,290000.0,Transfer_Internal
TRSF E-BANKING DB BELI BARANG JUALAN MINYAK GORENG 10 LITER,Bank_Mutation,OUT,440000.0,COGS
Solar pickup operasional (Februari 2025),Cash,OUT,650000.0,Operating_Expense
PEMBAYARAN PEMBAYARAN POKOK PNJMN PEGADAIAN 1340000.00,Bank_Mutation,OUT,1340000.0,Financing
Sewa usaha jasa foto periode Janauri,Transfer,OUT,23000000.0,Operating_Expense
Transaksi tidak dikenal ref K45559,Cash,IN,15000.0,Other
TAGIHAN INTERNET BULAN SEPTEMBER INDIHOME (BULAN SEPTEMBER),Bank_Mutation,OUT,320000.0,Operating_Expense
BI-FAST pembayaran pokok pembiayaan KUR Mandiri 19 Jan 2026,Transfer,OUT,600000.0,Financing
qris bayar ojol antar barang,QRIS,OUT,260000.0,Operating_Expense
cash pemasukan kios perdagangan 21/07,Cash,IN,130000.0,Revenue
PENCAIRAN KUR MUAMALAT,Bank_Mutation,IN,41000000.0,Financing
bayar pak saharuddin upah kerja 03/07,Transfer,OUT,624600.0,Operating_Expense
Bayar cash bayar les anak,Cash,OUT,1700000.0,Other
uang tunai belanja barang dagangan cv andalan,Cash,OUT,10200000.0,COGS
cash gj kasir juni - 20-12-2025,Cash,OUT,5000000.0,Operating_Expense
stok plastik pembungkus 20 pcs (bulan januari),QRIS,OUT,1900000.0,COGS
QRIS bayar agen Kasmiati 8 Okt Mar,QRIS,OUT,159900.0,COGS
modal masuk dr rizal mansur bagi hasil 27-05-2026,Cash,IN,48100000.0,Financing
Transfer ke BRI atas nama sendiri tgl 7,Transfer,OUT,15600000.0,Transfer_Internal
M-banking bayar cicilan KUR Desember 2025,Transfer,OUT,120000.0,Financing
tf mdr qris desember 2025 no po6140,Transfer,OUT,78800.0,Operating_Expense
KRM KE AGEN RAMLI 4300000,Transfer,OUT,4300000.0,COGS
bayar tunai Ilham utk kopi sachet,Cash,IN,900000.0,Revenue
TRANSFER MASUK 426892 hasil penjualan disetor ke bank 27/07,Bank_Mutation,IN,6000000.0,Transfer_Internal
BIAYA LISTRIK DAN AIR PERIODE FEB,QRIS,OUT,1000000.0,Operating_Expense
CR SWITCHING 09/05 TRANSFER DARI GIRO USAHA KE REKENING BANK SULTRA A.N NILA,Bank_Mutation,IN,22000000.0,Transfer_Internal
m-banking pembayaran angsuran pembiayaan f-317,Transfer,OUT,2070500.0,Financing
BI-FAST CR UANG DR KAKAK,Bank_Mutation,IN,12000.0,Other
TRF LLG CR 792906 KIRIMAN RESKI MUSTARI,Bank_Mutation,IN,7430500.0,Revenue
BI-FAST DB angsuran Jul ref 28305445,Bank_Mutation,OUT,6093600.0,Financing
INV F-770 ONGKOS SERVIS ETALASE KACA OKTOBER,Invoice,OUT,2100000.0,Operating_Expense
TRSF E-BANKING CR 830776 DROPPING PNM ULAMM 26-08-2025,Bank_Mutation,IN,3800000.0,Financing
biaya kirim bahan baku hijab dari supplier,Transfer,OUT,50000.0,COGS
qris merchant isi saldo gopay bisnis,QRIS,OUT,1200000.0,Transfer_Internal
Gj admin Februari,Transfer,OUT,500000.0,Operating_Expense
qris kasir shift malam (bengkel motor),QRIS,IN,380000.0,Revenue
bayar QRIS isi saldo GoPay bisnis no A519008,QRIS,OUT,2500000.0,Transfer_Internal
TRF LLG CR 26/12 SETOR KAS USAHA KE REKENING REF 67331190,Bank_Mutation,IN,100000.0,Transfer_Internal
kredit cair Danamon,Transfer,IN,350000.0,Financing
AUTODEBET BAYAR ANGSURAN KE PETUGAS KSP BINA SEJAHTERA 3000000.00,Bank_Mutation,OUT,3000000.0,Financing
PEMBAYARAN KIRIM KE RKG SENDIRI BSI 445000.00,Bank_Mutation,OUT,445000.0,Transfer_Internal
bayar kekurangan krier agen waode nia,Invoice,OUT,8000000.0,COGS
Bayar swa tempat usaha Juli 2025 tgl 05/05,Transfer,OUT,16000000.0,Operating_Expense
Bayar cicilan KUR Sep,Cash,OUT,150000.0,Financing
Pneyesuaian akhir bulan Oktober,Cash,OUT,670000.0,Other
KR OTOMATIS DROPPING KSP MITRA USAHA,Bank_Mutation,IN,1258800.0,Financing
BI-FAST bayar Telkomsel Orbit 250k,Transfer,OUT,250000.0,Operating_Expense
pembayaran qris reversal masuk po8665 - 14 sep 2026,QRIS,IN,55000.0,Other
Tokopedia - dana penjualan diteruskan,Transfer,IN,3700000.0,Revenue
tunai iuran sampah dan keamanan agustus 2026,Cash,OUT,30000.0,Operating_Expense
BI-FAST SETORAN AGS 5.700.000,Transfer,OUT,5700000.0,Financing
dana masuk dari bri,Cash,IN,1650000.0,Financing
TRSF KELUAR 585693 KRM KE AGEN RATIH RP19JT,Bank_Mutation,OUT,19000000.0,COGS
withdraw tunai permata 9-04-2026,Cash,IN,3500000.0,Transfer_Internal
transfer cv gemilang po5850,Transfer,OUT,3350000.0,COGS
BAYAR GAJI PGW 1 ORANG A.N BU WAODE NIA,Bank_Mutation,OUT,7683500.0,Operating_Expense
TRANSFER SUPPLIER PT NUSANTARA JAYA ORDER INV-2025/2303,Transfer,OUT,180000.0,COGS
tunai by promosi aqiqah,Cash,OUT,95000.0,Operating_Expense
Pembayaran QRIS solar pickup operasional,QRIS,OUT,100000.0,Operating_Expense
TRSF E-BANKING DB 1608/BIFAST/WS18097 PRIVE JULI 2026,Bank_Mutation,OUT,800000.0,Other
modal belanja pupuk NPK 3 no.NT-7345,Transfer,OUT,8200000.0,COGS
Transfer salah kirim Ramli,Transfer,IN,1400000.0,Other
TRANSFER MASUK SETOR UANG KAS KE BANK MUAMALAT,Bank_Mutation,IN,2080000.0,Transfer_Internal
TRSF E-BANKING DB 25/10 TARIK TUNAI ATM MUAMALAT 255000.00,Bank_Mutation,OUT,255000.0,Transfer_Internal
Setor tnai CDM Permata,Cash,OUT,261000.0,Transfer_Internal
biaya marketing November,Invoice,OUT,410000.0,Operating_Expense
transaksi adm #38742,Cash,IN,435000.0,Other
Invoice tidak dikenal NT-5495,Transfer,IN,450000.0,Other
SCAN QRIS BAYAR LISTRIK BLN AGUSTUS,QRIS,OUT,21700.0,Operating_Expense
DEBET BIAYA PROMOSI PERPISAHAN KELAS,Bank_Mutation,OUT,61000.0,Operating_Expense
tarik saldo LinkAja usaha ke rekening BRI,Transfer,IN,187000.0,Transfer_Internal
cicil pinjaman Erni Mansur Juli 2025,Transfer,OUT,3800000.0,Financing
KR OTOMATIS 928953 SETOR TNAI KE RKG BANK SULTRA,Bank_Mutation,IN,2600000.0,Transfer_Internal
qris bagi hasil tabungan btn bulan mei a.n mas rahayu,QRIS,IN,50000.0,Other
omzet hari ini 2-07-2026,Cash,IN,900000.0,Revenue
bayar spp anak,Cash,OUT,29400.0,Other
TRSF E-BANKING DB 522643 BAYAR CICILAN PINJAMAN PEGADAIAN,Bank_Mutation,OUT,9000000.0,Financing
Pmb QRIS dr pak Yanti utk peralatan rumah tangga,QRIS,IN,190000.0,Revenue
tf settle invoice supplier agen ikbal juni 2026 juni 2026,Transfer,OUT,8523500.0,COGS
m-banking masuk termin pembayaran proyek jasa pengolahan ikan UD Harapan Unaaha,Transfer,IN,4544900.0,Revenue
CR SWITCHING 1106/FTSCY/WS19884 REVERSAL MASUK INV-2026/6192,Bank_Mutation,IN,6500.0,Other
MDR QRIS PERIODE MAR,Cash,OUT,37000.0,Operating_Expense
Kas: freight stok Agen Bahari,Cash,OUT,84000.0,COGS
Pengembalian pajak,Transfer,IN,13000.0,Other
TRSF DB 1606/FTSCY/WS27881 hutang dagang agen Nila lunas,Bank_Mutation,OUT,11400000.0,COGS
TRSF DB 17/10 KIRIM KE AGEN HASAN RP 22.000.000 REF 155Y621,Bank_Mutation,OUT,22000000.0,COGS
tf bayar cicilan KUR Desember,Transfer,OUT,1000000.0,Financing
TRF LLG CR DANA MASUK RP5RB NO SO/10/454,Bank_Mutation,IN,5000.0,Other
Kas: belanja pengharum ruangan cucian pagi 12 Feb,Cash,OUT,1600000.0,COGS
Angsuran pokok Kopdit Harapan bulan November,Cash,OUT,100000.0,Financing
SETORAN 25/03 reward ShopeePay,Bank_Mutation,IN,1660000.0,Other
tf ongkos angkut bibit kakao dari petani sarlin (usaha pertanian),Transfer,OUT,250000.0,COGS
PAYMENT PINDAH BUKU BCA KE MUAMALAT SENDIRI,Bank_Mutation,OUT,235000.0,Transfer_Internal
TRSF E-BANKING CR 533522 PENCAIRAN PEMBIAYAAN MURABAHAH BANK SULTRA,Bank_Mutation,IN,13000000.0,Financing
Bayar air April,Transfer,OUT,90000.0,Operating_Expense
Bayar cash uang kembalian dr bank BNI,Cash,IN,2300000.0,Transfer_Internal
TRSF E-BANKING DB 0202/LLG/WS58355 TAGIHAN PLN BULAN APRIL,Bank_Mutation,OUT,50000.0,Operating_Expense
DB SWITCHING REFUND PLG TIDAK TERIDENTIFIKASI,Bank_Mutation,OUT,2500000.0,Other
SETORAN SETORAN KAS KE TABUNGAN MUAMALAT,Bank_Mutation,IN,100000.0,Transfer_Internal
dp order standing pouch kemasan ke agen sartika,Transfer,OUT,4848800.0,COGS
AUTODEBET 1302/FTFVA/WS52774 KALIBRASI GRINDER KOPI,Bank_Mutation,OUT,2400000.0,Operating_Expense
KIRIM UANG KE GROSIR KARYA,Bank_Mutation,OUT,770000.0,COGS
bayar bunga pinj bpr mitra kolaka mei,Transfer,OUT,27434200.0,Financing
TUNAI THR KARYAWAN MARET 2025,Cash,OUT,100000.0,Operating_Expense
pencaran kredit modal kerja pegadaian,Transfer,IN,13500000.0,Financing
M-BANKING ANGSURAN KREDIT PERMATA JULI,Transfer,OUT,150000.0,Financing
TRSF DB penutuapn pinjaman KSP Bina Sejahtera SO/11/024,Bank_Mutation,OUT,1318300.0,Financing
Kas: biaya marketing bulan Februari,Cash,OUT,4170000.0,Operating_Expense
transfer masuk uknown trx 8605,Transfer,IN,62000.0,Other
scan qris dana masuk pelanggan tasrif - 12-01-2026,QRIS,IN,205000.0,Revenue
Setor tunai 4.950.000,Cash,OUT,4950000.0,Transfer_Internal
TRANSFER MASUK CAIR RP450RB BNI TGL TGL 4,Bank_Mutation,IN,450000.0,Financing
Uang tunai biaya adm lain 1 Mar 2025,Cash,OUT,21000.0,Other
Scan QRIS ATK kantor toko kue tgl tgl 26,QRIS,OUT,53000.0,Operating_Expense
faktur pembelian mulsa plastik pt bahari,Invoice,OUT,344000.0,COGS
SCAN QRIS REFUND ORDER BATAL 0750,QRIS,OUT,11000.0,Other
TRSF CR 0206/BIFAST/WS37450 PELANGGAN ARMAN LUNAS,Bank_Mutation,IN,800000.0,Revenue
serah treima kas antar shift,Cash,OUT,1150000.0,Transfer_Internal
QRIS merchant biaya berobat keluarga,QRIS,OUT,553400.0,Other
TT MASUK 879189 DROPPING BMT AL-AMIN,Bank_Mutation,IN,880000.0,Financing
terima cash dari pak halim beli es kopi,Cash,IN,1500000.0,Revenue
BI-FAST CR 26/11 COD cair ShopeeFood PO5615,Bank_Mutation,IN,115000.0,Revenue
Cetak plastik pembungkus bermerk,Cash,OUT,44000.0,COGS
BUKTI TRANSFER ANTAR REKENING SO/09/476,Invoice,IN,206000.0,Transfer_Internal
KR OTOMATIS DANA TITIPAN 80900,Bank_Mutation,IN,80900.0,Other
Bayar QRIS biaya kebersihan tk,QRIS,OUT,21000.0,Operating_Expense
FAKTUR PO8693 PELUNASAN ORDER RESELLER KARTINI,Invoice,IN,13000000.0,Revenue
settle invoice supplier agen hamdan mei,Transfer,OUT,350000.0,COGS
Beli minuman kemasan ke pasar sentral,Transfer,OUT,2800000.0,COGS
AUTODEBET 451035 KIRIM KE REK SENDIRI RP 700.000 NO 7369,Bank_Mutation,OUT,700000.0,Transfer_Internal
TF kalibrasi mesin cuci,Transfer,OUT,1640000.0,Operating_Expense
AMBIL UANG DI ATM UTK KAS USAHA (APRIL),Bank_Mutation,OUT,3100000.0,Transfer_Internal
BY ATM BULANAN BCA,Bank_Mutation,OUT,355000.0,Operating_Expense
BELANJA STOCK SABUN CAIR KE KIOS BERSAMA POMALAA,Cash,OUT,1920000.0,COGS
pembelian bahan produksi ragi instan,Cash,OUT,14500.0,COGS
Bayar angsuran ke petugas BMT Al-Amin,Transfer,OUT,1300000.0,Financing
pembayaran bulanan 3 jun 2026,Cash,OUT,1300000.0,Other
pembayaran masuk 50406685 tgl 15 jul,Invoice,IN,8000.0,Other
TRANSFER KELUAR 09/05 XL JUNI,Bank_Mutation,OUT,20000.0,Operating_Expense
Bunga kredit BSI Agustus (Agustus),Cash,OUT,1180000.0,Financing
setor ke rekening BNI tgl 21 Mar 2025,Cash,OUT,2820000.0,Transfer_Internal
Nota NT-5110 angsuran KUR Muamalat bulan 2,Invoice,OUT,550000.0,Financing
tf refund po925 (oktober 2025),Transfer,OUT,39000.0,Other
TRSF E-BANKING CR TRANSFER KOPDIT HARAPAN 9887900 (USAHA IKAN),Bank_Mutation,IN,9887900.0,Financing
TRSF CR MDL MASUK DR WAHYU BAGI HASIL,Bank_Mutation,IN,37900000.0,Financing
Pmb ke agen Wahyu inv F-944,Transfer,OUT,150000.0,COGS
TRANSFER MASUK 883057 SETORAN TUNAI,Bank_Mutation,IN,270000.0,Transfer_Internal
qris restock masker wajah,QRIS,OUT,210000.0,COGS
qris merchant pendapatan jasa antar jemput laundry,QRIS,IN,31500.0,Revenue
pencairan plafon kredit KUR BNI,Cash,IN,14500000.0,Financing
mdr qris september,Invoice,OUT,105000.0,Operating_Expense
tf bank sultra ke bni 300k a.n jamal anshari,Transfer,OUT,300000.0,Transfer_Internal
bayar cash modal awal kasir 1302,Cash,IN,90800.0,Transfer_Internal
qris masuk penjualan mie ayam,QRIS,IN,90000.0,Revenue
Setor kas ke brankas (November),Cash,OUT,850000.0,Transfer_Internal
DB SWITCHNG PENARIKAN TNAI TELLER DANAMON - TGL 5,Bank_Mutation,OUT,140000.0,Transfer_Internal
QRIS BAYAR LES ANAK,QRIS,OUT,115000.0,Other
Bayar QRIS boost postingan Facebook a.n Ibu Ridwan,QRIS,OUT,90000.0,Operating_Expense
M-banking biaya marketing Noveber 2025 November 2025,Transfer,OUT,48000.0,Operating_Expense
tf banner tk baru (bengkel motor),Transfer,OUT,75000.0,Operating_Expense
TRF LLG CR PENARIKAN SALDO PENJUAL TOKOPEDIA TGL 20 AGU 2026 600000.00,Bank_Mutation,IN,600000.0,Revenue
SETORAN TERIMA MDL MITRA USAHA NURHAYATI,Bank_Mutation,IN,42449300.0,Financing
KREDIT 20/10 TRF AKBAR BAYAR PESANAN KOPI BUBUK,Bank_Mutation,IN,22000.0,Revenue
QRIS merchant belanja bahan harian kopi sachet renceng & snack,QRIS,OUT,20000.0,COGS
IG ADS PROMOSI TOKO KELONTONG,Transfer,OUT,60000.0,Operating_Expense
kas kecil masuk 20-02-2025,Cash,IN,1700000.0,Transfer_Internal
TRSF E-BANKING DB CICIL PNJMN RUSDI LATIF FEB,Bank_Mutation,OUT,3800000.0,Financing
invoice korkesi 1035,Transfer,IN,1400000.0,Other
top up dompet digital usaha linkaja,Transfer,OUT,10000000.0,Transfer_Internal
order box kue ke grosir bersama,Cash,OUT,45000.0,COGS
FAKTUR INV-2026/6068 REVERSAL MASUK F-656,Invoice,IN,2160000.0,Other
TRSF E-BANKING DB 10/04 TARIK TUNAI UTK KAS KECIL,Bank_Mutation,OUT,108700.0,Transfer_Internal
NOTA F-657 TAGIHAN PASAR INPRES MANDONGA PO5144 BHN PRODUKSI,Invoice,OUT,328200.0,COGS
beli ban dalam dr grosir lancar,Cash,OUT,1200000.0,COGS
PAYMENT 2705/FTSKN/WS86431 TRF KE AGEN JAMAL RP1.636.600 14-06-2026,Bank_Mutation,OUT,1636600.0,COGS
Tnai prive Februari 2026 Februari 2026,Cash,OUT,31000.0,Other
tarik tunai atm danamon,Cash,IN,110000.0,Transfer_Internal
QRIS merchant Ivoice ags Bank Sultra NT-7162,QRIS,OUT,1950000.0,Financing
zakat April,QRIS,OUT,1100000.0,Other
Kirim tagihan PLN Desember,Transfer,OUT,2400000.0,Operating_Expense
Transfer bayar cicilan KUR Mei,Transfer,OUT,350000.0,Financing
faktur p920616 angsuran pokok pegadaian juli 2025 tgl tgl 4,Invoice,OUT,700000.0,Financing
trf angs pokok KSP Mitra Usaha Agu Agu,Transfer,OUT,5800000.0,Financing
pmbyrn ramli ke rek usaha web company profile,Transfer,IN,12000000.0,Revenue
TRF LLG CR 25/09 REVERSAL #61938,Bank_Mutation,IN,61000.0,Other
qris wifi usaha kue periode feb,QRIS,OUT,1650000.0,Operating_Expense
AUTODEBET SPANDUK PROMO WARKOP 100000.00,Bank_Mutation,OUT,100000.0,Operating_Expense
AUTODEBET PEMINDAHAN DANA DR REKENING UTAMA KE REKENING OPERASIONAL (PERIODE FEB),Bank_Mutation,OUT,802300.0,Transfer_Internal
Cash honor Fitri Maret 2026 (Maret 2026),Cash,OUT,2150000.0,Operating_Expense
Transfer masuk Rp1.900.000 dari Ilham (bulan November),Transfer,IN,1900000.0,Revenue
PEMBAYARAN INVOICE SO/05/415 SUKRI SYAM,Bank_Mutation,IN,26000.0,Revenue
bayar cash bayar kos anak April 2025,Cash,OUT,9000000.0,Other
m-banking masuk pelanggan laode rusman ibrahim lunasi tagihan rokok,Transfer,IN,500000.0,Revenue
SETORAN 0109/FTSCY/WS81222 TRANSFER DARI GIRO USAHA KE REKENING BNI,Bank_Mutation,IN,10000000.0,Transfer_Internal
transfer masuk bayar cumi pesanan acara kantor desa nurhayati,Transfer,IN,45000.0,Revenue
gj pak fadli periode agu 2511,Cash,OUT,382000.0,Operating_Expense
qris refund order batal 2416,QRIS,OUT,1460000.0,Other
PENJUALAN ANYAMAN KE PENGEPUL UD GEMILANG KEMASAN,Cash,IN,1104000.0,Revenue
kas: hasil dagang 04/08/25 ref 86322977,Cash,IN,1047200.0,Revenue
Tarik tnai buat kas a.n Bu Erni,Cash,IN,19000000.0,Transfer_Internal
transfer keluar,Cash,OUT,260000.0,Other
KRD 08/04 PENYETORAN HASIL DAGANG KE RKG USAHA,Bank_Mutation,IN,700000.0,Transfer_Internal
CR SWITCHING 18/12 SELISIH KAS 3 MEI,Bank_Mutation,IN,70000.0,Other
"kas: kemasan box pizza habis, beli 20 pcs no.inv-2026/9017",Cash,OUT,3910000.0,COGS
BY KEBERSIHAN TK,Cash,OUT,145000.0,Operating_Expense
bunga tabungan bca,Transfer,IN,7700000.0,Other
pjl tas rotan ke pegnepul kios laut biru no.#11114,Transfer,IN,2000000.0,Revenue
Bayar koki Februari 2820000,Transfer,OUT,2820000.0,Operating_Expense
terima trf titipan pelanggan belum jelas 25/04/26,Transfer,IN,130000.0,Other
setor uang kas ke bank Permata a.n Irfan Tamrin,Cash,OUT,500000.0,Transfer_Internal
By angkut stok 11/08,Transfer,OUT,225000.0,COGS
kulakan benang jahit 20 gulung,Cash,OUT,228000.0,COGS
TRF LLG DB 306846 XL Juni,Bank_Mutation,OUT,305000.0,Operating_Expense
Tarik tunai Rp180.000,Cash,IN,180000.0,Transfer_Internal
bayar QRIS DP order deterjen ke UD Surya,QRIS,OUT,11000000.0,COGS
nota kulak cream rambut #42833,Invoice,OUT,2400000.0,COGS
bayar teknisi servis laptop kerja a.n sartika sari,Transfer,OUT,215000.0,Operating_Expense
trf pengembalian dana investor arifin sudirman,Transfer,OUT,3790000.0,Financing
SETORAN TUNAI DISETOR KE REK CIMB NIAGA SENDIRI,Bank_Mutation,IN,1400000.0,Transfer_Internal
Trf servis motor priadi,Transfer,OUT,33000.0,Other
Inv N389455 beli busi grosir 2 dus,Invoice,OUT,7000000.0,COGS
kirim bayar cicilan pinjaman Koperasi Tani Makmur,Transfer,OUT,630000.0,Financing
DROPPING PINJAMAN MDL KERJA,Bank_Mutation,IN,22000000.0,Financing
bi-fast bayar pinjaman kemitraan suryani,Transfer,OUT,11000000.0,Financing
m-banking masuk masuk dr mandiri kredit no.f-284,Transfer,IN,1900000.0,Financing
TRANSFER KELUAR 1908/FTSCY/WS51566 TRANSFER KE AGEN NURUL,Bank_Mutation,OUT,700000.0,COGS
Transfer hutang dagang Grosir Jaya Kendari lunas a.n Kak Ratna,Transfer,OUT,250000.0,COGS
ATK kantor kafe kecil,Transfer,OUT,460000.0,Operating_Expense
beli styrofoam box ikan u/ usaha ikan,Cash,OUT,200000.0,COGS
Terima trf dana talangan mdl Yanti,Transfer,IN,1300000.0,Financing
uang tunai modal awal kasir 22 Apr,Cash,IN,59200.0,Transfer_Internal
Bayar cash ongkos sewa barista Tasrif,Cash,IN,18500.0,Revenue
pembayaran QRIS tgh internet Juli Telkomsel Orbit,QRIS,OUT,600000.0,Operating_Expense
trf masuk rizal lunas 06/04/25,Transfer,IN,15500.0,Revenue
Ramli Lakoro krm uang beli es kopi,Transfer,IN,700000.0,Revenue
"bahan air mineral habis, beli lagi 3 dus",Transfer,OUT,15000.0,COGS
bayar teknisi servis kompor,Transfer,OUT,1100000.0,Operating_Expense
tambahan mdl dari investor mbak ilham,Cash,IN,2000000.0,Financing
krm pembyrn bahan baku pewarna makanan - agen herman,Transfer,OUT,14344400.0,COGS
CR SWITCHING 190088 TARIK SALDO LINKAJA MILIK USAHA,Bank_Mutation,IN,122000.0,Transfer_Internal
terima trf withdraw saldo gopay usaha - 7-06-2025,Transfer,IN,155000.0,Transfer_Internal
trf masuk reward gopay ref 653y399,Transfer,IN,150000.0,Other
transfer toko tiga saudara f-937,Transfer,OUT,5816400.0,COGS
TRANSFER KELUAR 287515 ANGS PINJAMAN KOPDIT HARAPAN KE-3 REF 740Z710,Bank_Mutation,OUT,1000000.0,Financing
bayar bank sulrta 10000000 - tgl 8,Cash,OUT,10000000.0,Financing
TRSF E-BANKING CR 0301/LLG/WS97674 TRSF KOPERASI NELAYAN BAHARI RP 350.000,Bank_Mutation,IN,350000.0,Financing
TRSF E-BANKING CR 476158 TUNAI DISETOR KE REK BTN SENDIRI,Bank_Mutation,IN,6500000.0,Transfer_Internal
trf autodebet angsuran ksp bina sejahtera 09/05,Transfer,OUT,109000.0,Financing
penerimaan kas pjl kopi susu 04/07/26,Cash,IN,200000.0,Revenue
pembayaran pokok pembiayaan ksp mitra usaha 28 agu,Cash,OUT,2183700.0,Financing
DB SWITCHING BAYAR TAGIHAN BULANAN PLN PRABAYAR NO.T290487 4500000.00,Bank_Mutation,OUT,4500000.0,Operating_Expense
angsuran KUR BCA bulan 2 - 9 Sep 2026,Bank_Mutation,OUT,200000.0,Financing
Kas: angsuran pokok KUR BRI bulan September,Cash,OUT,400000.0,Financing
TT MASUK QRIS KASIR SHIFT 1 15000.00,Bank_Mutation,IN,15000.0,Revenue
bayar bu Tasrif upah kerja 24-04-2026,Cash,OUT,150000.0,Operating_Expense
BI-FAST DB 159873 TRSF KE TABUNGAN USAHA MUAMALAT,Bank_Mutation,OUT,557000.0,Transfer_Internal
BI-FAST SWA GEROBAK JUNI,Transfer,OUT,2000000.0,Operating_Expense
Inv SO/04/993 angs pinjaman BPR Mitra Kolaka ke-10,Invoice,OUT,1555200.0,Financing
KR OTOMATIS SETOR UANG KAS KE BANK MUAMALAT,Bank_Mutation,IN,450000.0,Transfer_Internal
"DEBET bayar KSP Bina Sejahtera Rp2,7jt",Bank_Mutation,OUT,2700000.0,Financing
bayar angsuran ke petugas pnm mekaar,Cash,OUT,5000000.0,Financing
Cetak mika kue bermerk,Transfer,OUT,464000.0,COGS
ud utama lunas (kios kecil),Transfer,OUT,2350000.0,COGS
AUTODEBET 21/08 PENYESUAIAN SALDO,Bank_Mutation,OUT,150000.0,Other
Pmb rutin 6.900.000 no.F-557,Cash,OUT,6900000.0,Other
hasil qris 8 mei 2026,QRIS,IN,11000.0,Revenue
uang tunai pengepul cv karya unaaha bayar lada 3 pcs,Cash,IN,1500000.0,Revenue
TRSF E-BANKING CR 07/12 SETOR HASIL JUALAN KE REK MANDIRI,Bank_Mutation,IN,1720000.0,Transfer_Internal
TRF LLG DB 18/01 TRANSFER KE AGEN BASRI A.N NUR IBRAHIM,Bank_Mutation,OUT,2800000.0,COGS
setoran tunai rek usaha Bank Sultra,Cash,OUT,5800000.0,Transfer_Internal
restock pewarna makanan a.n kak vina,Cash,OUT,180000.0,COGS
pinjaman keluarga Dewi mdl usaha,Bank_Mutation,IN,5300000.0,Financing
by angkut stok 5 Feb 2026,Cash,OUT,81000.0,COGS
SETORAN TUNAI TELLER BSI (AGUSTUS 2025),Bank_Mutation,IN,3746600.0,Transfer_Internal
jual grosir ganti kampas rem ke reseller mas rizal - 27 sep 2025,Invoice,IN,11000000.0,Revenue
BI-FAST CR 1803/LLG/WS52344 HASIL PENJUALAN DISETOR KE BANK 08/12/25,Bank_Mutation,IN,880000.0,Transfer_Internal
TRSF DB 08/09 ongkir barang masuk dari pasar inpres Unaaha tgl 28/04/25,Bank_Mutation,OUT,125000.0,COGS
Trf masuk witdraw saldo GoPay usaha,Transfer,IN,11000000.0,Transfer_Internal
TRF LLG DB 775413 TARIK TUNAI REKENING USAHA BTN,Bank_Mutation,OUT,100000.0,Transfer_Internal
restock tinta printer,Transfer,OUT,20000.0,COGS
cicil pembayaran barang CV Bintang Kemasan,Transfer,OUT,345000.0,COGS
PENCAIRAN PEMBIAYAAN KUR BNI UNTUK MODAL USAHA,Bank_Mutation,IN,33000000.0,Financing
tf iuran arisan keluarga no f-908,Transfer,OUT,110000.0,Other
SETORAN 383639 DANA KUR MANDIRI MASUK - 22/05/25,Bank_Mutation,IN,2270000.0,Financing
trf masuk jual kerupuk ikan ke tengkulak la ode ahmad nugraha,Transfer,IN,365000.0,Revenue
upah pak Hamdan minggu 12,Cash,OUT,5500000.0,Operating_Expense
uang tunai by kirim paket ke pelanggan travel,Cash,OUT,180000.0,Operating_Expense
tarik tunai atm muamalat ref 799z603,Cash,IN,125400.0,Transfer_Internal
cash trx keluar belum jelas a.n bapak suryani,Cash,OUT,10500.0,Other
TRF LLG DB 27/03 PERPANJANG SEWA 5 BULAN,Bank_Mutation,OUT,374000.0,Operating_Expense
tunai retribusi pasar agu,Cash,OUT,10000.0,Operating_Expense
KR OTOMATIS CAIR PINJAMAN KUR BRI AKAD 9177,Bank_Mutation,IN,4250000.0,Financing
PAYMENT 2104/FTSCY/WS81199 PEMBAYRAN RUTIN 112.000,Bank_Mutation,OUT,112000.0,Other
tarik cash bca 9.700.000,Cash,IN,9700000.0,Transfer_Internal
M-banking masuk dana talangan mdl Zulkifli Malik,Transfer,IN,2100000.0,Financing
pnjualan partai besar ikan cakalang UD Gemilang,Cash,IN,220000.0,Revenue
UANG TUNAI PEMBELIAN KEMASAN TOPLES 500ML,Cash,OUT,1400000.0,COGS
Scan QRIS unknown trx INV-2026/3150,QRIS,OUT,2700000.0,Other
jasa jasa pengolahan ikan Ridwan Purnama lunas Agutus,Transfer,IN,900000.0,Revenue
mie ayam x10 qris,QRIS,IN,315000.0,Revenue
TRSF E-BANKING DB 373933 ANGS NOV (NOV),Bank_Mutation,OUT,1781100.0,Financing
INV K201163 PEMBAYARAN DITERIMA PELANGGAN RAHAYU,Invoice,IN,20500000.0,Revenue
trf masuk kas masuk dr tabungan 245rb,Transfer,IN,245000.0,Transfer_Internal
uang tunai pbl busi 2 dus,Cash,OUT,1900000.0,COGS
"kirim ke cv sentosa niaga 11,5jt",Transfer,OUT,11500000.0,COGS
TT MASUK 189517 UANG MUKA SARUNG CV SEJAHTERA PLASTIK - TGL 6,Bank_Mutation,IN,1143700.0,Revenue
stock brg dagang standing pouch kemasan,Cash,OUT,600000.0,COGS
restock plastik pembungkus dari grosir barokah maju (usaha dagang),QRIS,OUT,400000.0,COGS
BI-FAST SETORAN ANGSURAN MINGGUAN KOPERASI NELAYAN BAHARI,Transfer,OUT,700000.0,Financing
TRSF CR SETOR HASIL JUALAN KE REK MANDIRI,Bank_Mutation,IN,600000.0,Transfer_Internal
"transfer masuk dana titipan rp11,4jt",Transfer,IN,11400000.0,Other
PEMBAYARAN 1607/LLG/WS66128 PAKET DATA INDOSAT 200000.00,Bank_Mutation,OUT,200000.0,Operating_Expense
TRSF CR NOTA JUAL UKIRAN KAYU 4 BOX AN. CV MANDIRI,Bank_Mutation,IN,7500000.0,Revenue
qris merchant token listrik toko nt-7493 tgl 02/06/25,QRIS,OUT,160000.0,Operating_Expense
TRSF DB 417068 SUMBANGAN ACARA KAMPUNG,Bank_Mutation,OUT,5000.0,Other
tunai biaya angkut stok 12 agu 2025,Cash,OUT,85000.0,COGS
terima kas jual edit video 28 Jan 2026,Cash,IN,700000.0,Revenue
BAYAR QRIS KALIBRASI GINDER KOPI MARET,QRIS,OUT,3700000.0,Operating_Expense
scan qris bayar tukang perbaikan printer,QRIS,OUT,195000.0,Operating_Expense
TF MASUK DANA SALAH TRF MASUK #75244,Bank_Mutation,IN,4300000.0,Other
TRSF CR MUTASI MASUK DR TABUNGAN USAHA DANAMON (COFFEE SHOP),Bank_Mutation,IN,110000.0,Transfer_Internal
TF PERMATA KE MANDIRI 460RB,Transfer,OUT,460000.0,Transfer_Internal
invoice inv-2025/3580 langganan canva pro,Invoice,OUT,50000.0,Operating_Expense
PEMBAYARAN SETTLE INVOCIE SUPPLIER TOKO PRIMA JUNI NO R692157,Bank_Mutation,OUT,600000.0,COGS
retur dana nt-8116,QRIS,IN,4000000.0,Other
BI-FAST CR QRIS MASUK PENJUALAN NASI GORENG,Bank_Mutation,IN,385000.0,Revenue
TRSF E-BANKING CR 1803/BIFAST/WS35151 PELANGGAN HAMDAN LUNASI TAGIHAN SMOOTHING 17 NOV 90000.00,Bank_Mutation,IN,90000.0,Revenue
SETORAN PENJULAN GROSIR PULSA KE RESELLER WAHYU PURNAMA,Bank_Mutation,IN,7000000.0,Revenue
Ambil uang di ATM Rp479rb no #13716,Cash,IN,479000.0,Transfer_Internal
DEBET 0408/BIFAST/WS29294 PINDAH DANA REK PERMATA KE SALDO SHOPEEPAY USAHA,Bank_Mutation,OUT,2000000.0,Transfer_Internal
Kulakan kain satin 15 meter,Cash,OUT,100000.0,COGS
trf masuk uang dari teman Desember,Transfer,IN,15000.0,Other
modal belanja benng tenun 10,Cash,OUT,15500000.0,COGS
kirim sisihkan dana ke tabungan usaha Bank Sultra,Transfer,OUT,180000.0,Transfer_Internal
trf pembayaran rutin 220rb,Transfer,OUT,220000.0,Other
BI-FAST CR SETORAN TUNAI,Bank_Mutation,IN,7000000.0,Transfer_Internal
BI-FAST DB 393034 TF KE AGEN SUKRI,Bank_Mutation,OUT,600000.0,COGS
TF bayar cicilan pinjaman KSP Bina Sejahtera,Transfer,OUT,14000000.0,Financing
BAYAR CICILAN KUR MEI,Bank_Mutation,OUT,5000000.0,Financing
transfer ke tabungan usaha Permata,Transfer,OUT,180000.0,Transfer_Internal
BI-FAST CR 0411/FTSCY/WS10965 CR 856X318 tanpa ket tgl 9 3200000.00,Bank_Mutation,IN,3200000.0,Other
Krm beli kertas foto dr agen Bahar,Transfer,OUT,32000.0,COGS
TRF LLG DB 04/01 PDAM SEP NO.E689431,Bank_Mutation,OUT,1400000.0,Operating_Expense
transfer biaya layanan GoFood bulan Februari,Transfer,OUT,11000.0,Operating_Expense
cetak brosur 200 lembar,Transfer,OUT,4000000.0,Operating_Expense
TRSF CR TERIMA PEMBIAYAAN KELOMPOK KUR BSI,Bank_Mutation,IN,1500000.0,Financing
TRSF CR COD CAIR SHOPEE M637083,Bank_Mutation,IN,157100.0,Revenue
Trf masuk pelanggan Hasrul Rp 3.663.100,Transfer,IN,3663100.0,Revenue
terima trf terima pembayaran jasa maklon produk,Transfer,IN,192000.0,Revenue
kado ulang tahun made ndoke,Transfer,OUT,65000.0,Other
QR tf keluar 28 Nov 2025,QRIS,OUT,320000.0,Other
Transfer ke tabungan usaha Muamalat,Transfer,OUT,1400000.0,Transfer_Internal
Pinjaman keluarga Pak Jamal mdl usaha,Transfer,IN,2520000.0,Financing
cash pelanggan pelanggan Wulan - ganti oli,Cash,IN,55000.0,Revenue
TRF LLG CR 777010 TERIMA PINDAHAN DANA DARI REK BSI USAHA,Bank_Mutation,IN,1757600.0,Transfer_Internal
TRSF E-BANKING DB 519845 BIAYA CETAK NOTA,Bank_Mutation,OUT,25000.0,Operating_Expense
terima trf dana masuk rp23.700,Transfer,IN,23700.0,Other
isi kas kecil dari rek,Cash,IN,2050000.0,Transfer_Internal
TRSF E-BANKING DB ATK kantor usaha laundry 160000.00,Bank_Mutation,OUT,160000.0,Operating_Expense
penjualan 11-09-2026 qris kangkung - 11-09-2026,QRIS,IN,6000.0,Revenue
KREDIT TRANSFER DR ADIK NO.#77517,Bank_Mutation,IN,950000.0,Other
DB SWITCHING SETTLE INVOICE SUPPLIER GROSIR MITRA PERIODE SEP,Bank_Mutation,OUT,4510000.0,COGS
AUTODEBET 1902/FTFVA/WS32883 PEMBAYARAN BULANAN 100000.00,Bank_Mutation,OUT,100000.0,Other
TRSF CR 370628 COD CAIR TOKOPEDIA NT-7494 35000.00,Bank_Mutation,IN,35000.0,Revenue
Bayar tagihan supplier agen Ridwan,QRIS,OUT,600000.0,COGS
TRF LLG CR 16/05 SETOR TUNAI CDM BSI,Bank_Mutation,IN,253000.0,Transfer_Internal
BAYAR QRIS AUTODEBET FIRST MEDIA BLN AGUSTUS,QRIS,OUT,509100.0,Operating_Expense
angsuran kur bni 2402 (januari),Cash,OUT,38000000.0,Financing
qris masuk penjualan tepung,QRIS,IN,20000.0,Revenue
BI-FAST CR PENYETORAN HASIL DAGANG KE REKENING USAHA,Bank_Mutation,IN,2600000.0,Transfer_Internal
bongkar muat teupng sagu agen dedi no.po3290,Transfer,OUT,2980000.0,COGS
DB SWITCHING ANGSURAN KRD BSI DESEMBER 2025,Bank_Mutation,OUT,13000000.0,Financing
Swa lapak pasar November 2025 tgl 13/03/26,Cash,OUT,1210000.0,Operating_Expense
invoice nt-7908 pengembalian dana transaksi #72346,Invoice,OUT,15000.0,Other
TT MASUK 2102/FTSCY/WS93237 OVERBOOKING REK SENDIRI DARI BRI,Bank_Mutation,IN,20119200.0,Transfer_Internal
KRD TARIK SALDO GOPAY USAHA KE REK MUAMALAT 340000.00,Bank_Mutation,IN,340000.0,Transfer_Internal
Kas: restock rantai dan gear,Cash,OUT,2300000.0,COGS
TRSF MASUK RP 1.500.000 DARI PAK TONO JAN,Bank_Mutation,IN,1500000.0,Revenue
Onkos kirim pmbelian deterjen,Transfer,OUT,50000.0,COGS
Bayar order cetak banner 10 6 buah Vina,Invoice,IN,950000.0,Revenue
transfer masuk pembyrn cuci kiloan 8x,Transfer,IN,4700000.0,Revenue
Parkir & bensin kirim pesanan,Cash,OUT,1100000.0,Operating_Expense
KIRIM PMBELIAN BARANG DAGANG AGU,Transfer,OUT,900000.0,COGS
bayar cash arisan rt feb,Cash,OUT,900000.0,Other
BI-FAST DB 09/01 POTONGAN KOMISI SHOPEEFOOD,Bank_Mutation,OUT,47500.0,Operating_Expense
PAYMENT PINDAH BUKU BSI KE DANAMON SENDIRI,Bank_Mutation,OUT,118600.0,Transfer_Internal
CETAK BROSUR 500 LEMBAR,QRIS,OUT,50000.0,Operating_Expense
kiriman rina firdaus no.inv-2025/4263,Transfer,IN,232000.0,Revenue
HASIL JASA ADMIN SOSMED 23-01-2025,Cash,IN,500000.0,Revenue
trf masuk dana kopdit harapan masuk - 2005,Transfer,IN,2850000.0,Financing
QRIS iklan Facebook Apr,QRIS,OUT,1300000.0,Operating_Expense
tarikan atm muamalat,Cash,IN,630000.0,Transfer_Internal
M-BANKING DENDA PARKIR,Transfer,OUT,1200000.0,Other
Ongkos kirim pembelian pupuk kandang,Cash,OUT,150000.0,COGS
Transfer grosir Sumber Baru 350000,Transfer,OUT,350000.0,COGS
Trf ke agen Irfan pembelian ayam potong,Cash,OUT,31000000.0,COGS
jasa kebersihan september,Transfer,OUT,41000.0,Operating_Expense
Kas: ongkos krm pembelian susu bubuk,Cash,OUT,300000.0,COGS
pmbelian bibit cabai utk usaha tani,Cash,OUT,1350000.0,COGS
TRF LLG DB kembalikan pinj ke Sartika Nasution,Bank_Mutation,OUT,9363400.0,Financing
TRSF CR 975465 SETOR CASH KE REK USAHA 14-03-2026 - 14-03-2026,Bank_Mutation,IN,2500000.0,Transfer_Internal
angsuran krd BSI November 2025,Transfer,OUT,292000.0,Financing
kas: bunga tabungan muamalat,Cash,IN,1200000.0,Other
pendapatan cash shift sore,Cash,IN,80000.0,Revenue
pengembalian dana transaksi #55900,Cash,OUT,2480000.0,Other
trf masuk Made 300k,Bank_Mutation,IN,300000.0,Revenue
refund order batal 1460,QRIS,OUT,900000.0,Other
DEBET 2212/FTSCY/WS70115 POTONG REKENING DANAMON ANGS,Bank_Mutation,OUT,21000000.0,Financing
TRANSFER KELUAR TRANSAKSI TIDAK DIKENAL,Bank_Mutation,OUT,2870400.0,Other
cash bonus Firman,Cash,OUT,1690000.0,Operating_Expense
trf masuk pesnan katering cust ainun acara arisan ibu-ibu,Transfer,IN,270000.0,Revenue
DEBET DENDA TILANG NO T26174,Bank_Mutation,OUT,23000.0,Other
DB SWITCHING 904304 BAYAR TAGIHAN BULANAN PLN JULI,Bank_Mutation,OUT,25000.0,Operating_Expense
TRF AGEN NASIR #71713,Transfer,OUT,1500000.0,COGS
Bayar kapster Jul Rp4.000.000,Transfer,OUT,4000000.0,Operating_Expense
CR SWITCHING 748964 SETOR UANG KAS KE BANK BTN,Bank_Mutation,IN,5546000.0,Transfer_Internal
cash pelunasan pnjmn ksp mitra usaha tgl 25,Cash,OUT,680000.0,Financing
trf masuk tarik saldo dana milik usaha,Transfer,IN,121600.0,Transfer_Internal
TRF LLG DB 520524 CICIL PEMBAYARAN BARANG AGEN LESTARI,Bank_Mutation,OUT,10300000.0,COGS
TRSF DB 576685 BELANJA STOCK BIBIT KAKAO KE CV LESTARI,Bank_Mutation,OUT,2740000.0,COGS
Bayar kopi bubuk scan QRIS,QRIS,IN,385000.0,Revenue
TRF LLG DB 906509 THR KARYAWAN JULI,Bank_Mutation,OUT,1450000.0,Operating_Expense
nota petani suryani tgl 10/03 bibit kakao no po2070,Invoice,OUT,245000.0,COGS
"BI-FAST DB 13/08 trf Pegadaian 3,9jt 3900000.00",Bank_Mutation,OUT,3900000.0,Financing
DB SWITCHING AUTODEBET ANGSURAN KSP BINA SEJAHTERA,Bank_Mutation,OUT,590500.0,Financing
setoran kas ke tabungan bsi,Cash,OUT,470000.0,Transfer_Internal
SCAN QRIS PEMBELIAN UMPAN UNTUK KIOS IKAN SEGAR,QRIS,OUT,175000.0,COGS
termia trf dana talangan modal kak jumriah,Transfer,IN,1048400.0,Financing
pnm mekaar cair rp366rb,Transfer,IN,366000.0,Financing
qris suryani ramadhan 48000,QRIS,OUT,48000.0,Other
SETORAN 02/08 penyetoran hasil dagang ke rekening usaha ref 620Y496,Bank_Mutation,IN,12000000.0,Transfer_Internal
PEMBAYARAN POKOK PINJAMAN BMT AL-AMIN,Bank_Mutation,OUT,18000000.0,Financing
Ags kredit BTN bln Mei,Transfer,OUT,763900.0,Financing
M-banking perbaikan atap tambal ban,Transfer,OUT,110000.0,Operating_Expense
Uang belum jelas sumbernya 26-07-2025,Transfer,IN,5900000.0,Other
Kas: uang makan karyawan Oktober 2025,Cash,OUT,500000.0,Operating_Expense
Scan QRIS hibah keluarga,QRIS,IN,22000.0,Other
qris meja 6 edit video,QRIS,IN,170000.0,Revenue
m-banking masuk pencairan kur mandiri,Transfer,IN,42000000.0,Financing
TRANSFER KELUAR 502874 FEE APLIKASI KASIR AGUSTUS,Bank_Mutation,OUT,380000.0,Operating_Expense
TRSF E-BANKING DB 23/03 BYR RUTIN,Bank_Mutation,OUT,1350000.0,Other
top up dompet digital usaha GoPay,QRIS,OUT,60000.0,Transfer_Internal
M-banking masuk pinjam modal ke Kak Dewi (usaha ikan),Transfer,IN,2020000.0,Financing
BI-FAST DB 21/10 SISIHKAN DANA KE TABUNGAN USAHA BANK SULTRA,Bank_Mutation,OUT,900000.0,Transfer_Internal
droping KUR Mandiri 22-09-2026,Bank_Mutation,IN,15000000.0,Financing
bayar qris pmbyrn filter oli ke agen ismail,QRIS,OUT,19000000.0,COGS
PEMBAYARAN 250835 PMBYRN KAIN TENUN KE AGEN BERSAMA,Bank_Mutation,OUT,18000000.0,COGS
transfer salah kirim lina kurniawan,Transfer,IN,410000.0,Other
trf masuk jamal halim (setrika) no po6409,Transfer,IN,11000000.0,Revenue
pembayaran QRIS top up dompet digital usaha ShopeePay,QRIS,OUT,6500000.0,Transfer_Internal
BYR 18/01 BAYAR LES ANAK,Bank_Mutation,OUT,25000.0,Other
transfer masuk tanpa nama pengirim,Cash,IN,1300000.0,Other
m-banking masuk bonus bank permata,Transfer,IN,1460000.0,Other
tf bayar pinjaman kemitraan bahar kurniawan,Transfer,OUT,3100000.0,Financing
Invoice jasa jasa cetak foto UD Sejahtera F669506 1006,Invoice,IN,8000000.0,Revenue
tunai servis genset rusak 23/06,Cash,OUT,1400000.0,Operating_Expense
uang keluar tanpa nota,Transfer,OUT,350000.0,Other
M-banking autodebet angsuran BPR Sultra Mandiri,Transfer,OUT,165000.0,Financing
transfer masuk cair pinjaman pnm ulamm akad so/02/530,Transfer,IN,23500000.0,Financing
BI-FAST honor Reski Mei 2026,Transfer,OUT,1400000.0,Operating_Expense
BAYAR QRIS REWARD OVO,QRIS,IN,360000.0,Other
GJ TUKANG CUCI BULAN JULI,Transfer,OUT,1100000.0,Operating_Expense
trf masuk investasi Yusuf Hamzah utk usaha jasa digital,Transfer,IN,3600000.0,Financing
qris isi saldo merchant gopay,QRIS,OUT,99000.0,Transfer_Internal
TRANSFER KELUAR bayar gj pegawai 1 orang,Bank_Mutation,OUT,188000.0,Operating_Expense
dana salah transfer masuk #18013,Transfer,IN,55000.0,Other
QRIS LinkAja pelanggan ATK,QRIS,IN,74000.0,Revenue
trf refund #68282,Transfer,OUT,15000.0,Other
Kirim uang ke grosir Bumi no NT-5925,Transfer,OUT,100000.0,COGS
Bayar QRIS pengeluaarn lain 06/03/25 Sep,QRIS,OUT,5000.0,Other
TRF KELUAR 12/01 BAYAR CV BERSAMA PRATAMA KAIN KATUN 10 ROLL,Bank_Mutation,OUT,830000.0,COGS
m-banking retribusi lapak 19 apr,Transfer,OUT,560000.0,Operating_Expense
KRD SETOR 24.047.100,Bank_Mutation,IN,24047100.0,Transfer_Internal
QRIS MERCHANT PMBELIAN PACK LABEL HARGA,QRIS,OUT,22500.0,COGS
TERIMA PINDAHAN DANA DARI REK MANDIRI USAHA,Bank_Mutation,IN,2400000.0,Transfer_Internal
Saldo tabungan usaha dipindah ke rek BCA,Transfer,IN,22500000.0,Transfer_Internal
autodebet angsuran ksp bina sejahtera,Transfer,OUT,2990000.0,Financing
refund order batal inv-2026/2414,QRIS,OUT,10000.0,Other
Krm bayar hutang modal Mbak Mulyadi,Transfer,OUT,247700.0,Financing
TRSF KE RKG OPS DANAMON,Bank_Mutation,OUT,6000000.0,Transfer_Internal
QRIS merchant kembalikan uang 47700 tanpa keterangan,QRIS,OUT,47700.0,Other
Faktur PO7170 setoran angsuran mingguan PNM Mekaar,Invoice,OUT,700000.0,Financing
Beli barang dagangan minyak goreng dr grosir ref Y46782,Cash,OUT,900000.0,COGS
saldo bukalapak masuk rek pjl online,Transfer,IN,80000.0,Revenue
DB SWITCHING PINDAH DANA REK BRI KE SALDO LINKAJA USAHA 4500000.00,Bank_Mutation,OUT,4500000.0,Transfer_Internal
AUTODEBET SEWA TEMAPT 14-01-2026,Bank_Mutation,OUT,1200000.0,Operating_Expense
Kirim bayar pasar baru Baubau,Transfer,OUT,13254000.0,COGS
transfer masuk pembayaran order pulsa dan paket data - laode rusman,Transfer,IN,450000.0,Revenue
"BHN GROSIR KEMEJA HABIS, BELI LAGI 12 PCS A.N MAS HAERUL",Cash,OUT,150000.0,COGS
Dana salah transfer masuk 6132,Transfer,IN,6018400.0,Other
setor kas ke brankas,Cash,OUT,60000.0,Transfer_Internal
bayar QRIS ongkir antar pesanan Salma,QRIS,OUT,1200000.0,Operating_Expense
BI-FAST DB PINDAH DANA RP 6.326.000 (OUTLET FASHION),Bank_Mutation,OUT,6326000.0,Transfer_Internal
HASIL PNJUALAN DISETOR KE BANK 2112,Cash,OUT,5659500.0,Transfer_Internal
PEMBAYARAN RUTIN (BULAN SEPTEMBER),Cash,OUT,500000.0,Other
m-banking bayar angsuran ke petugas Kopdit Harapan 06/10/25,Transfer,OUT,14000000.0,Financing
BI-FAST ekspedisi bahan baku CV Harapan Trading,Transfer,OUT,239000.0,COGS
TERIMA PINDAHAN DANA DARI REK CIMB NIAGA USAHA,Bank_Mutation,IN,9000000.0,Transfer_Internal
scan qris kalibrasi freezer,QRIS,OUT,96000.0,Operating_Expense
TRSF E-BANKING CR 1801/FTFVA/WS32383 PENCAIRAN PLAFON KREDIT KUR MANDIRI A.N LA ODE AHMAD PRATAMA,Bank_Mutation,IN,4340000.0,Financing
m-banking masuk pencairan pinjaman bpr sultra mandiri,Transfer,IN,17143200.0,Financing
tarik tunai BCA 3550000,Cash,IN,3550000.0,Transfer_Internal
setoran tunai teller mandiri,Cash,OUT,11000000.0,Transfer_Internal
TRF LLG CR PMBYRN DARI ARIFIN SSUANTO 19RB NO.SO/03/422,Bank_Mutation,IN,19000.0,Revenue
tarik tunai utk kas kecil (lapak ikan),Cash,IN,14000000.0,Transfer_Internal
transfer basri kurniawan sisa pembayaran tomat,Transfer,IN,50000.0,Revenue
PEMBAYARAN 2810/FTFVA/WS97521 BIAYA EDC BULAN DESEMBER,Bank_Mutation,OUT,16000.0,Operating_Expense
byr qris bbm kendaraan usaha 26/07,QRIS,OUT,20000.0,Operating_Expense
kas kecil masuk 18 jul 2025,Cash,IN,3680000.0,Transfer_Internal
tarik tunai buat kas no.T273207,Cash,IN,1900000.0,Transfer_Internal
bayar cash denda tilang,Cash,OUT,9000.0,Other
cash pdam agu,Cash,OUT,90000.0,Operating_Expense
Trsf ke LinkAja usaha sendiri,Transfer,OUT,204400.0,Transfer_Internal
SETORAN PENCAIRAN KREDIT MODAL KERJA KUR BNI,Bank_Mutation,IN,2010000.0,Financing
Jual bolu cash 5 pcs ref 12405798,Cash,IN,1700000.0,Revenue
Trf Koperasi Tani Makmur 12000000 - 20 Jun 2025,Transfer,OUT,12000000.0,Financing
"stok jualan kabel dan colokan habis, tambah 5 lusin periode Okt",Cash,OUT,100000.0,COGS
CICIL PEMBAYARAN BARANG GROSIR WANGI SULTRA REF G66580,Bank_Mutation,OUT,230000.0,COGS
CASH SREVIS MESIN JAHIT RUSAK 28-09-2025,Cash,OUT,4500000.0,Operating_Expense
bi-fast iklan google ads agustus 2025,Transfer,OUT,2100000.0,Operating_Expense
cash belanja gula halus pagi 23-02-2026,Cash,OUT,13000.0,COGS
tagihan internet november 2025 first media,Cash,OUT,120000.0,Operating_Expense
kas kecil dipindah ke brankas - 20 mar,Cash,OUT,448000.0,Transfer_Internal
kirim bleanja pribadi 7 mei 2026,Transfer,OUT,282000.0,Other
Belanja ban dalam pagi 2305,Cash,OUT,150000.0,COGS
uang tunai belanja plastik grosir dan kabel dan colokan a.n pak jumriah,Cash,OUT,80000.0,COGS
"Nota NT-4880 kemasan box pizza habis, beli 1 lusin",Invoice,OUT,2200000.0,COGS
nota belanja plastik kemasan laundry depot mitra sultra,Invoice,OUT,160000.0,COGS
Uang tunai bayar tagihan bulanan Telkomsel,Cash,OUT,415000.0,Operating_Expense
UANG CASH STOCK DUS UKRUAN M 6 BUAH,Cash,OUT,255000.0,COGS
Cicil pinj koperasi Agustus,Transfer,OUT,16000000.0,Financing
Bayaran Ramli (April),Transfer,IN,1800000.0,Revenue
Nota PO2167 pembayaran kacang mete u/ syukuran - Yusuf,Invoice,IN,341000.0,Revenue
KREDIT 27/05 DANA MASUK DARI REKENING SENDIRI,Bank_Mutation,IN,15000000.0,Transfer_Internal
transfer rahim sisa pembayaran alat tulis,Transfer,IN,11000000.0,Revenue
uang keamanan coffee shop januari 2025,Cash,OUT,25000.0,Operating_Expense
freight stock agen yanti,Transfer,OUT,32000.0,COGS
tf masuk pembayaran invoice f-254 alfian purnama,Transfer,IN,1560000.0,Revenue
pmb qris dr hamdan utk americano,QRIS,IN,30000.0,Revenue
faktur #22255 pembayaran bahan baku styrofoam box ikan - agen dewi,Invoice,OUT,400000.0,COGS
belanja umpan dan garam ikan,Cash,OUT,290000.0,COGS
PAYMENT REFUND PELANGGAN TIDAK TERIDENTIFIKASI,Bank_Mutation,OUT,20000.0,Other
transfer masuk dr pak Akbar (kafe kecil),Transfer,IN,2190000.0,Revenue
TERIMA TF HJ. YANTI - KOPI BUBUK,Transfer,IN,900000.0,Revenue
Faktur F-094 pelunasan kredit modal kerja Muamalat,Invoice,OUT,10100000.0,Financing
angs kur bsi bulan 3,QRIS,OUT,500000.0,Financing
TRANSFER KELUAR ANGSURAN KE-1 PINJAMAN PNM MEKAAR,Bank_Mutation,OUT,12000000.0,Financing
TF bayar SPP anak,Transfer,OUT,6000000.0,Other
krd cair bank sultra,Transfer,IN,4170000.0,Financing
transfer masuk pinj keluarga irfan tamrin modal usaha,Transfer,IN,2550000.0,Financing
TRF LLG DB 129543 CICILAN KRD MODAL KERJA BANK SULTRA NO.NT-3153,Bank_Mutation,OUT,11000000.0,Financing
m-banking bayar Telkomsel Rp250.000 - 18-06-2026,Transfer,OUT,250000.0,Operating_Expense
QR BELANJA KBTHN RUMAH TANGA,QRIS,OUT,75000.0,Other
BI-FAST DB maintenance mesin espresso bulanan,Bank_Mutation,OUT,950000.0,Operating_Expense
SLIP SETORAN MANDIRI SO/05/674,Invoice,IN,2132900.0,Transfer_Internal
trf bayar cicilan KUR Desember,Transfer,OUT,4500000.0,Financing
Bayar cash uang lebmur kurir,Cash,OUT,6315600.0,Operating_Expense
Jasa perawatan rambut Waode Nia lunas,Cash,IN,260000.0,Revenue
TRF LLG DB 1409/FTSCY/WS66401 TRANFSER ANTAR REK SENDIRI BTN-BANK SULTRA,Bank_Mutation,OUT,1700000.0,Transfer_Internal
m-banking byr pokok pembiayaan ksp mitra usaha 05/03/25,Transfer,OUT,1050000.0,Financing
TRSF E-BANKING DB WITHDRAW TUNAI BANK SULTRA 8-01-2025,Bank_Mutation,OUT,225000.0,Transfer_Internal
PAYMENT BIAYA PROMOSI PERNIKAHAN,Bank_Mutation,OUT,800000.0,Operating_Expense
pmbyrn qris transfer ke shopeepay usaha sendiri,QRIS,OUT,65000.0,Transfer_Internal
TRSF E-BANKING CR 0906/LLG/WS36461 REALISASI KRD KUR BNI L194147 NO L194147,Bank_Mutation,IN,2010000.0,Financing
Bayar cash fee sewa barista Basri Susanto,Cash,IN,500000.0,Revenue
pembayaran ke tb tani inv so/10/779 ref 82734213,Transfer,OUT,310000.0,COGS
Invoice #31703 pembayaran rutin 35.000,Invoice,OUT,35000.0,Other
Bayar kontrakan usaha Mei,Invoice,OUT,1300000.0,Operating_Expense
pembayaran ud sentosa wangi 2802,Transfer,OUT,550000.0,COGS
transfer masuk jul,Transfer,IN,931500.0,Other
AUTODEBET AUTODEBET ANGSURAN BANK SULTRA,Bank_Mutation,OUT,150000.0,Financing
FAKTUR INV-2025/2660 BAYAR SEWA TEMPAT USAHA NOVEMBER - 22-10-2025,Invoice,OUT,2700000.0,Operating_Expense
Tarik tunai 100000 - 2-04-2026,Cash,IN,100000.0,Transfer_Internal
QR wifi usaha tani bulan April,QRIS,OUT,60000.0,Operating_Expense
Trf masuk pinjam modal ke Agus Purnama,Transfer,IN,10000000.0,Financing
cash ambil pribadi pemilik - 25/02,Cash,OUT,16500.0,Other
Scan QRIS terima pmb jasa maklon produk,QRIS,IN,500000.0,Revenue
tunai pembelian kemasan mika kue tgl 19/04,Cash,OUT,240000.0,COGS
TT MASUK 10/02 OVERBOOKING REK SENDIRI DR PERMATA,Bank_Mutation,IN,700000.0,Transfer_Internal
Ojek online kirim 2 paket tgl tgl 14,Transfer,OUT,175000.0,Operating_Expense
Kulakan garam dan penyedap 2 karung,Cash,OUT,240000.0,COGS
stock barang dagang air mineral,Cash,OUT,2220000.0,COGS
trf ke pt setia koaka a.n pak wa ode sari,Transfer,OUT,460000.0,COGS
EKSPEDISI BAHAN BAKU KIOS JAYA,Bank_Mutation,OUT,75000.0,COGS
krd cair danamon,Transfer,IN,4850000.0,Financing
bayar Depot Makmur Sinar bulan Oktober,Transfer,OUT,1140000.0,COGS
DANA MASUK DEPOT MAKMUR GEMILANG NO.NT-3554,Transfer,IN,20000.0,Revenue
qris biaya kirim paket ke pelanggan kurir toko,QRIS,OUT,112000.0,Operating_Expense
invioce tidak dikenal NT-1217 - 26 Jan,Cash,IN,17500.0,Other
penerimaan pinj dr KUR BSI ref 10661055,Transfer,IN,19000000.0,Financing
"Tunai bahan sirup habis, beli lagi 6 botol",Cash,OUT,12000.0,COGS
invoice jasa jasa ukir pelanggan made inv-2025/6588,Invoice,IN,200000.0,Revenue
sewa warung makan periode mei,Cash,OUT,500000.0,Operating_Expense
Faktur N593034 - grosir Mitra - kain satin 15 meter,Invoice,OUT,11500000.0,COGS
setor cash ke rekening cimb niaga ref z71825,Cash,OUT,24100000.0,Transfer_Internal
Setoran tnai rek usaha Muamalat,Cash,OUT,7000000.0,Transfer_Internal
TT MASUK 331728 TERIMA PINDAHAN DANA DARI REK MUAMALAT USAHA,Bank_Mutation,IN,139000.0,Transfer_Internal
sebar leaflet 27/09,Transfer,OUT,4071900.0,Operating_Expense
"AUTODEBET 421270 STOK JUALAN PELEMBUT PAKAIAN HABIS, TAMBAH 10 LITER",Bank_Mutation,OUT,12000000.0,COGS
TRANSFER KELUAR 09/02 TARIK TUNAI RP1JT,Bank_Mutation,OUT,1000000.0,Transfer_Internal
TF beli pulsa pribadi,Transfer,OUT,2000000.0,Other
KR OTOMATIS PINJAM MODAL KE JAMAL NDOKE,Bank_Mutation,IN,22600000.0,Financing
tambah stok pewarna kain 5 botol,Cash,OUT,185000.0,COGS
Scan QRIS pembelian box pizza & plastik klip,QRIS,OUT,48000.0,COGS
m-banking arisan rt juli,Transfer,OUT,2240000.0,Other
TUNAI LUNASI PINJAMAN ASWIN ANSHARI,Cash,OUT,15000000.0,Financing
nota belanja keju parut ud sentosa,Invoice,OUT,190000.0,COGS
NOTA AGEN JUMRIAH TGL 0107 DAGING SAPI,Invoice,OUT,270000.0,COGS
qris titipan mira baso,QRIS,OUT,1050000.0,Other
m-banking masuk dana masuk dari rekening sendiri - 26/01,Transfer,IN,1050400.0,Transfer_Internal
Angsuran pokok Bank Sultra September,Cash,OUT,1269200.0,Financing
Iuran warga bln Mei,QRIS,OUT,300000.0,Other
QRIS debet otomatis tidak dikenal,QRIS,OUT,150000.0,Other
Pembayaran QRIS uang lembur mas Akbar a.n Bu Dewi,QRIS,OUT,4275500.0,Operating_Expense
TRSF E-BANKING CR SETOR UANG KAS KE BANK BANK SULTRA,Bank_Mutation,IN,1300000.0,Transfer_Internal
Pembyrn supl agen Salma cairan pendingin,QRIS,OUT,1600000.0,COGS
pmbyrn vina sari ke rek usaha ikan cakalang,Transfer,IN,700000.0,Revenue
DP ORDER PEWANGI LAUNDRY KE TOKO REZEKI TGL 07/06,Bank_Mutation,OUT,900000.0,COGS
qr isi saldo gopay bisnis a.n nila sari,QRIS,OUT,1500000.0,Transfer_Internal
invoice f-573 setoran angsuran mingguan kopdit harapan a.n rahim nugraha,Invoice,OUT,150000.0,Financing
penerimaan kas penjualan tambal ban 24-08-2025,Cash,IN,140000.0,Revenue
melati nasution transfer pembayaran 3 snack anak,Transfer,IN,3808700.0,Revenue
hasil jualan servis besar sore ini,Cash,IN,2000000.0,Revenue
m-banking servis freezer rusak 10 Feb,Transfer,OUT,739800.0,Operating_Expense
BI-FAST perbaikan freezer no.F-686,Transfer,OUT,2200000.0,Operating_Expense
TRSF DB GJ KASIR MEI,Bank_Mutation,OUT,1050000.0,Operating_Expense
Faktur SO/03/469 bayar cicilan pinjaman BPR Mitra Kolaka,Invoice,OUT,200000.0,Financing
M-banking iuran RT periode Feb,Transfer,OUT,260900.0,Other
terima trf bayar pesanan manicure 1 2 dus erni suparman,Transfer,IN,7000000.0,Revenue
"pindah dana 4,6jt",Transfer,OUT,4600000.0,Transfer_Internal
TRSF E-BANKING DB HONOR MAS ERNI JANUARI A.N IBU RINA 3100000.00,Bank_Mutation,OUT,3100000.0,Operating_Expense
KREDIT 24/10 TERIMA PEMBAYARAN JASA JASA LAS 990000.00,Bank_Mutation,IN,990000.0,Revenue
KREDIT KIRIMAN DARI AYAH,Bank_Mutation,IN,6000000.0,Other
trf masuk order partai padi dari PT Sumber Rejeki Kemasan,Transfer,IN,950000.0,Revenue
pmb tomat dr Salma via Bank Sultra tgl 2606,Transfer,IN,1600000.0,Revenue
PEMBAYARAN 2106/FTSCY/WS19256 perbaikan atap toko pakian,Bank_Mutation,OUT,370000.0,Operating_Expense
Hasil jualan cuci kiloan sore ini,Cash,IN,70000.0,Revenue
Nota F-154 angs pinjaman Koperasi Nelayan Bahari ke-1,Invoice,OUT,570000.0,Financing
KREDIT DANA SALAH TRANSFER MASUK F-476,Bank_Mutation,IN,780000.0,Other
M-banking banner tk baru (warkop),Transfer,OUT,76000.0,Operating_Expense
TRANSFER KELUAR UNKNOWN TRX F-991,Bank_Mutation,OUT,95000.0,Other
ongkos krm pembelian kertas art carton,Transfer,OUT,800000.0,COGS
M-BANKING PMBYRN DONASI WISUDA,Transfer,OUT,1082200.0,Other
TARIK TNAI ATM BSI,Bank_Mutation,OUT,750000.0,Transfer_Internal
scan qris cetak stiker label produk bermerk,QRIS,OUT,39000.0,COGS
Tunai cust Waode Nia - jilbab,Cash,IN,850000.0,Revenue
QRIS merchant pembelian barang dagang Maret 2026,QRIS,OUT,90000.0,COGS
m-banking maintenance grinder kopi bulanan,Transfer,OUT,43500.0,Operating_Expense
TF upah Marlina minggu 6,Transfer,OUT,1150000.0,Operating_Expense
DB SWITCHING 2410/LLG/WS37533 UANG JAJAN ANAK 110000.00,Bank_Mutation,OUT,110000.0,Other
setor uang kas ke bank permata,Cash,OUT,7300000.0,Transfer_Internal
Pajak bunga tabungan Permata,Transfer,OUT,90000.0,Other
TRANSFER KELUAR 10/08 Telkomsel 900.000 tgl 6 900000.00,Bank_Mutation,OUT,900000.0,Operating_Expense
UANG TUNAI ANGS PINJAMAN PNM ULAMM KE-3,Cash,OUT,841500.0,Financing
invoice so/07/558 pengembalian dana dari toko online f-729,Invoice,IN,750000.0,Other
hutang dagang agen dewi lunas no.2775,Transfer,OUT,1100500.0,COGS
DB SWITCHING SEWA TOKO KELONTONG PERIODE JULI 3450000.00,Bank_Mutation,OUT,3450000.0,Operating_Expense
Transfer masuk invoice SO/03/661 Nila Suparman paid,Transfer,IN,4150000.0,Revenue
terima trf pinjaman keluarga haji saldi modal usaha,Transfer,IN,14800000.0,Financing
PEMBAYARAN LUNAS DIPERCEPAT KUR BTN,Bank_Mutation,OUT,1200000.0,Financing
Nota INV-2026/5661 pembayaran supplier agen Budi mie instan,Invoice,OUT,26000000.0,COGS
Nota agen Mulyadi tgl tgl 17 kain tenun,Invoice,OUT,2100000.0,COGS
cash freight stock grosir mitra,Cash,OUT,100000.0,COGS
bayar cash cicil pembayaran barang agen ismail,Cash,OUT,1482900.0,COGS
SETORAN PENERIMAAN KREDIT USAHA RAKYAT BNI NO.S739187 41700000.00,Bank_Mutation,IN,41700000.0,Financing
TRANSFER MASUK NURUL TF RP38.900 NO #31535,Bank_Mutation,IN,38900.0,Revenue
bayar cash bayar teknisi servis lampu tk,Cash,OUT,3643800.0,Operating_Expense
Bayar agen Melati lampu LED 4 dus a.n Rizal Nasution,Transfer,OUT,566900.0,COGS
TRSF CR 990461 pencairan KUR Muamalat,Bank_Mutation,IN,25135100.0,Financing
bayar cash pendapatan harian coffee shop 1 feb no.nt-1050,Cash,IN,670000.0,Revenue
PINDAH DANA 210K TGL 28/05,Bank_Mutation,OUT,210000.0,Transfer_Internal
krm ke wahyu lestari a.n wahyu lestari,Transfer,OUT,6000000.0,Other
belanja pribadi 0303,Bank_Mutation,OUT,5500000.0,Other
trf pbl kemasan kotak nasi,Transfer,OUT,70000.0,COGS
KREDIT 12/07 INVESTASI IBU MIRA UTK USAHA KANTIN REF 21606553,Bank_Mutation,IN,1150000.0,Financing
tarik tunai 1600000,Cash,IN,1600000.0,Transfer_Internal
bayar sampah agustus,Cash,OUT,83000.0,Operating_Expense
Trf masuk tambahan modal dari investor Yanti Putri - 1304,Transfer,IN,4830000.0,Financing
Nota pemindahan dana antar kas #60536,Invoice,OUT,2300000.0,Transfer_Internal
bayar qris pengemalian dana 1905 juni,QRIS,OUT,1400000.0,Other
iuran warga Maret,Transfer,OUT,55000.0,Other
SETORAN 285850 PENCAIRAN PEMBIAYAAN MURABAHAH BSI,Bank_Mutation,IN,4200000.0,Financing
setor kas 800rb,Cash,OUT,800000.0,Transfer_Internal
M-banking masuk pencairan plafon kredit BPR Sultra Mandiri,Transfer,IN,4850000.0,Financing
Transfer servis blender rusak tgl 8,Transfer,OUT,80000.0,Operating_Expense
faktur pembelian styrofoam box ikan depot andalan,Invoice,OUT,2300000.0,COGS
bayar bpr sultra mandiri rp15jt,Cash,OUT,15000000.0,Financing
dp sewa lapak galeri kerajinan,Transfer,OUT,700000.0,Operating_Expense
DB SWITCHING PDAM APRIL 20000.00,Bank_Mutation,OUT,20000.0,Operating_Expense
PDAM Mei,Transfer,OUT,1300000.0,Operating_Expense
INV #65793 REFUND TIDAK DIKETAHUI ASALNYA,Invoice,IN,4950000.0,Other
Kas: restock mie instan,Cash,OUT,60600.0,COGS
BI-FAST CR 1708/FTFVA/WS23898 TARIK SALDO GOPAY USAHA KE REKENING BANK SULTRA,Bank_Mutation,IN,131000.0,Transfer_Internal
AUTODEBET SUMBANGAN HAJATAN YANTI,Bank_Mutation,OUT,55000.0,Other
Withdraw saldo DANA usaha,Transfer,IN,3380000.0,Transfer_Internal
TRSF E-BANKING CR 521913 SETOR CASH 2.850.000,Bank_Mutation,IN,2850000.0,Transfer_Internal
tunai bongkar muat mentega grosir Indah,Cash,OUT,189000.0,COGS
TRF LLG CR OVERBOOKING REK SENDIRI DR BSI,Bank_Mutation,IN,250000.0,Transfer_Internal
PEMBAYARAN 137605 BAYAR KASIR PERIODE MEI RP700.000 NO SO/04/295 700000.00,Bank_Mutation,OUT,700000.0,Operating_Expense
pindah buku dr BNI ke Bank Sultra sendiri,Transfer,IN,165000.0,Transfer_Internal
Uang cash belanja bahan hrn bhn dry clean & sabun cair,Cash,OUT,115000.0,COGS
TRF LLG CR 2402/BIFAST/WS70221 SETOR TUNAI RP500.000,Bank_Mutation,IN,500000.0,Transfer_Internal
angs pinjaman Koperasi Tani Makmur ke-2,Cash,OUT,1172700.0,Financing
BAYAR CASH PEMBELIAN KERTAS NASI & TOPLES 500ML,Cash,OUT,24500.0,COGS
faktur e893672 wifi usaha laundry bulan april,Invoice,OUT,590000.0,Operating_Expense
qris transport antar pesanan rahmat,QRIS,OUT,475000.0,Operating_Expense
trf masuk tarik saldo DANA milik usaha ref 67907618,Transfer,IN,1550000.0,Transfer_Internal
PEMBAYARAN UPAH ALFIAN MINGGU 5,Bank_Mutation,OUT,185000.0,Operating_Expense
TRSF CR KUR BRI CAIR 918600,Bank_Mutation,IN,918600.0,Financing
BI-FAST CR 881559 PNCAIRAN PLAFON KREDIT KUR BNI,Bank_Mutation,IN,14500000.0,Financing
sewa gerobak periode des (catering),Cash,OUT,390000.0,Operating_Expense
transfer masuk kredit usaha cair BRI,Transfer,IN,22000000.0,Financing
TRSF E-BANKING CR KUR BSI CAIR 310K,Bank_Mutation,IN,310000.0,Financing
uang tunai ongkos kurir tgl 12,Cash,OUT,10700.0,Operating_Expense
Trf iuran keamanan tk serba ada,Transfer,OUT,15000.0,Operating_Expense
TRSF E-BANKING CR 19/05 KAS MASUK DARI TABUNGAN 650RB NO T455460,Bank_Mutation,IN,650000.0,Transfer_Internal
TF bayar tagihan supplier petani Kasmiati,Transfer,OUT,1800000.0,COGS
BAYAR UD SUMBER REJKI 2107,Transfer,OUT,2150000.0,COGS
trf masuk pesanan katering cust tiara acara aqiqah,Transfer,IN,2600000.0,Revenue
tf sewa kios september,Transfer,OUT,5600000.0,Operating_Expense
qris merchant warung makan bakso,QRIS,IN,136000.0,Revenue
tunai kembalikan pinjaman ke vina suparman,Cash,OUT,251000.0,Financing
TT MASUK PNJMN LUNAK DARI NILA NASUTION,Bank_Mutation,IN,3700000.0,Financing
Jual kacang mete cash 2 pcs,Cash,IN,300000.0,Revenue
"AUTODEBET 18/10 TRF BPR SULTRA MANDIRI 3,8JT 3800000.00",Bank_Mutation,OUT,3800000.0,Financing
kas: kroeksi mutasi 0705,Cash,IN,1830000.0,Other
kalibrasi timbangan digital,Cash,OUT,45000.0,Operating_Expense
CR SWITCHING 21/05 PENCAIRAN DANA PENJUALAN BUKALAPAK,Bank_Mutation,IN,51000.0,Revenue
top up saldo ovo usaha dr rek bsi,Transfer,OUT,380000.0,Transfer_Internal
BELANJA STOCK MINUMAN KEMASAN KE AGEN SARTIKA,Invoice,OUT,5600000.0,COGS
top up token listrik salon muslimah,Transfer,OUT,192000.0,Operating_Expense
grosir surya lunas,Transfer,OUT,260000.0,COGS
saldo tabungan usaha dipindah ke rek CIMB Niaga 19 Mei 2026,Transfer,IN,252000.0,Transfer_Internal
TRF KELUAR 0912/LLG/WS73909 BAYAR BAGI HASIL PEMBIAAYAN KSP BINA SEJAHTERA,Bank_Mutation,OUT,180000.0,Financing
nota nt-4199 ekspedisi bahan baku ud rezeki kemasan,Invoice,OUT,39500.0,COGS
cash langganan aplikasi kasir mar,Cash,OUT,1000000.0,Operating_Expense
DEBET 196923 PMBYRN POKOK PINJAMAN PEGADAIAN TGL 15 AGU,Bank_Mutation,OUT,4200000.0,Financing
tenun terjual ke Toko Andalan Kolaka tgl 14/01/26,Transfer,IN,14000000.0,Revenue
bayar tunai Rahim utk pisang goreng,Cash,IN,15000.0,Revenue
bayar agen Rahim periode Jun (usaha laundry),Transfer,OUT,265000.0,COGS
qris bayar bu nasir peirode jun tgl 2,QRIS,IN,540000.0,Revenue
SETOR KE REKENING DNAAMON (FEBRUARI 2025),Cash,OUT,3060000.0,Transfer_Internal
Terima kas pnjualan servis motor tgl 7,Cash,IN,79700.0,Revenue
Terima invoice INV-2025/5116 dr CV Rezeki Muna,Invoice,IN,60000.0,Revenue
BAYAR CASH PEMBELIAN BARANG DAGANG AGUSTUS 2025,Cash,OUT,160000.0,COGS
PEMBAYARAN KRM UANG KE AGEN LESTARI,Bank_Mutation,OUT,20000000.0,COGS
trf masuk pengepul TB Andalan bayar dodol 3 pcs,Transfer,IN,12100000.0,Revenue
dp pesanan sagu lempeng dr nurhayati,Transfer,IN,1022400.0,Revenue
bayar kopi susu scan qris 1008,QRIS,IN,40000.0,Revenue
tunai sebar leaflet 17 agu 2026,Cash,OUT,3400000.0,Operating_Expense
nota r388946 fee jasa panen pelanggan andi,Invoice,IN,1400000.0,Revenue
Kirim uang keaamnan kios Agu no.NT-2557,Transfer,OUT,50000.0,Operating_Expense
DEBET 2004/FTFVA/WS77704 PENGELUARAN PRIBADI PEMILIK 2.469.200,Bank_Mutation,OUT,2469200.0,Other
Pelunasan nota petani Yanti F602743,Transfer,OUT,600000.0,COGS
"Kirim ke agen Ratna Rp1,7jt (tambal ban)",Transfer,OUT,1700000.0,COGS
transfer potong rek danamon angsuran (barbershop),Transfer,OUT,4750000.0,Financing
DB SWITCHING 04/10 SEWA LAPAK PASAR SEPTEMBER,Bank_Mutation,OUT,14000000.0,Operating_Expense
Karcis pasar 09/03,Cash,OUT,110000.0,Operating_Expense
penerimaan kas pnjualan laundry express 1405,Cash,IN,820000.0,Revenue
BAYAR QRIS PERAWATAN RUTIN RAK DISPLAY,QRIS,OUT,870000.0,Operating_Expense
bi-fast kulak coklat blok 3 kg,Transfer,OUT,6000000.0,COGS
cash keupuk ikan 8 porsi,Cash,IN,2100000.0,Revenue
pindah buku BSI ke Muamalat sendiri ref 1828112,Transfer,OUT,6060100.0,Transfer_Internal
invoice angsuran kur bni f358951,Invoice,OUT,230000.0,Financing
PINDAH UANG DARI LACI KE BRANKAS,Cash,OUT,1900000.0,Transfer_Internal
terima trf terima a198941 ref c34456,Transfer,IN,55000.0,Other
qris refund order batal so/05/583,QRIS,OUT,46000.0,Other
pembelian sabun cair untuk loundry tgl 22/02/25,Cash,OUT,36000.0,COGS
Unknown trx S193459 (Jan),QRIS,IN,5500000.0,Other
PELANGGAN TIARA MANSUR LUNAS,Bank_Mutation,IN,25000.0,Revenue
terima invoice #96267 dr depot damai,Invoice,IN,1710000.0,Revenue
TRSF E-BANKING DB 17/11 KESALAHAN INPUT S67673,Bank_Mutation,OUT,97500.0,Other
KR OTOMATIS 01/12 BAYAR CUCI SEPATU SCAN QRIS 19000.00,Bank_Mutation,IN,19000.0,Revenue
DEBET CICILAN KREDIT MDL KERJA MUAMALAT,Bank_Mutation,OUT,7500000.0,Financing
QRIS merchant dapur kue cake pop,QRIS,IN,18000.0,Revenue
TRSF E-BANKING DB TRANSAKSI TIDAK DIKENAL,Bank_Mutation,OUT,11000.0,Other
trf pbb rumah,Transfer,OUT,13000.0,Other
KREDIT SETORAN TUNAI,Bank_Mutation,IN,180000.0,Transfer_Internal
TRANSFER UD ABADI F-536 (AGU),Transfer,OUT,1600000.0,COGS
Gj bu Ramli Mei,Transfer,OUT,11000000.0,Operating_Expense
Nota PO4458 ongkos angkut minyak goreng dari Grosir Sejahtera Muna,Invoice,OUT,58100.0,COGS
pencairan pembiayaan murabahah BTN,Transfer,IN,49000000.0,Financing
KR OTOMATIS 08/08 TRANSEFR PLG VINA SISA PMB GANTI AKI 60000.00,Bank_Mutation,IN,60000.0,Revenue
Transfer masuk dari Jamal Yahya pembayaran croffle,Transfer,IN,50000.0,Revenue
TRF LLG CR 18/06 KOREKSI MUTASI 1-11-2025 16500.00,Bank_Mutation,IN,16500.0,Other
Kas: by EDC Desember,Cash,OUT,1350000.0,Operating_Expense
TRF ANTAR REKENING SENDIRI CIMB NIAGA-BTN,Bank_Mutation,IN,3550000.0,Transfer_Internal
QR uang keamanan sanggar tenun Juli no #58395,QRIS,OUT,180000.0,Operating_Expense
KAS: TB SETIA BAUBAU RP17.500.000 (UMKM OLAHAN),Cash,OUT,17500000.0,COGS
KR OTOMATIS TRF MASUK AINUN (SUP KONRO),Bank_Mutation,IN,70000.0,Revenue
TRSF E-BANKING DB 353379 PEMAYARAN KE PASAR SENTRAL BAUBAU INV NT-7474 (TOKO KUE),Bank_Mutation,OUT,19000000.0,COGS
Trf masuk dari UD Sejahtera pembayaran servis motor,Transfer,IN,450000.0,Revenue
setor tunai ke rekening BTN,Cash,OUT,2720000.0,Transfer_Internal
BI-FAST DB PELUNASAN PINJAMAN KOPDIT HARAPAN (JUNI 2026),Bank_Mutation,OUT,300000.0,Financing
bhn baku fliter oli,Cash,OUT,700000.0,COGS
Kas: pmbelian vinyl stiker 3 roll,Cash,OUT,750000.0,COGS
ONGKIR TRAVEL PESANAN 5223,Bank_Mutation,OUT,60000.0,Operating_Expense
DEBET biaya ATM bulanan Muamalat 5000.00,Bank_Mutation,OUT,5000.0,Operating_Expense
retur dana ke pembeli NT-6426,Bank_Mutation,OUT,12500.0,Other
AUTODEBET LESTARI IBRAHIM 75900 - 28-07-2026,Bank_Mutation,OUT,75900.0,Other
Pembayaran Telkomsel bulan September,Transfer,OUT,1050000.0,Operating_Expense
TRSF E-BANKING CR SUNTIKAN DANA MITRA WULAN PRATAMA,Bank_Mutation,IN,28000000.0,Financing
TRSF E-BANKING DB hutang dagang agen Suryani lunas,Bank_Mutation,OUT,245000.0,COGS
TRSF E-BANKING DB 1012/FTSKN/WS69389 PINDAH DANA 250000 TGL 1304,Bank_Mutation,OUT,250000.0,Transfer_Internal
SETORAN setor hasil jualan ke rek BRI,Bank_Mutation,IN,2200000.0,Transfer_Internal
tf bayar telkomsel rp 600.000,Transfer,OUT,600000.0,Operating_Expense
Beli pel dan pembersih lapak ikan,Cash,OUT,70000.0,Operating_Expense
invoice nt-2429 penjalan laundry express kepada hj. dedi,Invoice,IN,245300.0,Revenue
PAYMENT BOOST POSTINGAN SHOPEE ADS,Bank_Mutation,OUT,55000.0,Operating_Expense
DP order plastik grosir ke agen Hamdan,Transfer,OUT,3610000.0,COGS
transport antar order Sukri,Cash,OUT,10000.0,Operating_Expense
TRF MASUK OVERBOOKING REK SENDIRI DARI BTN,Transfer,IN,220000.0,Transfer_Internal
CR SWITCHING QRIS KASIR SHIFT MALAM,Bank_Mutation,IN,315000.0,Revenue
DB SWITCHING 1305/FTFVA/WS71161 TRF KE REK BTN A.N USAHA SENDIRI,Bank_Mutation,OUT,600000.0,Transfer_Internal
KR OTOMATIS PENCAIRAN PNJMN PNM ULAMM,Bank_Mutation,IN,2070000.0,Financing
KR OTOMATIS 01/06 PENCAIRAN PLAFON KRD PEGADAIAN,Bank_Mutation,IN,8500000.0,Financing
grabfood - dana pjl diteruskan,Transfer,IN,4100000.0,Revenue
AUTODEBET 517415 BIAYA TRANSFER ANTAR BANK,Bank_Mutation,OUT,62500.0,Operating_Expense
DB SWITCHING REFUND ORDER BATAL SO/09/123 - 08/07,Bank_Mutation,OUT,4900000.0,Other
beli bahan dry clean ke pasar sentral no D185590,Transfer,OUT,250000.0,COGS
"Trf Pegadaian Rp12,3jt - 26 Jun 2026",Cash,OUT,12300000.0,Financing
CR SWITCHING hadiah arisan,Bank_Mutation,IN,4800000.0,Other
Beli tinta plotter 2 set utk stock,Cash,OUT,330000.0,COGS
CR SWITCHING OVERBOOKING REK SENDIRI DARI BANK SULTRA,Bank_Mutation,IN,3100000.0,Transfer_Internal
TB Abadi Lancar krm uang beli tepung,Bank_Mutation,IN,380000.0,Revenue
AUTODEBET pindah dana rek BCA ke rek BSI usaha,Bank_Mutation,OUT,255000.0,Transfer_Internal
Trf belanja minyak goreng pagi 0811,Transfer,OUT,12000.0,COGS
Plg bayar jaket pakai QRIS ShopeePay,QRIS,IN,133000.0,Revenue
TRF MASUK PENCAIRAN PLAFON KREDIT KOPDIT HARAPAN,Transfer,IN,2300000.0,Financing
"Bahan platsik grosir habis, beli lagi 5 bal",QRIS,OUT,26000.0,COGS
SETORAN 239133 CAIR RP12.700.000 BTN 12700000.00,Bank_Mutation,IN,12700000.0,Financing
upah hrn Nurhayati,Bank_Mutation,OUT,1000000.0,Operating_Expense
jual dodol ke tengkulak yusuf,Cash,IN,20000000.0,Revenue
terima trsf basri - soto ayam,Transfer,IN,7900000.0,Revenue
pemindahan dana dari rek utama ke rekening operasional (des),Transfer,OUT,8000000.0,Transfer_Internal
Kirim pengembalian dana transaksi SO/10/027,Transfer,OUT,11000.0,Other
Bayar cash pemasukan salon muslimah 2003,Cash,IN,50000.0,Revenue
beli filter oli ke pasar sentral,Cash,OUT,135000.0,COGS
terima trf dana masuk dari bni ref 83897800,Transfer,IN,35000000.0,Financing
DANA MASUK DARI BANK SULTRA,Bank_Mutation,IN,20000000.0,Financing
faktur so/08/245 - petani wa ode sari - obat hama 2 botol,Invoice,OUT,2750000.0,COGS
Bukti setor cash ke Bank Sultra nomor INV-2026/8434,Invoice,OUT,8000000.0,Transfer_Internal
BAYAR QRIS STOCK CUP SALER 5 PORSI,QRIS,OUT,100000.0,COGS
pindah saldo OVO ke rek Bank Sultra sendiri,Transfer,IN,750000.0,Transfer_Internal
TRSF E-BANKING DB 1211/FTSCY/WS25032 AMBIL UANG DI ATM UTK KAS USAHA TGL 15-03-2025 4100000.00,Bank_Mutation,OUT,4100000.0,Transfer_Internal
bi-fast pembelian mika kue & box kue,Transfer,OUT,30000.0,COGS
perbaikan lampu tk,Cash,OUT,61600.0,Operating_Expense
Transfer ke rkg operasional Bank Sultra,Transfer,OUT,1050000.0,Transfer_Internal
bayar cash pembelian ragi instan untuk usaha kue,Cash,OUT,200000.0,COGS
qris merchant pembelian bumbu dapur untuk catering,QRIS,OUT,2627800.0,COGS
tarik dana rekening usaha jadi cash (lapak hasil tani),Cash,IN,3269200.0,Transfer_Internal
tgh pln april tgl 2 nov,Transfer,OUT,500000.0,Operating_Expense
BI-FAST DB TARIKAN ATM DANAMON 08/08/25,Bank_Mutation,OUT,145000.0,Transfer_Internal
Bayar cash hasil jualan kakao sore ini,Cash,IN,11000.0,Revenue
refund tidak jelas 194000,Cash,OUT,194000.0,Other
Scan QRIS perlu konfirmasi pengirim M191056,QRIS,IN,447000.0,Other
inv so/05/558 ciclian kredit modal kerja bni,Invoice,OUT,6000000.0,Financing
BI-FAST DB 851677 BIAYA PROVISI KRD BSI,Bank_Mutation,OUT,9700000.0,Financing
iuran warga periode agu,Cash,OUT,50000.0,Other
Uang kembalian dari bank BSI (Jan),Cash,IN,75000.0,Transfer_Internal
TRF LLG DB 11/09 THR KARYAWAN JAN,Bank_Mutation,OUT,9000000.0,Operating_Expense
krm bayar cicilan 450000 - 1-07-2026,Transfer,OUT,450000.0,Financing
Invoice UD Sentosa Group NT-752 busi,Invoice,OUT,7345500.0,COGS
PELUNASAN PINJAMAN BPR MITRA KOLAKA,Bank_Mutation,OUT,700000.0,Financing
qris masuk penjualan atk,QRIS,IN,110000.0,Revenue
Trf masuk faktur penjualan M628465 - donat - 06/05,Transfer,IN,700000.0,Revenue
Nota PO5348 jasa isi token Rina lunas,Invoice,IN,174600.0,Revenue
TERIMA INVOICE #60385 DR KIOS LANCAR NO #60385,Invoice,IN,170000.0,Revenue
trf angs pinjaman koperasi nelayan bahari ke-4 tgl tgl 9,Transfer,OUT,168700.0,Financing
dana masuk Rp3.890.000 27 Okt 2025,QRIS,IN,3890000.0,Other
dana masuk tanpa keetrangan 17 sep 2026,Cash,IN,60000.0,Other
qr refnud masuk po5119,QRIS,IN,550000.0,Other
Nota jual tambal ban 3 pcs an. pelanggan Kartini,Transfer,IN,28000000.0,Revenue
transfer kado ulang tahun Ismail Malik,Transfer,OUT,326700.0,Other
setor tunai CDM BSI a.n Salma Sudirman,Cash,OUT,3150000.0,Transfer_Internal
TT MASUK SETOR KAS USAHA KE REKENING 1600000.00,Bank_Mutation,IN,1600000.0,Transfer_Internal
QRIS merchant cicilan KSP Mitra Usaha,QRIS,OUT,325000.0,Financing
WITHDRAW TNAI CIMB NIAGA 20 JUL 2026,Cash,IN,80000.0,Transfer_Internal
PAYMENT 2312/FTFVA/WS27065 TARIK TNAI REKENING USAHA BNI 84400.00,Bank_Mutation,OUT,84400.0,Transfer_Internal
uang tnai pembayaran pokok pembiayaan kopdit harapan 1004,Cash,OUT,400000.0,Financing
"KRM KE AGEN AINUN RP2,9JT A.N ERNI WIJAYA",Transfer,OUT,2900000.0,COGS
kulakan bubuk coklat 3 kg (coffee shop),Transfer,OUT,165000.0,COGS
bayar qris ongkos kirim pembelian bumbu dapur,QRIS,OUT,350000.0,COGS
pembyrn supplier agen ratna obat hama,Transfer,OUT,2900000.0,COGS
KEMBALIKAN UANG 30000 TANPA KETERANGAN,Bank_Mutation,OUT,30000.0,Other
BAYAR ADMIN APRIL (APRIL),Transfer,OUT,274100.0,Operating_Expense
asuransi jiwa pribadi periode agu,Cash,OUT,1120000.0,Other
Hasil daagng 26 Jul,Cash,IN,250000.0,Revenue
DEBET 308579 BIAYA PENYESUAIAN PERIODE OKT,Bank_Mutation,OUT,2700000.0,Other
Transfer Kios Prima sisa pembayaran brownies,Transfer,IN,12000000.0,Revenue
Krm tghn internet Agustus 2026 Indihome,Transfer,OUT,1000000.0,Operating_Expense
Pembelian cup plastik 16oz & label harga - 1907,Transfer,OUT,1000000.0,COGS
dana pihak ketiga belum teridentifikasi,Transfer,IN,235000.0,Other
BAYAR SISA POKOK PINJAMAN BANK SULTRA,Cash,OUT,550000.0,Financing
pengembalian dana investor wati pratama 8-06-2026,Transfer,OUT,6181200.0,Financing
kas: gajian 3 pegawai toko bahan pokok (oktober),Cash,OUT,1084400.0,Operating_Expense
Transfer masuk tambahan mdl dr investor Ratih,Transfer,IN,10000000.0,Financing
PAYMENT biaya perpanjang izin usaha 25000.00,Bank_Mutation,OUT,25000.0,Operating_Expense
TRSF E-BANKING DB IKLAN TIKTOK DESEMBER,Bank_Mutation,OUT,900000.0,Operating_Expense
HASIL JASA CETAK FOTO 0704,Bank_Mutation,IN,2700000.0,Revenue
m-banking masuk drpping pnjmn mdl kerja,Transfer,IN,3051100.0,Financing
kirim mutasi keluar ke tabungan dana cadangan,Transfer,OUT,380000.0,Transfer_Internal
beli ragi instan grsir 1 kg,Cash,OUT,1820200.0,COGS
Terima trf terima Rp186.500 dari Bu Arman,Transfer,IN,186500.0,Revenue
nota so/11/767 pengembalian dana 1508,Invoice,OUT,285000.0,Other
"SETOR 2,2JT",Bank_Mutation,IN,2200000.0,Transfer_Internal
Koreksi salah tansfer INV-2025/9641,Cash,OUT,8500.0,Other
m-banking selisih rekonsiliasi april 2025,Transfer,OUT,850000.0,Other
bayar wifi.id rp1.751.900 (usaha oleh-oleh),Transfer,OUT,1751900.0,Operating_Expense
DB SWITCHING BY ATM BULANAN CIMB NIAGA,Bank_Mutation,OUT,1400000.0,Operating_Expense
INVOICE PO6939 TAGIHAN PASAR BARU BAUBAU F-929 BAHAN PRODUKSI,Invoice,OUT,1210000.0,COGS
PAYMENT 18/09 BAYAR CICILAN KUR BULAN JANUARI 3900000.00,Bank_Mutation,OUT,3900000.0,Financing
m-banking cicil pembayaran barang petani Rahim,Transfer,OUT,23000000.0,COGS
QRIS merchant outlet fashion celana jeans,QRIS,IN,5000.0,Revenue
SETORAN PEMBAYARAN DR GROSIR FAJAR RP 950.000,Bank_Mutation,IN,950000.0,Revenue
pembayaran qris refund l491830,QRIS,OUT,189000.0,Other
Bayar QRIS token listrik toko #13504,QRIS,OUT,2360000.0,Operating_Expense
NOTA INV-2026/2402 TRANSAKSI ADM 9900,Invoice,OUT,1150000.0,Other
Tunai biaya administrasi lain,Cash,IN,287900.0,Other
TRSF DB ANGSURAN PNM MEKAAR 25-03-2026,Bank_Mutation,OUT,554900.0,Financing
TT MASUK 12/05 BUKALAPAK - DANA PENJUALAN DITERUSKAN,Bank_Mutation,IN,480000.0,Revenue
PINDAH DANA REK MANDIRI KE SALDO DANA USAHA,Transfer,OUT,300000.0,Transfer_Internal
Trsf PBB rumah,Transfer,OUT,250000.0,Other
biaya angkut stok 17-09-2025,Transfer,OUT,40000.0,COGS
Ambil uang di ATM Rp 500.000 Mar,Cash,IN,500000.0,Transfer_Internal
TRSF MASUK PENGEMBALIAN DANA NT-265 DESEMBER,Bank_Mutation,IN,160000.0,Other
Invoice SO/08/449 biaya angkut stok 4 Jul 2026,Invoice,OUT,436700.0,COGS
TT MASUK PENCAIRAN PEMBIAYAAN KOPDIT HARAPAN UTK MODAL USAHA 7000000.00,Bank_Mutation,IN,7000000.0,Financing
DB SWITCHING 903651 PMBYRN ANGS PEMBIAYAAN PO6019,Bank_Mutation,OUT,10000000.0,Financing
TRSF DB 480991 PMBYRN HIJAB DARI SUPPLIER KE AGEN IKBAL,Bank_Mutation,OUT,2000000.0,COGS
TRSF CR 472634 TF DARI ADIK,Bank_Mutation,IN,2150000.0,Other
KR OTOMATIS BUNGA GIRO BANK SULTRA JANUARI 12000.00,Bank_Mutation,IN,12000.0,Other
tf masuk tambahan mdl dr investor hendra abdullah,Transfer,IN,2000000.0,Financing
QRIS merchant refund order batal INV-2025/0977 (periode Feb),QRIS,OUT,800000.0,Other
BELI ROTI TAWAR DR GROSIR CAHAYA SULTRA,QRIS,OUT,10000.0,COGS
trf sumbangan acara kampung,Transfer,OUT,80000.0,Other
TRSF DB 2306/LLG/WS65487 TRANSFER KE MUAMALAT ATAS NAMA SENDIRI PERIODE SEP 1052200.00,Bank_Mutation,OUT,1052200.0,Transfer_Internal
TRF LLG DB 826361 PELUNASAN NOTA PASAR SENTRAL POMALAA INV-2025/4329 (SEP),Bank_Mutation,OUT,174000.0,COGS
QRIS merchant setoran angsuran mingguan KSP Mitra Usaha ref 37215573,QRIS,OUT,450000.0,Financing
SETOR PENDAPATAN HRN KE BANK A.N HAJI HAERUL,Bank_Mutation,IN,8000000.0,Transfer_Internal
PEMBAYARAN 0807/FTSCY/WS74492 pmbyrn 75734283,Bank_Mutation,OUT,40000.0,Other
Cash kalibrasi mesin jahit,Cash,OUT,135000.0,Operating_Expense
bi-fast bayar bunga pnjmn ksp bina sejahtera bulan september no.so/01/714,Transfer,OUT,1970000.0,Financing
BI-FAST DB 550397 TARIK DANA REKENING USAHA JADI CASH,Bank_Mutation,OUT,144000.0,Transfer_Internal
pembayaran QRIS pembayaran rutin,QRIS,OUT,19000.0,Other
tagihan agen nurul so/03/267 bahan produksi,Invoice,OUT,900000.0,COGS
m-banking masuk pelunasan pesanan CV Laut Biru Niaga,Transfer,IN,1300000.0,Revenue
KRD PENGHASILAN GOFOOD PERIODE 01/10 59900.00,Bank_Mutation,IN,59900.0,Revenue
pembyrn pesanan kentang goreng - pelanggan fadli,Transfer,IN,336000.0,Revenue
TRF LLG DB BAYAR HUTANG MODAL KAK HASRUL,Bank_Mutation,OUT,700000.0,Financing
AUTODEBET IKLAN WHATSAPP BLAST PERIODE APR,Bank_Mutation,OUT,150000.0,Operating_Expense
KIRIM UANG KE CV SEJAHTERA KOLAKA REF J26550,Transfer,OUT,1400000.0,COGS
Unknown trx 4763 tgl 0709,Cash,OUT,289000.0,Other
AUTODEBET ENDORSE SELEBGRAM LOKAL,Bank_Mutation,OUT,350000.0,Operating_Expense
pmbyrn qris kado ulang tahun tiara hamzah,QRIS,OUT,2800000.0,Other
Angs ke-3 pnjmn Koperasi Sejahtera Bersama (kios ikan segar),Cash,OUT,1080000.0,Financing
"CR SWITCHING TF MASUK RP1,7JT DARI IRFAN",Bank_Mutation,IN,1700000.0,Revenue
ANGSURAN PERIODE NOV REF 94405686,Bank_Mutation,OUT,2470000.0,Financing
Invoice INV-2026/3482 pmbyrn pokok pinjaman BPR Sultra Mandiri,Invoice,OUT,4300000.0,Financing
trf ke dana usaha senidri tgl 26-07-2026,QRIS,OUT,5100000.0,Transfer_Internal
PMB SUPPLIER TOKO ANUGERAH PANGAN AKI,Transfer,OUT,300000.0,COGS
M-banking masuk Jumriah bayar Rp 80.000,Transfer,IN,80000.0,Revenue
faktur 4701 ganti komponen mesin press,Invoice,OUT,2400000.0,Operating_Expense
terima trf pembayraan masuk 94976084 - 15/12/25,Transfer,IN,7000000.0,Other
TARIK TUNAI RP850.000 26 SEP,Cash,IN,850000.0,Transfer_Internal
kas: bayar bunga pinjaman koperasi nelayan bahari feb,Cash,OUT,110000.0,Financing
TT MASUK TARIK SALDO LINKAJA MILIK USAHA NO.7699,Bank_Mutation,IN,800000.0,Transfer_Internal
kas: biaya berobat keluarga a.n haerul mansur,Cash,OUT,2100000.0,Other
MDR QRIS periode Nov,Invoice,OUT,10000.0,Operating_Expense
TRF LLG DB 103059 withdraw tunai CIMB Niaga 09/02/25 800000.00,Bank_Mutation,OUT,800000.0,Transfer_Internal
BAYARAN TOKO PRIMA,Transfer,IN,500000.0,Revenue
pnjualan gorengan via QRIS tgl 28/08/25,QRIS,IN,160000.0,Revenue
nota so/04/032 belanja stok peralatan rumah tangga ke agen rahmat,Invoice,OUT,800000.0,COGS
SETORAN 2104/FTSKN/WS34342 SETOR TNAI RP 450.000,Bank_Mutation,IN,450000.0,Transfer_Internal
Faktur PO5812 by tidak jelas 30k,Invoice,OUT,30000.0,Other
Terima trf pembayaran pisang untuk arisan ibu-ibu - cust Basri,Transfer,IN,5000000.0,Revenue
SETORAN TUNAI REK USAHA CIMB NIAGA,Cash,OUT,22549900.0,Transfer_Internal
Ongkos servis lampu toko Oktober 2025,Cash,OUT,140000.0,Operating_Expense
Krm margin pembiayaan KSP Mitra Usaha November 2025,Transfer,OUT,37000000.0,Financing
qris merchant stok kantong kertas 6 buah a.n basri setiawan,QRIS,OUT,620000.0,COGS
POTONGAN KOMISI TOKOPEDIA,Transfer,OUT,2100000.0,Operating_Expense
cash belanja barang dagangan Grosir Makmur,Cash,OUT,122000.0,COGS
KRD DANA MASUK JAMAL SETIAWAN,Bank_Mutation,IN,1700000.0,Revenue
KULAKAN GROSIR KEMEJA 2 LUSIN REF L8488,Cash,OUT,53000.0,COGS
trf masuk mutasi masuk dari tabungan usaha muamalat,Transfer,IN,445000.0,Transfer_Internal
faktur #77665 penutupan pinjaman bpr mitra kolaka so/09/923,Invoice,OUT,6500000.0,Financing
bayar qris prive januari 2026,QRIS,OUT,55000.0,Other
pembayaran qris reversal masuk f-578,QRIS,IN,55000.0,Other
M-banking margin pembiayaan Koperasi Tani Makmur September,Transfer,OUT,160000.0,Financing
Pmbyrn QRIS ukiran kayu pak Aswin,QRIS,IN,30000.0,Revenue
Bayar agen Nila,Cash,OUT,4650000.0,COGS
Bayar Biznet 285k ref V19765,Transfer,OUT,285000.0,Operating_Expense
Tarik saldo GoPay usaha ke rekening BCA,Transfer,IN,50000.0,Transfer_Internal
Invoice NT-5000 fee aplikasi kasir bulan Juni,Invoice,OUT,25000.0,Operating_Expense
PEMBAYARAN trf ke rek CIMB Niaga a.n usaha sendiri 2550000.00,Bank_Mutation,OUT,2550000.0,Transfer_Internal
tranfer masuk bayaran Hasan tgl 09/01,Transfer,IN,7000000.0,Revenue
Tagihan agen Sartika NT-2332 bhn produksi,Transfer,OUT,13000000.0,COGS
transfer belanja cabai merah pagi 0408,Transfer,OUT,900000.0,COGS
M-banking cicil pembayaran brg pasar lama Baubau,Transfer,OUT,330000.0,COGS
Nota pemindahan dana antar kas NT-3107,Invoice,IN,9200000.0,Transfer_Internal
transfer masuk dari Sartika a.n Indra Hidayat,Transfer,IN,500000.0,Revenue
TF belanja pribadi 2106,Transfer,OUT,4700000.0,Other
INVOICE SO/07/342 MADE WIJAYA PAID,Invoice,IN,22900000.0,Revenue
PAYMENT TARIK TUNAI (KIOS PERDAGANGAN),Bank_Mutation,OUT,180000.0,Transfer_Internal
DP PESANAN ROTI MANIS DARI TB PELANGI,Bank_Mutation,IN,4500000.0,Revenue
M-BANKING PEMINDAHAN DANA DR REK UTAMA KE RKG OPERASIONAL,Transfer,OUT,700000.0,Transfer_Internal
m-banking kalibrasi mesin espresso,Transfer,OUT,3500000.0,Operating_Expense
tarik tunai buat mdl kembalian,Cash,IN,65000.0,Transfer_Internal
belanja stok peralatan rumah tangga ke grosir rezeki,Transfer,OUT,195000.0,COGS
TRSF E-BANKING DB 876125 biaya fotokopi berkas usaha (Oktober 2025),Bank_Mutation,OUT,9500.0,Operating_Expense
QRIS kasir shift malam,QRIS,IN,19000.0,Revenue
BAYAR CASH PENERIMAAN CATERING RINA MALIK,Cash,IN,1200000.0,Revenue
Pendapatan harian bengkel 14 Des 2025 Desember 2025,Cash,IN,250000.0,Revenue
belanja barang pecah belah dan lampu led,Cash,OUT,464000.0,COGS
BI-FAST LISTRIK USAHA JASA FOTO 2304,Transfer,OUT,1114900.0,Operating_Expense
ongkos pengerjaan jasa setrika tgl 20/12/25,Cash,IN,950000.0,Revenue
m-banking lunasi pinjaman nurhayati pratama,Transfer,OUT,990000.0,Financing
PEMBAYARAN PINDAH BUKU BSI KE CIMB NIAGA SENDIRI,Bank_Mutation,OUT,1900000.0,Transfer_Internal
KR OTOMATIS TIKTOK SHOP SETTLEMENT ORDER 5302,Bank_Mutation,IN,5000000.0,Revenue
transfer ke tabungan usaha permata - tgl 24,Transfer,OUT,37000000.0,Transfer_Internal
kirim uang saku keluarga,Transfer,OUT,110000.0,Other
CR SWITCHING PENDAPATAN SHOPEE MINGGU KE-1,Bank_Mutation,IN,800000.0,Revenue
tunai maintenance ac bulanan,Cash,OUT,175000.0,Operating_Expense
Uang cash pmyrn 91161010,Cash,OUT,6800000.0,Other
KR OTOMATIS KREDIT USAHA CAIR BNI,Bank_Mutation,IN,3350000.0,Financing
UANG CASH PEMBELIAN BOTOL 250ML & CUP SEALER,Cash,OUT,245000.0,COGS
DEBET 370318 KIRIM KE GROSIR BERSAMA 6JT A.N MAS LAODE RUSMAN 6000000.00,Bank_Mutation,OUT,6000000.0,COGS
TF bayar pnjmn kemitraan Dedi Tuwu,Transfer,OUT,320000.0,Financing
pembayaran S89594 tgl 11 Feb,Transfer,OUT,25000.0,Other
transfer antar rekening sendiri mandiri-danamon,Transfer,IN,4260000.0,Transfer_Internal
Cash disetor ke rek Danamon sendiri,Cash,OUT,2450000.0,Transfer_Internal
uang dr teman,Cash,IN,295000.0,Other
Transfer masuk dari Toko Maju Motor pembayaran souvenir,Transfer,IN,195000.0,Revenue
Autodebet by.U periode Mei,Transfer,OUT,4120000.0,Operating_Expense
QR internet bulanan Telkomsel Orbit - tgl 28,QRIS,OUT,1380000.0,Operating_Expense
DEBET 965753 PINDAH BUKU MUAMALAT KE BNI SENDIRI,Bank_Mutation,OUT,950000.0,Transfer_Internal
angsuran ke-4 pinjaman BMT Al-Amin,Transfer,OUT,13200000.0,Financing
TF MASUK DARI PT BAROKAH BYR FOTOCOPY,Transfer,IN,150000.0,Revenue
retur dana PO5546,Transfer,IN,2700000.0,Other
Uang tnai listrik rumah pribadi Januari,Cash,OUT,1800000.0,Other
Trf masuk pembayaran kopi bubuk dari Herman via BCA,Transfer,IN,4930800.0,Revenue
uang tunai hasil jasa cetak foto tgl 14,Cash,IN,39500.0,Revenue
trf bayar pasar sentral wua-wua untuk stok kaos polos,Transfer,OUT,150000.0,COGS
hasil penjualan disetor ke bank 13 Apr 2025,Bank_Mutation,IN,1050000.0,Transfer_Internal
tk fajar lancar kirim uang beli fotocopy,Transfer,IN,12000000.0,Revenue
AUTODEBET 2006/FTFVA/WS74741 TARIKAN ATM CIMB NIAGA 8000000.00,Bank_Mutation,OUT,8000000.0,Transfer_Internal
voucher pindah kas F-681,Invoice,OUT,7300000.0,Transfer_Internal
Kas: biaya marketing periode Nov,Cash,OUT,3350000.0,Operating_Expense
TRF LLG CR SETORAN TNAI TELLER BRI A.N MAS LA ODE AHMAD,Bank_Mutation,IN,1370000.0,Transfer_Internal
kas: modal kembalian kasir 6-07-2025,Cash,OUT,700000.0,Transfer_Internal
invoice jasa jasa antar barang pt maju #32084 a.n mbak wa ode sari,Invoice,IN,6000000.0,Revenue
PEMBAYARAN bayar kontrakan usaha bulan Oktober tgl 22,Bank_Mutation,OUT,300000.0,Operating_Expense
Uang tnai dana masuk dr BTN Rp21.100.000,Cash,IN,21100000.0,Financing
m-banking bayar teknisi servis hairdryer,Transfer,OUT,120000.0,Operating_Expense
nota po5175 pmybrn cat rambut ke toko indah,Invoice,OUT,1200000.0,COGS
QR setoran belum teridentifikasi NT-8664,QRIS,IN,670100.0,Other
dp peasnan donat dr pelanggan nurhayati,Transfer,IN,288000.0,Revenue
bayar ud mitra umpan 5 kg,Transfer,OUT,2350000.0,COGS
CR SWITCHING setor omzet 25 Jan ke rkg Mandiri,Bank_Mutation,IN,250000.0,Transfer_Internal
titipan budi nasution - 19/04/26,QRIS,OUT,145000.0,Other
Tf beli roti tawar di pasar,Transfer,OUT,63000.0,COGS
TOP UP SALDO LINKAJA USAHA DR REK MUAMALAT 7-01-2026,Bank_Mutation,OUT,4800000.0,Transfer_Internal
Faktur pembelian bhn seragam pasar baru Raha,Invoice,OUT,750000.0,COGS
TRSF MASUK TERIMA PINJ DARI KUR BSI,Bank_Mutation,IN,48763400.0,Financing
bensin 20 nov 2025,Cash,OUT,70000.0,Operating_Expense
penjualan cash cabai a.n pak rahayu,Cash,IN,100000.0,Revenue
autodebet koperasi tani makmur - 11/09/26,Transfer,OUT,32000000.0,Financing
Pembayaran angsuran pembiayaan NT-1671,Cash,OUT,5500000.0,Financing
TRSF E-BANKING CR CAIR PEMBIAYAAN MURABAHAH MUAMALAT NO 0111,Bank_Mutation,IN,12886200.0,Financing
trf uang keamanan warkop bln maret no.nt-9675,Transfer,OUT,100000.0,Operating_Expense
tarik tunai rp9.700.000,Cash,IN,9700000.0,Transfer_Internal
pembelian bhn produksi plastik grosir,Cash,OUT,19000.0,COGS
scan qris beli krimer dr agen wahyu,QRIS,OUT,900000.0,COGS
TRSF CR 215801 PELUNASAN ORDER RESELLER MARLINA,Bank_Mutation,IN,3010000.0,Revenue
TARIK TUNAI REK USAHA BCA,Cash,IN,170000.0,Transfer_Internal
AUTODEBET 438376 KADO ULANG TAHUN MBAK WAHYU REF M39829,Bank_Mutation,OUT,959900.0,Other
qris merchant belanja kebutuhan rumah tangga,QRIS,OUT,100000.0,Other
KULAK GULA MERAH 10 KG NO.#55565,Transfer,OUT,261000.0,COGS
TRF LLG DB TARIK TUNAI UTK KAS KECIL,Bank_Mutation,OUT,19500000.0,Transfer_Internal
Trf banner toko baru,Transfer,OUT,570000.0,Operating_Expense
THR KARYAWAN JUNI 2026,Cash,OUT,150000.0,Operating_Expense
BENSIN 16 FEB 2026,Cash,OUT,255000.0,Operating_Expense
scan QRIS servis dryer rusak 0501,QRIS,OUT,6000000.0,Operating_Expense
QRIS merchant butik gamis,QRIS,IN,20000.0,Revenue
trsf pembelian cabai merah 10 kg,Transfer,OUT,250000.0,COGS
setoran tidak teridentifikasi,QRIS,IN,33000.0,Other
transfer antar rekening sendiri bsi-permata,Transfer,IN,150000.0,Transfer_Internal
DEBET 25/02 TARIK TNAI 25.200.000 NOV,Bank_Mutation,OUT,25200000.0,Transfer_Internal
Lnasi pinj Rusdi Tuwu (usaha laundry),Transfer,OUT,1100000.0,Financing
pindah dana rek BNI ke rek BCA usaha,Transfer,IN,160000.0,Transfer_Internal
M-banking kembalikan pinjaman ke Safitri Malik,Transfer,OUT,4070000.0,Financing
trf masuk terima 9000000 dari pelanggan Bahar,Transfer,IN,9000000.0,Revenue
pemeliharaan peralatan grinder kopi,Transfer,OUT,600000.0,Operating_Expense
TT MASUK 433030 SETOR CASH RP4.000.000 4000000.00,Bank_Mutation,IN,4000000.0,Transfer_Internal
Bayar jasa bordir dari Budi,Cash,IN,28500.0,Revenue
iuran warga November,Transfer,OUT,44000.0,Other
PEMBAYARAN ANGS PINJAMAN PNM MEKAAR KE-5,Bank_Mutation,OUT,2100000.0,Financing
Jual dry clean jas cash 2 pcs,Cash,IN,1800000.0,Revenue
CR SWITCHING 723663 TRANSFER MASUK DARI BU RUSDI - 16 MEI,Bank_Mutation,IN,35000.0,Revenue
TRSF E-BANKING DB 19/03 BIAYA CETAK NOTA NO INV-2026/8678,Bank_Mutation,OUT,2400000.0,Operating_Expense
dp sewa lapak kios,Transfer,OUT,1300000.0,Operating_Expense
cicil pembayaran barang agen Arifin periode Apr,Transfer,OUT,1112000.0,COGS
TRSF E-BANKING DB 17/02 beli stock dr Agen Berkah,Bank_Mutation,OUT,19000000.0,COGS
TRSF CR PINJ LUNAK DARI HAMDAN FEB,Bank_Mutation,IN,45000000.0,Financing
M-BANKING MASUK TRANSAKSI TIDAK DIKENAL NO L667566,Transfer,IN,2010000.0,Other
invoice so/12/177 transaksi adm f-503 a.n mas darmin,Invoice,IN,58000.0,Other
Nota B677967 tgh agen Saldi SO/03/267 bahan produksi,Invoice,OUT,250000.0,COGS
transfer masuk titipan kartini no.nt-1511,Transfer,IN,9000000.0,Other
STOCK BRG DAGANG IKAN DARI NELAYAN,Bank_Mutation,OUT,6000000.0,COGS
qris tgh indosat ref 128x384,QRIS,OUT,3200000.0,Operating_Expense
TRSF E-BANKING DB 0112/LLG/WS90525 TRSF KE GOPAY USAHA SENDIRI,Bank_Mutation,OUT,8500000.0,Transfer_Internal
Tnai modal kembalian kasir tgl 6,Cash,OUT,277900.0,Transfer_Internal
penyetoran hasil dagang ke rkg usaha,Cash,OUT,3150000.0,Transfer_Internal
Tnai zakat periode Apr,Cash,OUT,3800000.0,Other
m-banking masuk pelunasan order Nurul,Transfer,IN,5000000.0,Revenue
BIAYA PROMOSI ULANG TAHUN,Cash,OUT,680000.0,Operating_Expense
QR ONGKOS CUCI KILOAN RUSDI,QRIS,IN,2450000.0,Revenue
KRD 577674 TITIPAN MBAK IRFAN,Bank_Mutation,IN,128000.0,Other
nota pembl so/07/949 agen akbar gula halus,Invoice,OUT,668600.0,COGS
Invoice angsuran BPR Sultra Mandiri NT-2094,Invoice,OUT,15000000.0,Financing
kas: sewa kios bln deesmber,Cash,OUT,2150000.0,Operating_Expense
TRANSFER KELUAR 188617 ATK kantor toko sembako,Bank_Mutation,OUT,340000.0,Operating_Expense
Realisasi kredit Koperasi Tani Makmur L405121,Cash,IN,4310000.0,Financing
TT MASUK 02/06 TERMIN PEMBAYARAN PROYEK SERVIS TB MITRA,Bank_Mutation,IN,600000.0,Revenue
invoice supplier grosir prima jatuh tempo tgl 4,Invoice,OUT,610000.0,COGS
tambah stok roti tawar 5 bungkus,Cash,OUT,2000000.0,COGS
tf dari adik,Transfer,IN,500000.0,Other
Penyesuaian akhir bulan bulan November,Cash,IN,5000.0,Other
biaya administrasi usaha bulan Maret,Bank_Mutation,OUT,7000.0,Operating_Expense
PEMBAYARAN RUTIN,QRIS,OUT,3160000.0,Other
cash gj karyawan september 2026,Cash,OUT,11000000.0,Operating_Expense
ganti komponen mesin jahit,Cash,OUT,650000.0,Operating_Expense
bayar cicilan pnjmn BPR Mitra Kolaka,Transfer,OUT,19600000.0,Financing
Fee aplikasi kasir periode Apr,Transfer,OUT,320000.0,Operating_Expense
Bayar cash kroeksi transaksi SO/02/912 tgl tgl 18,Cash,OUT,32000.0,Other
biaya marketing periode jan,Transfer,OUT,1120000.0,Operating_Expense
token listrik toko s888618,Cash,OUT,850000.0,Operating_Expense
TRF LLG CR 07/03 SETOR OMZET 6 MAR 2026 KE RKG BCA BULAN SEPTEMBER,Bank_Mutation,IN,2750000.0,Transfer_Internal
trsf masuk dari cust melati byr ganti kampas rem,Transfer,IN,65000.0,Revenue
QRIS bayar agen Darmin utk pengahrum ruangan cucian,QRIS,OUT,13000000.0,COGS
TRSF E-BANKING DB PEMINDAHAN DANA DARI REKENING UTAMA KE REKENING OPS,Bank_Mutation,OUT,3980000.0,Transfer_Internal
TRSF E-BANKING DB SEWA TEMPAT 22-11-2025,Bank_Mutation,OUT,19000000.0,Operating_Expense
pindah uang dr laci ke brankas a.n Kak Wa Ode Sari,Cash,OUT,100000.0,Transfer_Internal
tf beli gas elpiji 3kg tabung isi 5 tabung utk stok,Transfer,OUT,485000.0,COGS
Karcis pasar 7-01-2025,Cash,OUT,11900.0,Operating_Expense
Invoice ags KUR BSI 7264,Transfer,OUT,3890000.0,Financing
pmb 0803/FTSCY/WS68551 bayar Indosat bulan Maret tgl 01/11/25 55000.00,Bank_Mutation,OUT,55000.0,Operating_Expense
QRIS merchant biaya layanan TikTok Shop Maret 2025,QRIS,OUT,376000.0,Operating_Expense
DANA TITIPAN RP83.000,Cash,IN,83000.0,Other
AUTODEBET 1012/BIFAST/WS24726 TRANSFER ANTAR REKENING SENDIRI BSI-DANAMON,Bank_Mutation,OUT,700000.0,Transfer_Internal
pbb rumah,Transfer,OUT,11700.0,Other
TRANSFER MASUK DANA MASUK DARI CIMB NIAGA RP1.000.000 1000000.00,Bank_Mutation,IN,1000000.0,Financing
pebmelian mie instan 1 dus,QRIS,OUT,22000.0,COGS
CR SWITCHING PINJAM MODAL KE ZULKIFLI LAKORO,Bank_Mutation,IN,16000000.0,Financing
BI-FAST bayar teknisi servis oven,Transfer,OUT,99000.0,Operating_Expense
JUAL BATIK CASH 10 PCS SEPTEMBER 2026,Cash,IN,1450000.0,Revenue
bi-fast tiket mudik keluarga 7-08-2025,Transfer,OUT,3700000.0,Other
m-banking masuk dana KUR masuk Desember 2025,Transfer,IN,49701500.0,Financing
uang dari kakak,Cash,IN,800000.0,Other
Listrik lapak ikan 10/01,QRIS,OUT,378500.0,Operating_Expense
qr pendapatan jasa jasa setrika,QRIS,IN,34000.0,Revenue
order katering mas rahim acara buka puasa bersama,Transfer,IN,6000000.0,Revenue
bayar QRIS upah jasa cetak foto 12 Mar 2026 no NT-8275,QRIS,IN,130000.0,Revenue
BI-FAST DB 1306/BIFAST/WS67433 BIAYA PERPANJANG IZIN USAHA,Bank_Mutation,OUT,50000.0,Operating_Expense
UANG MAKAN KARYAWAN FEBRUARI,Cash,OUT,270000.0,Operating_Expense
bi-fast cetak brosur 200 lmebar,Transfer,OUT,94000.0,Operating_Expense
uang jajan anak,Transfer,OUT,28500.0,Other
KREDIT 1006/FTSCY/WS17424 PINJAMAN DARI AKBAR KUUSMA UNTUK MODAL,Bank_Mutation,IN,1100000.0,Financing
TRSF E-BANKING CR PNJMN DARI ZULKIFLI LATIF UNTUK MDL,Bank_Mutation,IN,10500000.0,Financing
tnai uang jajan anak,Cash,OUT,1980000.0,Other
M-banking masuk pemindahan dana antar rekening usaha no.SO/08/384,Transfer,IN,150000.0,Transfer_Internal
TRSF CR JUAL JAGUNG KE TENGKULAK MAS MELATI,Bank_Mutation,IN,26000000.0,Revenue
scan QRIS biaya transfer antar bank,QRIS,OUT,5000.0,Operating_Expense
"QRIS merchant bayar cicilan Rp14,5jt",QRIS,OUT,14500000.0,Financing
Trf antar rekening sendiri Permata-BRI,Transfer,IN,43000000.0,Transfer_Internal
bi-fast beli barang jualan coklat blok 3 kg,Transfer,OUT,410000.0,COGS
net settlement qris 25 agu 2026,QRIS,IN,190000.0,Revenue
Angs pinjaman BMT Al-Amin ke-8,Transfer,OUT,19000000.0,Financing
biaya provisi kredit mandiri,Transfer,OUT,400000.0,Financing
TT MASUK TRANSFER MASUK RP156.200 DR LAODE RUSMAN,Bank_Mutation,IN,156200.0,Revenue
invoice 2061 selisih kas 21 des 2025 (periode jul),Invoice,IN,800000.0,Other
BAYAR FIRST MEDIA BLN JULI,Bank_Mutation,OUT,60000.0,Operating_Expense
pembayaran QRIS uang muka tidak jelas peruntukan,QRIS,IN,900000.0,Other
Kirim byr pokok pembiayaan Koperasi Tani Makmur 26/10,Transfer,OUT,7500000.0,Financing
Bayar pnjmn kemitraan Mulyadi Kurniawan,Transfer,OUT,2900000.0,Financing
bayar cash cair pinjaman Koperasi Nelayan Bahari akad #75195 tgl 25 Okt,Cash,IN,25000000.0,Financing
SETOR CASH KE REK USAHA 03/12,Bank_Mutation,IN,3900000.0,Transfer_Internal
KR OTOMATIS PEMINDAHAN DANA ANTAR REK USAHA,Bank_Mutation,IN,1100000.0,Transfer_Internal
uang tunai pendapatan hrn loundry 13 des 2025,Cash,IN,1400000.0,Revenue
TRSF E-BANKING CR TRANSFER SALAH KIRIM RIDWAN SUPARMAN,Bank_Mutation,IN,1300000.0,Other
TRF LLG CR 177838 DEPOSIT OMZET HARIAN DANAMON,Bank_Mutation,IN,2700000.0,Transfer_Internal
CR SWITCHING DROPPING KUR BRI NO PO7690,Bank_Mutation,IN,425000.0,Financing
terima trf tarik saldo gopay milik usaha no so/10/463,Transfer,IN,6000000.0,Transfer_Internal
KREDIT PENCAIRAN PINJAMAN KUR BRI 22000000.00,Bank_Mutation,IN,22000000.0,Financing
TRANSFER KELUAR kirim ke agen Kasmiati 8.000.000 8000000.00,Bank_Mutation,OUT,8000000.0,COGS
bi-fast angsuran ke-10 pinj kur bni,Transfer,OUT,700000.0,Financing
terima trf termin pembayaran proyek cuci kiloan kios jaya,Transfer,IN,3100000.0,Revenue
invoice agen made inv-2026/9462 barang pecah belah,Invoice,OUT,4400000.0,COGS
Invoice F-970 termin pembayaran proyek jasa cetak TB Bintang Kolaka tgl 18 Sep 2026,Invoice,IN,1193600.0,Revenue
TERIMA TRF MODAL KEMITRAAN BAPAK DEWI,Transfer,IN,6500000.0,Financing
penerimaan modal mitra usaha siti utami,Transfer,IN,5000000.0,Financing
m-banking gaji kasir maret 2026,Transfer,OUT,5000000.0,Operating_Expense
tarik tunai utk kas kecil,Cash,IN,11000000.0,Transfer_Internal
SETORAN TERIMA PINJAMAN DR PNM ULAMM FEB,Bank_Mutation,IN,13500000.0,Financing
tnai cicilan kur mandiri,Cash,OUT,1100000.0,Financing
QRIS merchant pembayaran donasi wisuda,QRIS,OUT,45000.0,Other
Scan QRIS bayar operator Mei 2025 Rp 1.360.000,QRIS,OUT,1360000.0,Operating_Expense
GAJI KARYAWAN BLN AGUSTUS,Cash,OUT,600000.0,Operating_Expense
TRANSFER KELUAR BAYAR BNI BULAN FEBRUARI RP380.000,Bank_Mutation,OUT,380000.0,Financing
KREDIT SETOR TUNAI 11.076.600 11076600.00,Bank_Mutation,IN,11076600.0,Transfer_Internal
Inv R811278 bayar listrik bln Oktober,Invoice,OUT,550000.0,Operating_Expense
trf KELUAR bayar bagi hasil pembiayaan KUR BSI,Bank_Mutation,OUT,295000.0,Financing
Invoice E550109 jual servis motor kepada Kartini Anshari,Invoice,IN,257400.0,Revenue
Setoran ags mingguan KUR BNI (jasa cetak),Invoice,OUT,130000.0,Financing
transfer antar rekening sendiri BTN-BCA,Bank_Mutation,IN,6500000.0,Transfer_Internal
trf kaibrasi dryer,Transfer,OUT,95000.0,Operating_Expense
transfer keluar 19rb tanpa catatan no.po5443,Transfer,OUT,19000.0,Other
AUTODEBET 12/07 PMB SUPL CV MITRA SULTRA PUPUK NPK,Bank_Mutation,OUT,31000000.0,COGS
transfer uang jajan anak,Transfer,OUT,1800000.0,Other
TRSF E-BANKING DB AMBIL TNAI DR REK DANAMON USAHA,Bank_Mutation,OUT,100000.0,Transfer_Internal
ANGSURAN KUR MUAMALAT BULAN 5,Bank_Mutation,OUT,10500000.0,Financing
cash mdl masuk dari Sartika Abdullah bagi hasil,Cash,IN,21300000.0,Financing
pindah uang dr laci ke brankas tgl 25 sep,Cash,OUT,800000.0,Transfer_Internal
uang tunai beli stok alat tulis di pasar,Cash,OUT,10000.0,COGS
TRANSFER MASUK CR D15566 TANPA KETERANGAN REF D15566,Bank_Mutation,IN,45000.0,Other
IG ADS PROMOSI KANTIN,Bank_Mutation,OUT,600000.0,Operating_Expense
INVOICE PEMBELIAN BAHAN PO3968,Invoice,OUT,221000.0,COGS
kiriman keluarga bln Agustus,Transfer,IN,135000.0,Other
pembayaran 5500 a.n Arifin,Cash,OUT,5500.0,Other
DANA MASUK DR BTN TGL 5 APR 2025,Transfer,IN,1060000.0,Financing
TRSF E-BANKING DB BAYAR KUR BSI 1JT NO.#56993,Bank_Mutation,OUT,1000000.0,Financing
CR 80857243 TANPA KETERANGAN - TGL 27,Bank_Mutation,IN,25000.0,Other
DEBET 02/03 BAYAR MUAMALAT MARET 2026 RP20.000.000 20000000.00,Bank_Mutation,OUT,20000000.0,Financing
Pembelian stok dari agen Irfan,Transfer,OUT,27000000.0,COGS
QRIS LiknAja cust ganti oli,QRIS,IN,240000.0,Revenue
nota grosir sentosa tgl 12/02/26 pemutih,Invoice,OUT,6000000.0,COGS
TRF SUPPLIER AGEN LINA ORDER NT-7530,Transfer,OUT,11443200.0,COGS
Nota #26361 bayar tukang perbaikan mesin giling,Invoice,OUT,42000.0,Operating_Expense
qris merchant iuran rt agustus,QRIS,OUT,259000.0,Other
hasil dagang 22 jan,Cash,IN,374000.0,Revenue
TUNAI HASIL JUALAN KOPI BUBUK SORE INI,Cash,IN,235500.0,Revenue
adjustment s378647,Cash,OUT,950000.0,Other
QRIS setoran tidak teridentifikasi,QRIS,IN,1100000.0,Other
Pendapatan psn perpisahan kelas Nur,Invoice,IN,14200000.0,Revenue
BENSIN 0812,Cash,OUT,150000.0,Operating_Expense
bayar agen Nila Maret 2026,Transfer,OUT,800000.0,COGS
TRSF E-BANKING DB 363032 bayar wifi.id Januari,Bank_Mutation,OUT,350000.0,Operating_Expense
nota 6132 bayar bagi hasil pembiayaan kur bsi,Invoice,OUT,4300000.0,Financing
KR OTOMATIS TRANSAKSI TIDAK DIKENAL,Bank_Mutation,IN,140000.0,Other
Tarik tnai rekening usaha CIMB Niaga (lapak baju),Cash,IN,11732000.0,Transfer_Internal
DB SWITCHING 19/09 TRF PT LANCAR GROUP F521835 - 23-07-2026,Bank_Mutation,OUT,920000.0,COGS
Krm by angkut stok 27-07-2025,Transfer,OUT,1250000.0,COGS
bayar cash mdl awal kasir 2008,Cash,IN,997800.0,Transfer_Internal
tambah stok vinyl stiker 3 roll,Cash,OUT,125000.0,COGS
hasil pjl disetor ke bank 23 sep,Cash,OUT,296000.0,Transfer_Internal
pelanggan bayar alat tulis pakai qris ovo,QRIS,IN,33000.0,Revenue
terima kas penjualan mie instan tgl 8,Cash,IN,600000.0,Revenue
pengembalian dana transaksi PO8701,Transfer,OUT,207000.0,Other
TRSF DB 544676 TARIKAN ATM BANK SULTRA,Bank_Mutation,OUT,3495700.0,Transfer_Internal
transfer masuk reward GoPay,Transfer,IN,424000.0,Other
TRF LLG DB AMBIL UANG DI ATM UTK KAS USAHA,Bank_Mutation,OUT,150000.0,Transfer_Internal
Nota kulak label kemasan 1432,Invoice,OUT,200000.0,COGS
KR OTOMATIS setor pendapatan harian ke bank,Bank_Mutation,IN,1790000.0,Transfer_Internal
DB SWITCHING 17/05 BIAYA EDC APRIL,Bank_Mutation,OUT,300000.0,Operating_Expense
Tunai ojek online krm 3 paket,Cash,OUT,34000.0,Operating_Expense
terima trf uang dari kakak,Transfer,IN,10000.0,Other
PENDAPATAN GOFOOD MINGGU KE-6,Bank_Mutation,IN,4800000.0,Revenue
Nota lunas plg Sumrani edit video,Invoice,IN,23000000.0,Revenue
ANGS PNJMN BPR SULTRA MANDIRI KE-2,Bank_Mutation,OUT,3200000.0,Financing
TRANSFER MASUK 685880 trx masuk belum jelas 18 Jun,Bank_Mutation,IN,47000.0,Other
TF bayar hutang modal Anwar Tamrin,Transfer,OUT,11269000.0,Financing
PENJUALAN ES KOPI KE ANDI SAPUTRA LUNAS TUNAI,Cash,IN,1780000.0,Revenue
byr bulanan,Transfer,OUT,100000.0,Other
Pelunasan krd mdl kerja Muamalat,Invoice,OUT,14000000.0,Financing
TRF LLG CR 0212/LLG/WS27710 TRF MASUK PT PELANGI RP 27.000,Bank_Mutation,IN,27000.0,Revenue
TRSF DB 19/05 BAYAR CICILAN PINJAMAN KOPERASI NELAYAN BAHARI,Bank_Mutation,OUT,4250000.0,Financing
KR OTOMATIS PEMINDAHAN DANA ANTAR REKENING USAHA 47000000.00,Bank_Mutation,IN,47000000.0,Transfer_Internal
faktur 5977 ambil barang kuku dan cat kuku dr toko karya pomalaa 1 paket,Invoice,OUT,177000.0,COGS
By marketing April,Invoice,OUT,5800000.0,Operating_Expense
setor tunai cdm bank sultra,Cash,OUT,6000000.0,Transfer_Internal
inv so/09/093 pembayaran diterima toko lancar,Invoice,IN,18500000.0,Revenue
Tarik tunai buat modal kembalian,Cash,IN,300000.0,Transfer_Internal
tf restock gula aren,Transfer,OUT,1620000.0,COGS
ambil tunai dari rek bni usaha (november),Cash,IN,13760100.0,Transfer_Internal
KULAKAN BAN DALAM 10 PCS REF 261Y589,Transfer,OUT,11000.0,COGS
setor cash ke rek usaha 22 Agu 2026,Cash,OUT,1900000.0,Transfer_Internal
bayar qris bayar listrik periode apr,QRIS,OUT,100000.0,Operating_Expense
bayar QRIS transaksi tidak dikenal ref 461X953,QRIS,OUT,1400000.0,Other
Tunai bunga tabungan BSI,Cash,IN,340000.0,Other
bayar penjahit agustus rp50rb (agustus),QRIS,OUT,50000.0,Operating_Expense
BI-FAST CR 15/11 PEMBAYARAN PESANAN KAKAO - ARIFIN NO C783183,Bank_Mutation,IN,31000.0,Revenue
TRANSFER MASUK TAMBAHAN MODAL DARI INVESTOR MARLINA,Transfer,IN,2000000.0,Financing
Titipan Made (periode Okt),QRIS,OUT,72000.0,Other
qris merchant bayar agen jumriah periode agu (periode agu),QRIS,OUT,20000000.0,COGS
transfer masuk uang muka cumi tono ndoke,Transfer,IN,270000.0,Revenue
transfer masuk 3500000 dari Sartika tgl 17,Transfer,IN,3500000.0,Revenue
RETUR DANA INV-2026/3784 - 22/09,Bank_Mutation,IN,265000.0,Other
QRIS TOP UP TOKEN LISTRIK TAMBAL BAN (TAMBAL BAN),QRIS,OUT,800000.0,Operating_Expense
PAYMENT MUTASI KELUAR KE TABUNGAN DANA CADANGAN,Bank_Mutation,OUT,810000.0,Transfer_Internal
Hasil kursus kerajinan 16/05/25,Transfer,IN,75000.0,Revenue
terima trf penjualan grosir sup konro ke reseller pelanggan Alifan,Transfer,IN,445000.0,Revenue
WITHDRAW TUNAI MANDIRI 1608,Cash,IN,373000.0,Transfer_Internal
DB SWITCHING 1107/FTSCY/WS20305 BAYAR PT FAJAR KONAWE UNTUK PEMUTIH,Bank_Mutation,OUT,175000.0,COGS
uang dr teman a.n Sri Tamrin,Transfer,IN,140000.0,Other
pengembalian dana investor Pak Wahyu,Transfer,OUT,13000000.0,Financing
TRF LLG CR 2501/FTSKN/WS53019 WITHDRAW SALDO SHOPEEPAY USAHA,Bank_Mutation,IN,4200000.0,Transfer_Internal
terima pindahan dana dari rek BNI usaha no #46930,Transfer,IN,119000.0,Transfer_Internal
TRANSFER ANTAR REKENING SENDIRI BNI-BANK SULTRA,Bank_Mutation,OUT,700000.0,Transfer_Internal
tf biaya berobat keularga,Transfer,OUT,1200000.0,Other
M-BANKING BAYAR KONTRAKAN USAHA PERIODE OKT,Transfer,OUT,20000000.0,Operating_Expense
terima trf pembayaran paket nasi box dari pelanggan erni via danamon,Transfer,IN,107000.0,Revenue
jual pulsa dan paket data cash 2 pcs,Cash,IN,293000.0,Revenue
PEMBAYARAN 939188 TF BNI KE MANDIRI RP 2.918.100 JAN 2918100.00,Bank_Mutation,OUT,2918100.0,Transfer_Internal
QRIS masuk penjualan admin sosmed ref Z12740,QRIS,IN,12000.0,Revenue
kas: uang kembalian dari bank CIMB Niaga,Cash,IN,455000.0,Transfer_Internal
Trf ke Grosir Sejahtera Pratama Rp 17.000.000 06/09/26,Cash,OUT,17000000.0,COGS
CASH PENYETORAN HASIL DAGANG KE REKENING USAHA (MEI),Cash,OUT,7800000.0,Transfer_Internal
kado ulang tahun Herman Hamzah,Cash,OUT,155000.0,Other
qris merchant luandry kiloan cuci kiloan no.f-191,QRIS,IN,34000.0,Revenue
UANG TUNAI SAFITRI TAMRIN 340000 REF 557Z581,Cash,OUT,340000.0,Other
TF ekspedisi bhn baku agen Nurhayati,Transfer,OUT,1900000.0,COGS
Kirim angsuran pokok BMT Al-Amin periode Apr,Transfer,OUT,830000.0,Financing
PEMBAYARAN BHN BAKU BENANG JAHIT - AGEN ALFIAN,Cash,OUT,2900000.0,COGS
PENJUALAN 07/11/25 QRIS JAMBU METE TGL 07/11/25,QRIS,IN,360000.0,Revenue
Kirim arisan RT periode Nov,Transfer,OUT,2900000.0,Other
QR maintenance pompa air bulanan,QRIS,OUT,48000.0,Operating_Expense
REFUND PO7986,Invoice,OUT,941100.0,Other
TRANSFER MASUK tarik saldo ShopeePay usaha ke rekening Mandiri,Bank_Mutation,IN,224000.0,Transfer_Internal
upah Halim minggu 5 tgl tgl 21,Transfer,OUT,3900000.0,Operating_Expense
CR SWITCHING 127772 TERIMA #64995 36500.00,Bank_Mutation,IN,36500.0,Other
Transfer titipan Laode Rusman ref 56196095,Transfer,OUT,4670000.0,Other
trx masuk belum jelas 14 feb 2025 (salon muslimah),QRIS,IN,390000.0,Other
tf bayar sampah juni (usaha laundry),Transfer,OUT,25000.0,Operating_Expense
NELAYAN SURYANI RP11.000.000,Bank_Mutation,OUT,11000000.0,COGS
krm autodebet kur mandiri,Transfer,OUT,479000.0,Financing
cash closing kasir 1305 total penjualan,Cash,IN,1200000.0,Revenue
SETORAN withdraw saldo LinkAja usaha,Bank_Mutation,IN,216000.0,Transfer_Internal
Cash bayar Telkomsel Orbit 2400000 no.F-903,Cash,OUT,2400000.0,Operating_Expense
TRF KELUAR TARIK DANA REKENING USAHA JADI CASH MARET,Bank_Mutation,OUT,1400000.0,Transfer_Internal
bayar sisa pokok pinjaman koperasi sejahtera bersama,Cash,OUT,109000.0,Financing
QRIS MERCHANT TOKO KUE PESANAN KUE BOX,QRIS,IN,10000.0,Revenue
qris pak wati beli cuci karpet,QRIS,IN,108100.0,Revenue
PEMBAYARAN MASUK 23763960,Bank_Mutation,IN,5000.0,Other
"Kemasan dus ukuran M habis, beli 5 porsi",Cash,OUT,3430000.0,COGS
Top up saldo ShopeePay usaha dari rek Danamon no PO3996,Transfer,OUT,114000.0,Transfer_Internal
Settle invoice supplier grosir Tani November,Cash,OUT,9500000.0,COGS
TRSF DB KEMBALIKAN PINJAMAN KE IBU RATNA,Bank_Mutation,OUT,550000.0,Financing
kiriman keluarga maret,Transfer,IN,38000.0,Other
uang cash uang masuk dari jualan cetak undangan,Cash,IN,650000.0,Revenue
Tunai trx keluar belum jelas,Cash,OUT,66900.0,Other
TRF LLG CR PENCAIRAN KREDIT MODAL KERJA KODIT HARAPAN,Bank_Mutation,IN,9000000.0,Financing
kirim gaji kapster November November,Transfer,OUT,1200000.0,Operating_Expense
pembelian keju parut untuk dapur kue,Cash,OUT,235000.0,COGS
mdl kembalian kasir 03/05/25,Cash,OUT,4800000.0,Transfer_Internal
uang tunai jual kue ulang tahun ke pelanggan tetap,Cash,IN,2250000.0,Revenue
INVOICE SO/08/466 AGS KE-3 PINJ BPR SULTRA MANDIRI,Invoice,OUT,410000.0,Financing
PEMASUKAN KEDAI KOPI 08/06/25,Cash,IN,703300.0,Revenue
Cash pembayaran rutin 11rb,Cash,OUT,11000.0,Other
PEMBYRN 811680 CICILAN KREDIT MDL KERJA CIMB NIAGA,Bank_Mutation,OUT,2300000.0,Financing
FEE JASA DEKORASI KUE IKBAL HALIM,Transfer,IN,79000.0,Revenue
TRANSFER KELUAR 0209/FTFVA/WS17427 BAYAR WULAN BULAN SEPTEMBER RP140RB,Bank_Mutation,OUT,140000.0,Operating_Expense
isi kas kecil dr rek,Cash,IN,3871800.0,Transfer_Internal
Ojek online krm 3 paket,Cash,OUT,34500.0,Operating_Expense
pendapatan jasa jasa pengolahan ikan,Transfer,IN,19000.0,Revenue
BI-FAST DB SPONSOR EVENT ARISAN IBU-IBU NO.NT-4365 4961000.00,Bank_Mutation,OUT,4961000.0,Operating_Expense
inv 0992 tagihan agen halim so/11/881 bahan produksi,Invoice,OUT,3200000.0,COGS
Pegadaian cair Rp 1.800.000 (Oktober 2025),Transfer,IN,1800000.0,Financing
penjualan cuci kiloan ke pak indra lunas tunai,Cash,IN,600000.0,Revenue
pengembalian dana investor Pak Fadli,Cash,OUT,5701900.0,Financing
Kas: pengembalian pajak,Cash,IN,335000.0,Other
kirim bayar tagihan supl depot cemerlang,Transfer,OUT,1297900.0,COGS
transfer masuk dana KUR masuk bulan Feburari,Transfer,IN,14000000.0,Financing
Stok barang dagangan tepnug sagu,Transfer,OUT,80000.0,COGS
pesanan katering Tono Siregar acara acara kantor desa,Transfer,IN,1100000.0,Revenue
TF SETTLE INVOICE SUPPLIER AGEN AKBAR AGU,Transfer,OUT,230000.0,COGS
TRSF E-BANKING DB PMBELIAN PACK KEMASAN VAKUM,Bank_Mutation,OUT,1030000.0,COGS
BI-FAST CR PINAM MODAL KE KAK BAHAR,Bank_Mutation,IN,3750000.0,Financing
setor kas 136.000,Cash,OUT,136000.0,Transfer_Internal
PAYMENT 2403/BIFAST/WS65669 PEMINDAHAN DANA DR REK UTAMA KE REKENING OPERASIONAL,Bank_Mutation,OUT,4000000.0,Transfer_Internal
pindah buku bank sultra ke danamon sendiri,Transfer,OUT,21500000.0,Transfer_Internal
inv 0554 bayar teknisi servis mesin giling,Invoice,OUT,4500000.0,Operating_Expense
kas: cicil pinj koperasi desember,Cash,OUT,150000.0,Financing
qris pak hamdan beli creambath,QRIS,IN,112000.0,Revenue
bonus rahmat,Cash,OUT,4900000.0,Operating_Expense
BELANJA BAHAN HARIAN KAIN SATIN & GROSIR KEMEJA,Cash,OUT,1710000.0,COGS
transfer antar rekening sendiri bri-permata,Transfer,OUT,3393400.0,Transfer_Internal
KAS: TRANSPORT ANTAR PESANAN RATNA,Cash,OUT,100000.0,Operating_Expense
transfer kembalikan pinjaman ke Tiara,Transfer,OUT,2800000.0,Financing
invoice pembelian bahan 9448,Invoice,OUT,12500000.0,COGS
TRSF E-BANKING DB PELUNASAN DIPERCEPAT KUR BSI 270000.00,Bank_Mutation,OUT,270000.0,Financing
TF KELUAR TARIK TNAI (USAHA KERAJINAN),Bank_Mutation,OUT,16400000.0,Transfer_Internal
transfer antar rekening sendiri BNI-BSI,Transfer,OUT,1200000.0,Transfer_Internal
TRF LLG DB cetak cup sealer bermerk bln Oktober,Bank_Mutation,OUT,30300.0,COGS
Bayar cash angs pnjmn KUR Mandiri ke-12,Cash,OUT,180000.0,Financing
Dana masuk dr rkg utama ke rekening operasional,Transfer,IN,4400000.0,Transfer_Internal
KR OTOMATIS KESALAHAN INPUT SO/07/421 NO SO/07/421 17400.00,Bank_Mutation,IN,17400.0,Other
kas: gajian 3 pegawai usaha anyaman no.2182,Cash,OUT,2200000.0,Operating_Expense
dana masuk dr rek utama ke rkg ops,Transfer,IN,385000.0,Transfer_Internal
TRF LLG CR SETOR TUNAI KE REKENNG BRI,Bank_Mutation,IN,190000.0,Transfer_Internal
setoran belum teridentifikasi 0464,Transfer,IN,16000000.0,Other
penerimaan pnjmn dari BMT Al-Amin,Transfer,IN,8200000.0,Financing
Bhn baku ikan tenggiri,Cash,OUT,50000.0,COGS
PMBYRN 0906/LLG/WS83670 BIZNET NOV,Bank_Mutation,OUT,60000.0,Operating_Expense
PAYMENT 2504/LLG/WS42155 bayar grosir Gemilang untuk kapas dan tisu 11000000.00,Bank_Mutation,OUT,11000000.0,COGS
setor cash Rp5.000.000,Cash,OUT,5000000.0,Transfer_Internal
UANG MUKA IKAN TONGKOL MAS ISMAIL,Bank_Mutation,IN,540000.0,Revenue
jasa catering UD Surya lunas,Cash,IN,360000.0,Revenue
kirim ke rekening sendiri bri,Transfer,OUT,6000000.0,Transfer_Internal
bayar cash ratna utk sabun cuci ref 19831895,Cash,IN,12000.0,Revenue
TRSF E-BANKING DB INVOICE ANGSURAN KSP MITRA USAHA NT-9914,Bank_Mutation,OUT,2585900.0,Financing
Setor hasil jualan ke rek Mandiri ref A31014,Cash,OUT,3910000.0,Transfer_Internal
tunai restock grosir kemeja,Cash,OUT,25000.0,COGS
tagihan smartfren ref 202z965,Transfer,OUT,180000.0,Operating_Expense
Invoice SO/06/995 pelunasan order reseller bu Indra,Invoice,IN,2600000.0,Revenue
Bayar QRIS biaya listrik dan air November 2025 a.n Haji Zulkifli,QRIS,OUT,33000.0,Operating_Expense
penerimaan invoice 6729 dari tk indah berkah,Invoice,IN,145000.0,Revenue
KREDIT 12/06 HASIL QRIS 26-01-2026,Bank_Mutation,IN,38800.0,Revenue
Penjualan kerupuk ikan ke bu Firman lunas tunai (produksi makanan olahan),Cash,IN,190000.0,Revenue
cash pendapatan harian laundry kiloan 15/03/26,Cash,IN,97000.0,Revenue
QR BIAYA KEBERSIHAN TOKO,QRIS,OUT,14000.0,Operating_Expense
TRANSFER MASUK 2505/BIFAST/WS53211 SETORAN KAS KE TABUNAGN BTN,Bank_Mutation,IN,700000.0,Transfer_Internal
TF bayar agen Made untuk oli mesin tgl tgl 6,Transfer,OUT,6500000.0,COGS
pinj usaha tahap 1 cair BPR Mitra Kolaka,Transfer,IN,31102000.0,Financing
Agen Halim lunas,Transfer,OUT,4500000.0,COGS
uang cash by kirim paket ke pelanggan kurir toko,Cash,OUT,10500.0,Operating_Expense
Bayar cicilan KUR periode Jan,Cash,OUT,600000.0,Financing
pinjam modal ke rina kusuma,Transfer,IN,1400000.0,Financing
pembayaran qris tiket mudik keluarga ref r36756,QRIS,OUT,11000.0,Other
KR OTOMATIS 0207/FTSCY/WS98310 PENERIMAAN PINJAMAN DARI KOPERASI TANI MAKMUR,Bank_Mutation,IN,31000000.0,Financing
penyesuaian akhir bln sep tgl 15 okt 2025,Cash,IN,50000.0,Other
kirim biaya adm lain,Transfer,OUT,650000.0,Other
Gaji kasir bulan Juni,Cash,OUT,2050000.0,Operating_Expense
TF belanja sabun mandi dan telur,Transfer,OUT,50000.0,COGS
PEMBAYARAN biaya provisi kredit Mandiri,Bank_Mutation,OUT,44500000.0,Financing
TRANSFER KELUAR 608560 TARIAN ATM PERMATA,Bank_Mutation,OUT,60000.0,Transfer_Internal
TRF LLG DB TARIK TUNAI ATM BSI 6900000.00,Bank_Mutation,OUT,6900000.0,Transfer_Internal
TRF LLG DB BAYAR SISA POKOK PINJAMAN BPR SULTRA MANDIRI,Bank_Mutation,OUT,6400000.0,Financing
TRSF CR 491863 UANG DARI KAKAK 35000.00,Bank_Mutation,IN,35000.0,Other
pencairan kur bsi,Transfer,IN,11000000.0,Financing
Saldo TikTok Shop masuk rekening penjualan online,Transfer,IN,1400000.0,Revenue
scan qris cr 67313764 tanpa keterangan feb,QRIS,IN,1050000.0,Other
kirim kulak kain tenun 10 meter (Juni 2026),Transfer,OUT,10000000.0,COGS
PAYMENT 2807/BIFAST/WS33543 ENDORSE SELEBGRAM LOKAL 600000.00,Bank_Mutation,OUT,600000.0,Operating_Expense
AUTODEBET 649586 MAINTENANCE KOMPOR BULANAN,Bank_Mutation,OUT,700000.0,Operating_Expense
mutasi keluar ke tabungan dana cadangan a.n mas wahyu,Transfer,OUT,800000.0,Transfer_Internal
Beli barang dagangan sirup dr grosir,Cash,OUT,4450000.0,COGS
invoice 0880 pnejualan kakao kepada hj. rahayu,Invoice,IN,90000.0,Revenue
laku kue lapis 5 biji,Cash,IN,800000.0,Revenue
pembelian kemasan mika kue,Transfer,OUT,900000.0,COGS
Modal awal kasir tgl 12,Cash,IN,600000.0,Transfer_Internal
BONUS RUSDI PERIODE AGU,Cash,OUT,2890000.0,Operating_Expense
trasfer masuk dr la ode ahmad bado byr ikan segar,Transfer,IN,282700.0,Revenue
qr biaya atm bulanan bca,QRIS,OUT,90000.0,Operating_Expense
qris merchant angsuran okt,QRIS,OUT,500000.0,Financing
qris beli tinta priner 1 set utk stok (agustus),QRIS,OUT,600000.0,COGS
Faktur NT-3085 kesalahan input NT-5802,Invoice,OUT,118000.0,Other
TRSF E-BANKING CR 824656 HASIL PENJUALAN DISETOR KE BANK TGL 25,Bank_Mutation,IN,14000000.0,Transfer_Internal
ANGSURAN KREDIT BCA JUNI,Bank_Mutation,OUT,4640000.0,Financing
BAYAR CICILAN KUR JUNI,Bank_Mutation,OUT,121000.0,Financing
PEMBULATAN 02/09 - 02/09,Cash,OUT,950000.0,Other
pembyaaran qris biaya cuci kiloan dibayar lina nugraha - 05/06,QRIS,IN,850000.0,Revenue
reward linkaja 1204,QRIS,IN,75000.0,Other
INV INV-2025/1472 PENGEMBALIAN DANA F-625,Invoice,IN,16200.0,Other
belanja brg dagang grosir sinar,Invoice,OUT,11667900.0,COGS
Setor kas jual ke Danamon,Cash,OUT,2250000.0,Transfer_Internal
m-banking masuk dana masuk dari rekening sendiri tgl 15/10/25,Transfer,IN,1962500.0,Transfer_Internal
scan qris dana masuk untuk dicek,QRIS,IN,800000.0,Other
Uang tunai bayar sampah November 2025 (rumah makan),Cash,OUT,10000.0,Operating_Expense
QRIS AGUS BELI BROWNIES,QRIS,IN,7000.0,Revenue
AUTOEDBET BAYAR SWA RUKO KE CV BAROKAH,Bank_Mutation,OUT,29000000.0,Operating_Expense
kirim bensin 08/08,Transfer,OUT,35000.0,Operating_Expense
AUTODEBET 768568 BONGKAR MUAT GARAM IKAN NELAYAN RAHMAT,Bank_Mutation,OUT,500000.0,COGS
kas kecil masuk 7 mei 2025,Cash,IN,335000.0,Transfer_Internal
pemindahan dana dari rekening utama ke rkeening operasional - 14 mei 2025,Transfer,OUT,2900000.0,Transfer_Internal
BI-FAST DB 1609/BIFAST/WS11044 PENGEMBALIAN DANA TRANSAKSI PO4378,Bank_Mutation,OUT,4800000.0,Other
Trf restock toples 500ml dari CV Bahari,Transfer,OUT,271000.0,COGS
BI-FAST CR PELANGGAN PLG MIRA LUNAS,Bank_Mutation,IN,635000.0,Revenue
"bhn daging sapi habis, beli lagi 5 kg",QRIS,OUT,540000.0,COGS
sumbangan hajatan Yanti Ndoke,Cash,OUT,2700000.0,Other
Serah teirma kas antar shift,Cash,OUT,145000.0,Transfer_Internal
Faktur INV-2025/6870 Lina Nugraha ukiran kayu lunas,Invoice,IN,175000.0,Revenue
Cash sabun cuci 4 porsi tgl 11/05,Cash,IN,23700.0,Revenue
bayar cash modal kembalian kasir 2802,Cash,OUT,1500000.0,Transfer_Internal
PEMBAYARAN ambil pribadi pemilik,Bank_Mutation,OUT,4100000.0,Other
m-banking kembalikan pinjaman ke Reski Nasution 11 Mar,Transfer,OUT,7000000.0,Financing
Pinjam modal ke Wahyu Rahman - 10/05/26,Transfer,IN,2160000.0,Financing
TRANSFER MASUK 21/08 CAIR KREDIT MODAL KERJA KOPERASI TANI MAKMUR,Bank_Mutation,IN,13000000.0,Financing
BIAYA PROMOSI PENGAJIAN,Transfer,OUT,1400000.0,Operating_Expense
TRF LLG DB 0812/BIFAST/WS81530 TARIK TUNAI ATM DANAMON,Bank_Mutation,OUT,100000.0,Transfer_Internal
TRANSFER MASUK PENERIMAAN MODAL MITRA USAHA HJ. RINA,Bank_Mutation,IN,10000000.0,Financing
pmb pokok pinjaman bmt al-amin,Transfer,OUT,13000000.0,Financing
TRSF E-BANKING DB 08/04 STIKER PROMO USAHA KUE,Bank_Mutation,OUT,750000.0,Operating_Expense
TT MASUK 2810/BIFAST/WS74573 kiriman keluarga periode Apr,Bank_Mutation,IN,1600000.0,Other
Nota INV-2025/4571 bayar tukang perbaikan AC,Invoice,OUT,2500000.0,Operating_Expense
AUTODEBET 1606/FTFVA/WS63970 SELISIH REKONSILIASI PERIODE OKT,Bank_Mutation,OUT,119000.0,Other
bayar cash uang masuk dari jualan cuci kiloan,Cash,IN,1600000.0,Revenue
M-BANKING MASUK PENDAPATAN PESANAN BUKA PUASA BERSAMA KASMIATI,Transfer,IN,1000000.0,Revenue
kas: trx keluar belum jelas (rumah makan),Cash,OUT,5000.0,Other
FAKTUR INV-2026/1048 BAYAR TGHN INDOSAT BULAN MEI,Invoice,OUT,350000.0,Operating_Expense
CR SWITCHING 537772 SETORAN TUNAI,Bank_Mutation,IN,3800000.0,Transfer_Internal
kas: bayar PNM ULaMM 490.000 Mei,Cash,OUT,490000.0,Financing
pencairan plafon kredit pnm mekaar,Transfer,IN,2700000.0,Financing
BI-FAST langganan Adobe,Transfer,OUT,361700.0,Operating_Expense
PENJUALAN 12 MEI 2025 QRIS CAKE POP,QRIS,IN,46000.0,Revenue
KREDIT 0407/LLG/WS63698 DANA MASUK DARI MANDIRI RP700.000 700000.00,Bank_Mutation,IN,700000.0,Financing
kulakan biji kopi 5 kg,Transfer,OUT,367000.0,COGS
SETORAN 2202/FTFVA/WS96326 PMBYRN MASUK 592X590 (USAHA TANI),Bank_Mutation,IN,166900.0,Other
RETUR DANA KE PEMBELI INV-2025/2634,Bank_Mutation,OUT,2500000.0,Other
uang tunai bayar mkeanik upah kerja 0901,Cash,OUT,5700000.0,Operating_Expense
Penyesuaian saldo,Transfer,IN,136000.0,Other
TERIMA TRF COD CAIR GOFOOD INV-2026/5291,Transfer,IN,640000.0,Revenue
TRSF E-BANKING DB 15/12 BELI MIKA KUE UTK PRODUK A.N SUKRI SUPARMAN,Bank_Mutation,OUT,650000.0,COGS
CR SWITCHING uang muka batik Waode Nia Amir,Bank_Mutation,IN,100000.0,Revenue
PMBYRN ANGS PINJAMAN KUR MANDIRI KE-3,Bank_Mutation,OUT,110000.0,Financing
PEMBAYARAN BAYAR TELKOMSEL ORBIT OKTOBER (KIOS),Bank_Mutation,OUT,400000.0,Operating_Expense
Inv F-856 top up token listrik outlet fashion,Invoice,OUT,1200000.0,Operating_Expense
trf swa usaha olahan periode mei,Transfer,OUT,355000.0,Operating_Expense
BIAYA JASA PENGEMASAN DIBAYAR KARTINI,Transfer,IN,1349300.0,Revenue
Bayar cicilan pnjmn KUR BRI,Transfer,OUT,1600000.0,Financing
Setoran kas ke tabungan CIMB Niaga,Cash,OUT,3850000.0,Transfer_Internal
tunai bayar ojol antar barang,Cash,OUT,10500.0,Operating_Expense
trf masuk overbooking rek sendiri dari bank sultra,Transfer,IN,107000.0,Transfer_Internal
inv so/03/553 penerimaan nt-6152 bln april,Invoice,IN,5500.0,Other
scan qris refund nt-4972,QRIS,OUT,20000.0,Other
unknown trx #25876 tgl 2209,Cash,IN,25000.0,Other
KR OTOMATIS SETORAN TUNAI REK USAHA MUAMALAT,Bank_Mutation,IN,7000000.0,Transfer_Internal
scan QRIS beli beras dr pasar sentral Mandonga,QRIS,OUT,170000.0,COGS
PAYMENT 1402/FTFVA/WS68535 KOMISI SHOPEE ORDER PO2487,Bank_Mutation,OUT,1500000.0,Operating_Expense
pemindahan dana antar rekening usaha,Transfer,IN,23829100.0,Transfer_Internal
Cash restock styrofoam box dari grosir Cahaya,Cash,OUT,224000.0,COGS
TRSF E-BANKING DB 142636 POTONG RKG BTN ANGS (TOKO SERBA ADA),Bank_Mutation,OUT,15975500.0,Financing
AUTODEBET PEMELIHARAAN PERALATAN BLENDER,Bank_Mutation,OUT,60000.0,Operating_Expense
m-banking masuk bonus bank Muamalat,Transfer,IN,7500000.0,Other
SEWA TEMPAT 3 JAN 2025,Transfer,OUT,1600000.0,Operating_Expense
Bensin 11/08/26,Cash,OUT,50000.0,Operating_Expense
bayar dodol psn arisan ibu-ibu grosir laut biru,Transfer,IN,696700.0,Revenue
BAYAR ANGS KE PETUGAS BPR MITRA KOLAKA,Cash,OUT,336200.0,Financing
cash biaya provisi kredit bank sultra,Cash,OUT,12600000.0,Financing
QRIS merchant bayar Indihome November,QRIS,OUT,2670000.0,Operating_Expense
bukti transfer antar rekening inv-2026/0116,Invoice,OUT,1600000.0,Transfer_Internal
pembayaran qris trf bpr mitra kolaka 5500000 juni 2026,QRIS,OUT,5500000.0,Financing
Angsuran periode Jun,Transfer,OUT,29000000.0,Financing
Trf infaq masjid,Transfer,OUT,285000.0,Other
transfer masuk masuk 1.500.000 tgl 26/04,Transfer,IN,1500000.0,Other
kirim uang jajan anak,Transfer,OUT,700000.0,Other
belanja stok deterjen ke agen nurul,Cash,OUT,276300.0,COGS
Trf ke pasar lama Wua-Wua pembelian cat rambut,Transfer,OUT,35000000.0,COGS
TITIPAN RINA IBRAHIM BULAN SEPTEMBER,Invoice,OUT,200000.0,Other
Gaji kasir periode Des,Cash,OUT,3850000.0,Operating_Expense
pindah dana rp2.732.600,Transfer,OUT,2732600.0,Transfer_Internal
TRSF CR TERIMA KREDIT USAHA RAKYAT MANDIRI 12500000.00,Bank_Mutation,IN,12500000.0,Financing
Sewa tempat 2701,Transfer,OUT,300000.0,Operating_Expense
m-banking belanja daun pandan anyam dan pewarna kain,Transfer,OUT,134000.0,COGS
TRF LLG CR 0510/FTSCY/WS59361 TRF MASUK RAHIM (GANTI KAMPAS REM) 500000.00,Bank_Mutation,IN,500000.0,Revenue
TRANSFER KELUAR KEMBALIKAN PINJAMAN KE BUDI HALIM REF 75590397,Bank_Mutation,OUT,270000.0,Financing
TRF MASUK LUNAS ORDER RESELLER WULAN BADO,Transfer,IN,450000.0,Revenue
Pbl shampoo profesional 3 botol,Cash,OUT,45000.0,COGS
byr angsuran pembiayaan INV-2025/1470,Transfer,OUT,9600000.0,Financing
pendapatan order syukuran Yusuf Mnsur,Cash,IN,6100000.0,Revenue
trf pengmebalian dana investor tiara sari 5 mar,Transfer,OUT,1525100.0,Financing
uang saku keluarga a.n kak erni,Transfer,OUT,900000.0,Other
trf masuk pembayaran dari sukri 440.000,Transfer,IN,440000.0,Revenue
pajak bunga tabungan Mandiri,Cash,OUT,190000.0,Other
TRF MASUK 1801/FTFVA/WS31451 PINJAM MODAL KE IBU KASMIATI,Bank_Mutation,IN,28000000.0,Financing
top up dompet digital usaha shopeepay,Transfer,OUT,95000.0,Transfer_Internal
inv #62275 servis atap usaha kue februari 2025,Invoice,OUT,900000.0,Operating_Expense
Tunai biaya listrik dan air bln Juni,Cash,OUT,80000.0,Operating_Expense
BI-FAST DB BELI PULSA PRIBADI,Bank_Mutation,OUT,25000.0,Other
bayar qris pmbyrn ke agen tono inv po100 ref 158y125,QRIS,OUT,265000.0,COGS
PENCAIRAN PEMBIAYAAN MURABAHAH BANK SULTRA,Transfer,IN,3440000.0,Financing
Bayar QRIS trf ke agen Nur pembelian ban dalam,QRIS,OUT,160000.0,COGS
Terima pembayaran jasa jasa antar barang no.C443574,Transfer,IN,1150000.0,Revenue
beli brg dagangan snack dr grosir 19/06/25,Transfer,OUT,16200000.0,COGS
iuran karang taruna,Cash,OUT,450000.0,Other
hasil sewa barista 25 agu 2026,Transfer,IN,30800.0,Revenue
pembayaran qris by.u juli 2026 no 2426,QRIS,OUT,3850000.0,Operating_Expense
droping Pegadaian tgl 27,Transfer,IN,2150000.0,Financing
Angsuran pinjaman modal ke Irfan Susanto,Transfer,OUT,520000.0,Financing
angs kerdit BTN Agustus,Transfer,OUT,180000.0,Financing
invoice nt-8986 penjualan barang elektronik kecil kepada zulkifli,Invoice,IN,26000000.0,Revenue
titipan lina syam tgl tgl 15,Transfer,OUT,11000.0,Other
Nota pembelian NT-5954 grosir Berkah obat hama,Invoice,OUT,2100000.0,COGS
SETORAN TUNAI,Cash,OUT,7885400.0,Transfer_Internal
pelunasan nota CV Abadi P371595 ref L51038,Transfer,OUT,700000.0,COGS
by kirim paket ke pelanggan pos indonesia,Cash,OUT,435000.0,Operating_Expense
slip setoran cimb niaga nt-167 12-06-2025,Invoice,OUT,5600000.0,Transfer_Internal
TRANSFER MASUK BUNGA GIRO BSI APRIL,Bank_Mutation,IN,140000.0,Other
lunasi pinj anwar setiawan,Transfer,OUT,6000000.0,Financing
CR SWITCHING DP PSN COTO DARI PELANGGAN DARMIN,Bank_Mutation,IN,288800.0,Revenue
AUTODEBET 11/12 SEWA USAHA TANI PERIODE DES,Bank_Mutation,OUT,2400000.0,Operating_Expense
Scan QRIS bayar tghn First Media Mei (Mei),QRIS,OUT,106200.0,Operating_Expense
TRF LLG DB 1709/FTSCY/WS18788 PINDAH BUKU MUAMALAT KE BCA SENDIRI,Bank_Mutation,OUT,4352300.0,Transfer_Internal
qr reversal nt-2967,QRIS,OUT,6000.0,Other
TT MASUK 0211/BIFAST/WS15507 SETOR PENDAPATAN HARIAN KE BANK 210000.00,Bank_Mutation,IN,210000.0,Transfer_Internal
TRSF DB upah tukang cuci minggu 4 1406,Bank_Mutation,OUT,195000.0,Operating_Expense
penjualan partai besar geang depot harapan,Transfer,IN,220000.0,Revenue
TRSF E-BANKING DB 22/09 PAKET DATA FIRST MEDIA A.N ALFIAN,Bank_Mutation,OUT,70000.0,Operating_Expense
biaya lain-lain,Cash,IN,5500.0,Other
terima trf reward dana no.1106,Transfer,IN,20000.0,Other
nota inv-2026/8883 pembayaran supplier agen siti pupuk urea,Invoice,OUT,200000.0,COGS
Pemindahan dana antar rek usaha,Transfer,IN,180000.0,Transfer_Internal
bayar ganti aki scan qris,QRIS,IN,71000.0,Revenue
TRANSFER KELUAR IKLAN FCEBOOK BULAN APRIL,Bank_Mutation,OUT,700000.0,Operating_Expense
cash dana kur masuk maret,Cash,IN,45608100.0,Financing
m-banking bayar teknisi servis mesin espresso,Transfer,OUT,4050000.0,Operating_Expense
CICILAN KOPDIT HARAPAN,Bank_Mutation,OUT,18900000.0,Financing
Nota NT-1342 pendapatan pesanan rapat kantor pak Herman a.n Salma,Invoice,IN,14000000.0,Revenue
CR SWITCHING SETORAN TUNAI TELLER MUAMALAT (PERIODE JUN),Bank_Mutation,IN,1800000.0,Transfer_Internal
pembayaran QRIS top up saldo LinkAja usaha dari rek BNI,QRIS,OUT,240000.0,Transfer_Internal
PEMBAYARAN ambil tnai dari rek BRI usaha 180700.00,Bank_Mutation,OUT,180700.0,Transfer_Internal
byr supplier grosir bersama es batu,Transfer,OUT,23323500.0,COGS
penerimaan kas penjualan kopi susu 21 sep 2025 - 21 sep 2025,Cash,IN,12000.0,Revenue
BI-FAST unknown trx NT-5139,Transfer,OUT,1610400.0,Other
pembayaran angsuran pembiayaan n809772,Cash,OUT,9241900.0,Financing
Terima trf pencairan pinjaman KSP Bina Sejahtera,Transfer,IN,34500000.0,Financing
angsuran pokok koperasi nelayan bahari periode sep,Transfer,OUT,270000.0,Financing
Pembayaran QRIS gamis Wati,QRIS,IN,305000.0,Revenue
TRSF E-BANKING DB 871922 TOP UP SALDO LINKAJA USAHA DR REK BNI,Bank_Mutation,OUT,560000.0,Transfer_Internal
tambah stok hijab dari supplier 50 pcs,Transfer,OUT,105000.0,COGS
faktur #70249 langganan domain website,Invoice,OUT,20000.0,Operating_Expense
Gaji kurir Jaunari,Transfer,OUT,1100000.0,Operating_Expense
TRF LLG CR 0811/FTSCY/WS59004 DANA KUR MASUK SEPTEMBER 2025,Bank_Mutation,IN,10000000.0,Financing
trf masuk uang muka tidak jelas peruntukan,Transfer,IN,6479300.0,Other
terima trf gofood settlement order so/03/768 (dapur kue),Transfer,IN,35300.0,Revenue
jual padi ke grosir sentosa,Transfer,IN,6500000.0,Revenue
TRANSFER MASUK 15/07 TUNAI DISETOR KE REK DANAMON SENDIRI,Bank_Mutation,IN,18000000.0,Transfer_Internal
Saldo tabungan usaha diindah ke rek BSI,Transfer,IN,47300000.0,Transfer_Internal
Nota penjualan #24420 Akbar Lakoro,Invoice,IN,200000.0,Revenue
KR OTOMATIS DANA SALAH TRANSFER MASUK F-485 900000.00,Bank_Mutation,IN,900000.0,Other
desain logo x6 qris,QRIS,IN,50000.0,Revenue
QRIS SAFITRI BELI DONAT,QRIS,IN,427000.0,Revenue
SPANDUK PROMO BAKERY RUMAHAN,Bank_Mutation,OUT,200000.0,Operating_Expense
by promosi wisuda,Transfer,OUT,57000.0,Operating_Expense
TRSF CR 05/10 SETORAN TUNAI TELLER MANDIRI,Bank_Mutation,IN,1430000.0,Transfer_Internal
m-banking masuk koreksi transaksi 5957,Transfer,IN,40000.0,Other
terima trf tarik saldo linkaja usaha ke rekening bni,Transfer,IN,185000.0,Transfer_Internal
settle invoice supplier agen waode nia agu,Transfer,OUT,800000.0,COGS
BI-FAST DB 0208/FTSCY/WS36439 pmebayaran PT Mitra 23/07/25,Bank_Mutation,OUT,1350000.0,COGS
TRSF E-BANKING DB BAYAR TB HARAPAN MOTOR,Bank_Mutation,OUT,3900000.0,COGS
gj kasir april,Cash,OUT,3800000.0,Operating_Expense
PEMBAYARAN 305000 A.N SAFITRI TAMRIN,Transfer,OUT,305000.0,Other
TRSF E-BANKING DB BAYAR SWA TEMPAT USAHA OKT,Bank_Mutation,OUT,360000.0,Operating_Expense
kembalikan uang 21rb tanpa keterangan,Cash,OUT,21000.0,Other
pembayaran upah kurir,Transfer,OUT,170000.0,Operating_Expense
"Kemasan stiker label produk habis, beli 1 lusin",QRIS,OUT,420000.0,COGS
KR OTOMATIS 02/10 CAIR PLAFON KREDIT KUR BSI,Bank_Mutation,IN,4700000.0,Financing
BY PENYESUAIAN - 2409,Bank_Mutation,OUT,35000.0,Other
Pembelian laminating pouch 2 box,Cash,OUT,10000.0,COGS
beli cairan pendingin di pasar,Transfer,OUT,22000.0,COGS
BI-FAST CR 09/02 biaya penyesuaian,Bank_Mutation,IN,425000.0,Other
bayar teknisi servis ac,Cash,OUT,4400000.0,Operating_Expense
sumbangan hajatan Salma Ramadhan,Transfer,OUT,10000.0,Other
M-banking ambil pribadi pemilik,Transfer,OUT,80000.0,Other
TRSF DB PENARIKAN TUNAI TELLER BSI,Bank_Mutation,OUT,2400000.0,Transfer_Internal
jual souvenir ke kios berkah indah tgl 03/06/26,Transfer,IN,412000.0,Revenue
Bayar cicilan pinj Kopdit Harapan tgl 25/08,Cash,OUT,2500000.0,Financing
invoice so/06/427 debet otomatis tidak dikenal,Invoice,OUT,650000.0,Other
Overbooking rek sendiri dari Mandiri,Transfer,IN,10900000.0,Transfer_Internal
bayar cash ongkos jasa cetak foto mira,Cash,IN,27000.0,Revenue
Angsuran ke-2 pinjaman KSP Bina Sejahtera,QRIS,OUT,4800000.0,Financing
KREDIT CAIR BCA TGL TGL 16,Cash,IN,475000.0,Financing
AUTODEBET 16/01 TF KELUAR NO 6596,Bank_Mutation,OUT,2980000.0,Other
PAYMENT 0205/FTSCY/WS51809 TARIK TUNAI 197.800,Bank_Mutation,OUT,197800.0,Transfer_Internal
scan qris pengeluaran pribadi pemilik rp 1.350.000,QRIS,OUT,1350000.0,Other
Scan QRIS infaq masjid,QRIS,OUT,180000.0,Other
trf MDR QRIS Maret,Transfer,OUT,29000.0,Operating_Expense
Parkir & bensin krm pesanan,Cash,OUT,230000.0,Operating_Expense
fee aplikasi kasir mei 2026 - 0403,QRIS,OUT,433000.0,Operating_Expense
inv p404572 pembayaran diterima herman a.n kak rahim,Transfer,IN,3000000.0,Revenue
Zakat Januari 2026,Transfer,OUT,1200000.0,Other
terima tunai dr pak tasrif beli admin sosmed,Cash,IN,1000000.0,Revenue
TRF LLG CR 548276 KELEBIHAN BAYAR TIDAK JELAS NT-6305 (JAN),Bank_Mutation,IN,1200000.0,Other
settle invoice supl pasar baru poasia februari,Transfer,OUT,400000.0,COGS
Belanja tepung terigu pagi 04/07/25,Transfer,OUT,25100.0,COGS
M-banking masuk perlu konfirmasi pengirim 2488,Transfer,IN,150000.0,Other
TT MASUK 13/11 KONTRAK SUPLAI SAMBAL ROA UD TIGA SAUDARA BULAN APRIL,Bank_Mutation,IN,6500000.0,Revenue
Kirim gaji asisten periode Agu,Transfer,OUT,500000.0,Operating_Expense
PEMBAYARAN 549614 TRF BPR SULTRA MANDIRI 17.000.000 NO NT-4934,Bank_Mutation,OUT,17000000.0,Financing
TRF KALIBRASI GENSET,Transfer,OUT,357000.0,Operating_Expense
trsf fitri sisa pembyrn telur,Transfer,IN,70000.0,Revenue
cash hasil jualan kaos sore ini,Cash,IN,91000.0,Revenue
tf by tidak jelas rp1.527.400,Transfer,OUT,1527400.0,Other
M-BANKING TIKET MUDIK KELUARGA,Transfer,OUT,4200000.0,Other
TRF LLG CR CV HARAPAN TRANSFER PEMBAYARAN 3 CAKE POP,Bank_Mutation,IN,190000.0,Revenue
TRF LLG DB PINDAH BUKU BANK SULTRA KE MANDIRI SENDIRI,Bank_Mutation,OUT,260000.0,Transfer_Internal
trf MASUK dana masuk Tasrif ref C84754,Bank_Mutation,IN,437200.0,Revenue
M-banking isi saldo ShopeePay bisnis,Transfer,OUT,61400.0,Transfer_Internal
PAYMENT 28/12 LISTRIK KIOS KECIL 4 DES,Bank_Mutation,OUT,800000.0,Operating_Expense
pembayaran qris perlengkapan dapur wahyu amir,QRIS,IN,250000.0,Revenue
PAYMENT WITHDRAW TUNAI BRI 17-07-2025 17-07-2025,Bank_Mutation,OUT,10000000.0,Transfer_Internal
bi-fast belanja bahan harian pengharum ruangan cucian & sabun cair,Transfer,OUT,28000.0,COGS
transfer antar rekening sendiri BTN-CIMB Niaga,Transfer,IN,140000.0,Transfer_Internal
DEBET 28/11 BAYAR AGEN RESKI UNTUK KUKU DAN CAT KUKU 8000000.00,Bank_Mutation,OUT,8000000.0,COGS
perbaikan mesin jahit,QRIS,OUT,135000.0,Operating_Expense
Potong rekening BRI angsuran,Cash,OUT,5500000.0,Financing
TRANSFER KELUAR BAYAR SEWA RUKO KE GROSIR MANDIRI,Bank_Mutation,OUT,1520000.0,Operating_Expense
SUNTIKAN DANA MITRA ANDI SUDIRMAN,Cash,IN,15000000.0,Financing
pembayaran donasi ulang tahun,Transfer,OUT,330000.0,Other
penjualan tnai web company profile,Cash,IN,18500.0,Revenue
PEMBAYARAN BELI PULSA PRIBADI,Bank_Mutation,OUT,430000.0,Other
BI-FAST CR SUNTIKAN DANA MITRA RAMLI BASO,Bank_Mutation,IN,8700000.0,Financing
unknown trx #63538 - 21 jun,Transfer,IN,2900000.0,Other
terima trf angpao pengajian,Transfer,IN,32000.0,Other
SETORAN 2004/FTSKN/WS92198 SETOR HASIL JUAAN KE REK BNI,Bank_Mutation,IN,9000000.0,Transfer_Internal
"Tarik tunai 18,3jt",Cash,IN,18300000.0,Transfer_Internal
besnin motor operasional,QRIS,OUT,125000.0,Operating_Expense
SETOR OMZET 2-01-2026 KE REKENING DANAMON,Bank_Mutation,IN,316000.0,Transfer_Internal
pindah buku dr mandiri ke bank sultra sendiri a.n irfan jaya,Transfer,IN,35000000.0,Transfer_Internal
kirim uang ke grosir Tiga Saudara,Transfer,OUT,2150000.0,COGS
Bayar QRIS sumbangan acara kampung,QRIS,OUT,40500.0,Other
BI-FAST BELANJA STOK HIJAB DARI SUPPLIER KE TB KARYA,Transfer,OUT,5500000.0,COGS
Iuran sampah dan keamanan September,QRIS,OUT,35000.0,Operating_Expense
tunai hadiah arisan no.#9292,Cash,IN,1748300.0,Other
QRIS MERCHANT PEMBELIAN BAHAN PRODUKSI KERTAS ART CARTON AGUSTUS,QRIS,OUT,15000.0,COGS
PENDAPATAN BLIBLI MINGGU KE-2 (TAMBAL BAN),Bank_Mutation,IN,700000.0,Revenue
Faktur INV-2026/6139 refund tidak jelas 27000,Invoice,OUT,27000.0,Other
dana masuk dari permata rp2.340.000 (bengkel mobil),Transfer,IN,2340000.0,Financing
dana bri 17-05-2026,Cash,IN,401300.0,Financing
bayar angsuran ke petugas KUR Mandiri,Cash,OUT,4450000.0,Financing
kas kecil masuk tgl 8,Cash,IN,1100000.0,Transfer_Internal
Uang tunai perbaikan atap salon kecantikan,Cash,OUT,800000.0,Operating_Expense
Autodebet angsuran Pegadaian,Transfer,OUT,800000.0,Financing
pengembalian dana 8 apr 2025,Transfer,OUT,10000.0,Other
terima trf dana masuk pt cahaya laut biru,Transfer,IN,190000.0,Revenue
DEBET BELANJA KBTHN RUMAH TANGGA TGL 08/06/25,Bank_Mutation,OUT,2400000.0,Other
omzet hari ini 16/05/25 no.#24452,Cash,IN,52000.0,Revenue
PEMBAYARAN 829925 ORDER KERTAS NASI KE AGEN ILHAM,Bank_Mutation,OUT,36000.0,COGS
SETOR UANG KAS KE BANK CIMB NIAGA,Bank_Mutation,IN,5000000.0,Transfer_Internal
Setor uang kas ke bank BCA,Cash,OUT,350000.0,Transfer_Internal
setoran tunai teller BTN,Cash,OUT,15600000.0,Transfer_Internal
TRSF E-BANKING DB AUTODEBET ANGSURAN KUR BNI,Bank_Mutation,OUT,1880000.0,Financing
SEWA USAHA KERAJINAN PERIODE PERIODE DES - TGL 2,Transfer,OUT,1150000.0,Operating_Expense
Tunai biaya listrik dan air Oktober,Cash,OUT,440000.0,Operating_Expense
bayar cash uang lembur koki,Cash,OUT,181600.0,Operating_Expense
BAYAR SEWA TEMPAT USAHA FEB,Bank_Mutation,OUT,5000000.0,Operating_Expense
TRF LLG CR PAYOUT BUKALAPAK PENJUALAN WEB COMPANY PROFILE,Bank_Mutation,IN,1200000.0,Revenue
Tagihan PLN prabayar (periode Sep),Cash,OUT,3900000.0,Operating_Expense
TRF LLG CR 19/03 BAYAR ADMIN SOSMED SCAN QRIS,Bank_Mutation,IN,116000.0,Revenue
SCAN QRIS TRANSAKSI TIDAK DIKENAL (TOKO BAHAN POKOK),QRIS,IN,250000.0,Other
top up token listrik salon kecantikan,Cash,OUT,425000.0,Operating_Expense
kas: clsoing kasir tgl 16 total jual,Cash,IN,1131900.0,Revenue
TT MASUK SALDO BLIBLI MASUK REKENING PNJUALAN ONLINE (SANGGAR TENUN),Bank_Mutation,IN,2400000.0,Revenue
BAYAR 2208/FTFVA/WS92644 PT SENTOSA SENTOSA LUNAS - 8-03-2025,Bank_Mutation,OUT,5500000.0,COGS
Scan QRIS bayar air Jul,QRIS,OUT,1600000.0,Operating_Expense
PEMBAYARAN PELUNASAN DIPERCEPAT KUR BRI 600000.00,Bank_Mutation,OUT,600000.0,Financing
QRIS pmbyrn Kios Mandiri Berkah 15/04/26,QRIS,OUT,16000000.0,COGS
m-banking ekspedisi bahan baku Agen Jaya,Transfer,OUT,1600000.0,COGS
KR OTOMATIS 0706/FTSCY/WS41828 KIRIMAN PELANGGAN VINA - 1607,Bank_Mutation,IN,44000.0,Revenue
Settlement QRIS 1408 a.n Nila Ndoke,QRIS,IN,6300.0,Revenue
THR karywaan Mar,Cash,OUT,5990700.0,Operating_Expense
Bayar QRIS kulakan beras 50 kg,QRIS,OUT,24200.0,COGS
Faktur pembelian kabel dan colokan agen Saharuddin,Invoice,OUT,10000000.0,COGS
trf ke rek bri a.n usaha sendiri,Transfer,OUT,46000000.0,Transfer_Internal
ojek onlne krm 2 paket,Cash,OUT,60000.0,Operating_Expense
bayar toko tiga saudara,Cash,OUT,4211100.0,COGS
trf masuk pencairan pinjaman kopdit harapan,Transfer,IN,43000000.0,Financing
bunga krd CIMB Niaga Agustus 2025,Transfer,OUT,950000.0,Financing
Faktur NT-175 Ibu Hasrul peralatan rumah tangga lunas,Invoice,IN,780000.0,Revenue
Pindah dana rek Permata ke saldo ShopeePay usaha no SO/10/203,Transfer,OUT,66000.0,Transfer_Internal
faktur #96376 - pt mandiri - rotan 1 ikat (galeri kerajinan),Invoice,OUT,350000.0,COGS
invoice inv-2025/2667 retur dana nt-5161,Invoice,IN,71000.0,Other
TERIMA TRF BAYAR ARMAN FEBRUARI,Transfer,IN,13500.0,Revenue
transfer belanja stok telur ke grosir abadi,Transfer,OUT,700000.0,COGS
PAYMENT BUNGA KREDIT DANAMON PERIODE MAR 478300.00,Bank_Mutation,OUT,478300.0,Financing
tarik tunai buat kas,Cash,IN,120000.0,Transfer_Internal
transfer gaji penjahit periode des,Transfer,OUT,415000.0,Operating_Expense
pembayaran angsuran pembiayaan #85295,Cash,OUT,2000000.0,Financing
PINDAH DANA REK BTN KE REK PERMATA USAHA,Transfer,OUT,1450000.0,Transfer_Internal
BI-FAST DB 0710/LLG/WS91436 DENDA KETERLAMBATAN ANGSURAN BMT AL-AMIN,Bank_Mutation,OUT,49000000.0,Financing
terima trf bayar bu reski november,Transfer,IN,5000000.0,Revenue
DEBET TARIK CASH ATM DANAOMN 15525000.00,Bank_Mutation,OUT,15525000.0,Transfer_Internal
byr ke agen siti inv 3394,Cash,OUT,1600000.0,COGS
M-banking masuk koreksi mutasi 19 Mei,Transfer,IN,19000.0,Other
bayar cash ambil barang biji kopi dari agen Laode Rusman 5 kg (kafe kecil),Cash,OUT,1300000.0,COGS
SETORAN PINJAMAN USAHA TAHAP 2 CAIR BANK SULTRA,Bank_Mutation,IN,8500000.0,Financing
pendapatan cash shift siang,Cash,IN,45000.0,Revenue
NOTA PBL SO/08/482 PASAR INPRES BAUBAU BERAS,Invoice,OUT,703500.0,COGS
ganti komponen laptop kerja,Transfer,OUT,620000.0,Operating_Expense
Transfer antar bank 71600 no SO/10/750,Transfer,OUT,71600.0,Transfer_Internal
pembayaran ke cv sentosa inv f-308 - tgl 4,Transfer,OUT,6500000.0,COGS
M-banking masuk cair 444rb BTN,Transfer,IN,444000.0,Financing
QRIS MERCHANT BAYAR OJOL ANTAR BARANG,QRIS,OUT,150000.0,Operating_Expense
Isi kas kecil dari rekening,Cash,IN,1900000.0,Transfer_Internal
TRANSFER MASUK 18/05 REALISASI KREDIT KOPERASI SEJAHTERA BERSAMA L748272 16100000.00,Bank_Mutation,IN,16100000.0,Financing
TRSF E-BANKING DB 27/07 TARIK TUNAI REKENING USAHA DANAMON,Bank_Mutation,OUT,60000.0,Transfer_Internal
QR by kirim paket ke pelanggan Anteraja,QRIS,OUT,278800.0,Operating_Expense
byr qris uang jajan anak,QRIS,OUT,310000.0,Other
Transfer bayar pasar inpres Kolaka ref G87303,Transfer,OUT,260000.0,COGS
KR OTOMATIS 0401/LLG/WS23901 SALDO DOMPET DIGITAL USAHA DIPINDAH KE BANK,Bank_Mutation,IN,220000.0,Transfer_Internal
Pindah dana 9.731.400,Transfer,OUT,9731400.0,Transfer_Internal
Ambil barang stok kaos polos dari UD Damai Karya 10 pcs,Cash,OUT,350000.0,COGS
Ags pokok KUR BNI Mar - 27-07-2026,Cash,OUT,2900000.0,Financing
DEBET 312622 BIAYA ADMIN REKENNG USAHA JANUARI 2025,Bank_Mutation,OUT,220000.0,Operating_Expense
BELANJA STOK GULA PASIR KE AGEN LAODE RUSMAN,Cash,OUT,150000.0,COGS
inv so/07/179 pengepul grosir maju grosir bayar kelapa 1 lusin,Invoice,IN,4100000.0,Revenue
Tarik tnai ATM Permata,Cash,IN,190000.0,Transfer_Internal
Settlement QRIS tgl 7,QRIS,IN,13500.0,Revenue
QRIS udang,QRIS,IN,16000.0,Revenue
CR 18433617 tanpa keterangan,QRIS,IN,1200000.0,Other
DB SWITCHING GAJIAN 4 PGW KIOS,Bank_Mutation,OUT,420000.0,Operating_Expense
BAYAR TF ANTAR BANK RP 700.000,Bank_Mutation,OUT,700000.0,Transfer_Internal
Cash pembayaran rutin 17/05,Cash,OUT,100000.0,Other
terima trf cod cair gofood so/08/947,Transfer,IN,375000.0,Revenue
QRIS angs pinjaman Koperasi Tani Makmur ke-4,QRIS,OUT,10100000.0,Financing
pendapatan cash shift 3,Cash,IN,130000.0,Revenue
Invoice T55278 pelunasan pnjmn KSP Mitra Usaha (toko serba ada),Invoice,OUT,400000.0,Financing
trsf masuk pemindahan dana antar rek usaha,Transfer,IN,250000.0,Transfer_Internal
trf bayar Kopearsi Nelayan Bahari Rp335rb,Transfer,OUT,335000.0,Financing
Pembayaran bulanan,Transfer,OUT,748300.0,Other
bayar biaya marketing bln Deember,Bank_Mutation,OUT,1000000.0,Operating_Expense
bayar cash krd tanpa berita,Cash,IN,35000.0,Other
kirim perbaikan rak display,Transfer,OUT,270000.0,Operating_Expense
penjualan padi ke pengepul CV Bersama Group,Transfer,IN,667400.0,Revenue
transfer supplier agen Saldi order F-939,Transfer,OUT,1200000.0,COGS
terima transfer rahayu suparman - pisang goreng,Transfer,IN,65000.0,Revenue
trx kluar belum jelas,Cash,OUT,9000.0,Other
cash gaji tono juni,Cash,OUT,11500000.0,Operating_Expense
TRSF E-BANKING CR QRIS meja 2 ganti kampas rem,Bank_Mutation,IN,50000.0,Revenue
krm token listrik tk inv-2026/0606,Transfer,OUT,700000.0,Operating_Expense
KIRIM KE PETANI RINA 9.000.000,Bank_Mutation,OUT,9000000.0,COGS
Trf ke DANA usaha sendrii,QRIS,OUT,53000.0,Transfer_Internal
nota retur so/02/542,Invoice,OUT,135000.0,Other
PAYMENT 771719 BAYAR TAGIHAN SUPPLIER AGEN RIZAL,Bank_Mutation,OUT,455000.0,COGS
PMB QRIS DR RINA UTK ROTI,QRIS,IN,200000.0,Revenue
TRF LLG DB tarik tunai Rp6.000.000,Bank_Mutation,OUT,6000000.0,Transfer_Internal
tf masuk pencairan pembiayaan KSP Mitra Usaha untuk mdl usaha ref 89685638,Transfer,IN,2300000.0,Financing
PESANAN KATERING HJ. ALFIAN ACARA PERNIKAHAN,Transfer,IN,13000000.0,Revenue
Grosir Andalan Rp220.000,Transfer,OUT,220000.0,COGS
TRSF E-BANKING CR 2101/BIFAST/WS15355 PENGEMBALIAN PAJAK A.N PAK SITI,Bank_Mutation,IN,4550000.0,Other
DEBET PEMBAYARAN SUPPLIER CV DAMAI BHN RIAS,Bank_Mutation,OUT,9000000.0,COGS
BI-FAST CR TRF MASUK BUDI RP 5.288.800,Bank_Mutation,IN,5288800.0,Revenue
SETORAN SETORAN TUNAI 1500000.00,Bank_Mutation,IN,1500000.0,Transfer_Internal
kas: pembelian toples 500ml & kertas nasi,Cash,OUT,3900000.0,COGS
KREDIT hadiah undian,Bank_Mutation,IN,175000.0,Other
tagihan first media ref 43267288,Cash,OUT,31000.0,Operating_Expense
qris isi saldo dana bisnis,QRIS,OUT,306000.0,Transfer_Internal
Transfer masuk dana KUR masuk September,Transfer,IN,2200000.0,Financing
Tarik tunai buat kas (warung kelontong),Cash,IN,460000.0,Transfer_Internal
m-banking masuk terima catering pak andi,Transfer,IN,17000.0,Revenue
QR nota retur PO9507 (Okt),QRIS,OUT,345000.0,Other
transfer masuk droping KUR BSI 1502 no NT-2420,Transfer,IN,9000000.0,Financing
cash laundry express 12 porsi,Cash,IN,710000.0,Revenue
PAYMENT TARIK TUNAI UTK KAS KECIL,Bank_Mutation,OUT,8000000.0,Transfer_Internal
TRANSFER KE BTN ATAS NAMA SENDIRI NO.PO756,Transfer,OUT,1100000.0,Transfer_Internal
retribusi lapak 19/10,Cash,OUT,5500.0,Operating_Expense
KREDIT 16/04 PENCAIRAN KRD MDL KERJA PNM MEKAAR,Bank_Mutation,IN,2260000.0,Financing
REFUND PELANGGAN TIDAK TERIDENTIFIKASI 15/04/26,Bank_Mutation,OUT,1150000.0,Other
TT MASUK setor tunai CDM Bank Sultra 185000.00,Bank_Mutation,IN,185000.0,Transfer_Internal
QRIS pak Arifin beli sarung,QRIS,IN,5000.0,Revenue
setor kas usaha ke rekening,Cash,OUT,712900.0,Transfer_Internal
KAS: IURAN KEAMANAN BENGKEL MOBIL,Cash,OUT,170000.0,Operating_Expense
Faktur pembelian hijab dari supplier pasar lama Pomalaa tgl 14,Invoice,OUT,315000.0,COGS
PEMBAYARAN 777600 freight stock agen Rusdi tgl 8 Jul 2026,Bank_Mutation,OUT,21000.0,COGS
Kas: biaya listrik dan air Okt,Cash,OUT,100000.0,Operating_Expense
ongkir antar pesanan bu Halim,QRIS,OUT,669100.0,Operating_Expense
TRSF CR ONGKOS JASA PENGEMASAN PAK ARMAN,Bank_Mutation,IN,56700.0,Revenue
GAJI BU SARTIKA JANUARI,Cash,OUT,130000.0,Operating_Expense
transfer masuk dana talangan modal hasan,Transfer,IN,3500000.0,Financing
by keersihan toko,Transfer,OUT,150000.0,Operating_Expense
TF MASUK TERIMA PEMBIAYAAN KELOMPOK BMT AL-AMIN,Bank_Mutation,IN,34000000.0,Financing
Pindah buku dr BCA ke Muamalat sendiri,Transfer,IN,8500000.0,Transfer_Internal
TRANSFER KE TABUNGAN USAHA BCA,Bank_Mutation,OUT,29500000.0,Transfer_Internal
Trf masuk cashback DANA,Transfer,IN,121600.0,Other
pembayaran qris nasi goreng tiara,QRIS,IN,35000.0,Revenue
TRSF CR DANA MASUK DR REKENING SENDIRI REF C77927,Bank_Mutation,IN,61000.0,Transfer_Internal
qris merchant bengkel motor balancing (bengkel motor),QRIS,IN,14000.0,Revenue
"bahan telur habis, beli lagi 5 tray (oktober)",Transfer,OUT,27000.0,COGS
faktur po2034 - agen rahim - kain satin 15 meter,Invoice,OUT,8000000.0,COGS
DB SWITCHING 1804/FTSKN/WS59125 LANGGANAN CAPCUT PRO,Bank_Mutation,OUT,50000.0,Operating_Expense
bayar QRIS trucking cat rambut Agen Mutiara,QRIS,OUT,28000.0,COGS
TRF MASUK BIAYA PENYESUAIAN,Bank_Mutation,IN,440000.0,Other
kirim upah helper minggu 3,Transfer,OUT,379000.0,Operating_Expense
pembayaran qris beli kecap dan saus grosir 3 dus,QRIS,OUT,490000.0,COGS
ags KUR BCA bln 1 (toko),Bank_Mutation,OUT,14000000.0,Financing
TRSF E-BANKING DB 378258 BELI BARANG JUALAN GULA PASIR 1 KARUNG,Bank_Mutation,OUT,435000.0,COGS
PAYMENT BAYAR KEKURANGAN PEMUTIH AGEN RESKI REF 342Y539,Bank_Mutation,OUT,7000000.0,COGS
transfer agen Nur F189898,Transfer,OUT,248500.0,COGS
TRANSFER KELUAR BY MARKETING PERIODE JAN 55000.00,Bank_Mutation,OUT,55000.0,Operating_Expense
Trsf pembayaran pokok pembiayaan KSP Mitra Usaha 6 Mei,Transfer,OUT,3800000.0,Financing
trf masuk uang muka roti hamdan,Transfer,IN,20000.0,Revenue
TRANSFER KELUAR 2112/FTFVA/WS32087 SETORAN ANGSURAN RP448.000,Bank_Mutation,OUT,448000.0,Financing
QRIS tiket mudik keluarga no INV-2025/4689,QRIS,OUT,600000.0,Other
Cash laku desain logo 10 biji,Cash,IN,30000.0,Revenue
DEBET 130960 titipan Indra Ndoke (bulan Juli),Bank_Mutation,OUT,560000.0,Other
KR OTOMATIS 24/12 UANG DARI KAKAK,Bank_Mutation,IN,500000.0,Other
iuran rt juni - 0204,Cash,OUT,415000.0,Other
BI-FAST CR 28/08 overbooking rek sendiri dari BTN,Bank_Mutation,IN,3400000.0,Transfer_Internal
Zakat Juni,Cash,OUT,2540000.0,Other
TF INFAQ MASJID,Transfer,OUT,13000.0,Other
TRANSFER KELUAR FREIGHT STOCK UD TANI,Bank_Mutation,OUT,38000.0,COGS
SETORAN ANGSURAN MINGGUAN KOPERASI NELAYAN BAHARI,Cash,OUT,1290000.0,Financing
faktur #4864 paket data indosat,Invoice,OUT,490000.0,Operating_Expense
m-banking restock rantai dan gear,Transfer,OUT,900000.0,COGS
inv #21974 refund transaksi tidak jelas,Invoice,IN,74000.0,Other
m-banking masuk kredit usaha cair bni,Transfer,IN,19100000.0,Financing
SETORAN TRANSFER MASUK DARI MULYADI,Bank_Mutation,IN,5300000.0,Revenue
BI-FAST DB 07/06 ANGSURAN KUR BRI 17-05-2025 REF 79698961,Bank_Mutation,OUT,350000.0,Financing
Kas: jual udang ke pelanggan tetap (periode Sep),Cash,IN,105000.0,Revenue
qris kesalahan input f-024,QRIS,OUT,250000.0,Other
sewa kios periode mei,Cash,OUT,3400000.0,Operating_Expense
TRANSFER MASUK 341968 UANG DARI KAKAK,Bank_Mutation,IN,13500.0,Other
kas: pdam mar,Cash,OUT,2350000.0,Operating_Expense
tunai maintenance oven bulanan,Cash,OUT,1200000.0,Operating_Expense
faktur SO/06/343 - grosir Jaya - daun pandan anyam 10 ikat,Invoice,OUT,963000.0,COGS
TRF LLG DB TRF KE AGEN DEWI PEMBELIAN BUBUK COKLAT,Bank_Mutation,OUT,8000000.0,COGS
TRF KELUAR STOCK STANDING POUCH 5 PORSI,Bank_Mutation,OUT,60000.0,COGS
belanja benih jagung pagi 10/05,Cash,OUT,57000.0,COGS
Bayar Jumriah Mei no.SO/08/005,Transfer,OUT,40000.0,Operating_Expense
Penghasilan GrabFood periode 24/01 a.n Hj. Indra,Transfer,IN,919800.0,Revenue
angsuran bmt al-amin 15-08-2026 tgl 15-08-2026,Cash,OUT,2700000.0,Financing
tf pmbyrn ayam potong ke depot sumber baru tgl 10 apr,Transfer,OUT,185000.0,COGS
bi-fast bayar tagihan supplier agen anwar,Transfer,OUT,31500000.0,COGS
cash honor bu ratih jun,Cash,OUT,5000000.0,Operating_Expense
KR OTOMATIS 1501/FTSCY/WS17283 KRD CAIR BCA REF 601X921,Bank_Mutation,IN,16000000.0,Financing
KREDIT 0305/FTSKN/WS88484 QRIS MIRA BELI NASI KUNING,Bank_Mutation,IN,9000.0,Revenue
qris merchant tambal ban servis besar - 09/08/25,QRIS,IN,14300.0,Revenue
Bayar cash restock plastik klip dari pasar sentral Kolaka,Cash,OUT,74500.0,COGS
trf masuk refund transaksi tidak jelas,Transfer,IN,14000.0,Other
Uang tunai maintenance hairdryer bulanan,Cash,OUT,1150000.0,Operating_Expense
terima 13.000 dari Nasir,Transfer,IN,13000.0,Revenue
KIRIM TIKET MUDIK KELUARGA,Transfer,OUT,305000.0,Other
transfer masuk investasi Zulkifli untuk usaha kios,Transfer,IN,20900000.0,Financing
nota nelayan anwar tgl 1804 hasil tangkapan,Invoice,OUT,2200000.0,COGS
TRSF E-BANKING DB 01/07 KOREKSI MUTASI 28/09,Bank_Mutation,OUT,116000.0,Other
kas: bayar ojol antar barang,Cash,OUT,291000.0,Operating_Expense
trf masuk kredit usaha cair BSI,Transfer,IN,10500000.0,Financing
DB SWITCHING biaya provisi kredit BTN,Bank_Mutation,OUT,1104500.0,Financing
Cash upah Nurhayati minggu 3,Cash,OUT,6000000.0,Operating_Expense
TF THR karyawan Januari (bakery rumahan),Transfer,OUT,485000.0,Operating_Expense
m-banking masuk angpao rapat kantor,Transfer,IN,2810000.0,Other
TRF LLG CR 1606/LLG/WS58715 PENDAPATAN BUKALAPAK MINGGU KE-3 NO.S920346,Bank_Mutation,IN,40000.0,Revenue
Trsf masuk dana masuk u/ dicek,Transfer,IN,3150000.0,Other
DB SWITCHING 12/01 TOP UP SALDO OVO USAHA DARI REK BRI,Bank_Mutation,OUT,970000.0,Transfer_Internal
CR SWITCHING 2703/FTSCY/WS38465 PENCAIRAN SALDO TOKOPEDIA 6 AGU 2025,Bank_Mutation,IN,200000.0,Revenue
restock ikan tongkol,Cash,OUT,500000.0,COGS
TRSF E-BANKING CR setor uang kas ke bank CIMB Niaga a.n Rahim Nasution,Bank_Mutation,IN,2000000.0,Transfer_Internal
withdraw tunai bsi 1105,Cash,IN,16649900.0,Transfer_Internal
Bayar pinjaman kemitraan Hj. Aswin,Transfer,OUT,11824200.0,Financing
Ongkos kurir 18 Mar,Cash,OUT,19000.0,Operating_Expense
qr bayar pnm ulamm 300000,QRIS,OUT,300000.0,Financing
transfer masuk tarik saldo gopay usaha ke rekening bni,Transfer,IN,50000.0,Transfer_Internal
BELI PEMUTIH DR AGEN AKBAR,Cash,OUT,1500000.0,COGS
Uang kembalian dr bank Mandiri,Cash,IN,2900000.0,Transfer_Internal
kas kecil masuk dr brankas no #42155,Cash,IN,3280000.0,Transfer_Internal
tunai kembalikan pinjaman ke lestari hidayat - 05/01,Cash,OUT,11500000.0,Financing
inv po113 tagihan grosir sejahtera inv-2025/9052 bahan produksi,Invoice,OUT,17000000.0,COGS
QRIS CR F94793 tanpa keterangan - 5 Jun 2025,QRIS,IN,7000.0,Other
bi-fast invoice angsuran kur bsi f-541,Transfer,OUT,1910000.0,Financing
Bagi hasil tabungan Danamon bulan Agustus no.NT-672,Transfer,IN,1000000.0,Other
penutupan pinjaman kur bni 9504,Transfer,OUT,1850000.0,Financing
tunai bayar kos anak Sep,Cash,OUT,2570000.0,Other
TRF LLG CR TRANSFER MASUK DARI TOKO PELANGI PEMBAYARAN KOPI SACHET,Bank_Mutation,IN,3479100.0,Revenue
Setor kas penjualan ke Muamalat,Cash,OUT,800000.0,Transfer_Internal
tiket mudik keluarga,Transfer,OUT,7000000.0,Other
DB SWITCHING PENARIKAN TUNAI TELLER BCA,Bank_Mutation,OUT,3400000.0,Transfer_Internal
Agen Ikbal lunas tgl 20 Feb,Transfer,OUT,7000000.0,COGS
Terima tunai dari bu Saharuddin beli kopi turuk,Cash,IN,410000.0,Revenue
belanja deterjen pagi 1410,Cash,OUT,85000.0,COGS
UPAH HARIAN RAHAYU,Bank_Mutation,OUT,175900.0,Operating_Expense
bayar cash by adm usaha okt (toko pakaian),Cash,OUT,20000.0,Operating_Expense
pinjaman lunak dari hj. kartini,Transfer,IN,19000000.0,Financing
KRD 560945 CUST BAHAR BAYAR RP1.700.000,Bank_Mutation,IN,1700000.0,Revenue
BI-FAST CR 277245 SETORAN KAS KE TABUNGAN BANK SULTRA,Bank_Mutation,IN,200000.0,Transfer_Internal
Krm ke Grosir Prima 9.820.800,Transfer,OUT,9820800.0,COGS
penutupan pinjaman KUR BRI NT-1949,Transfer,OUT,29400000.0,Financing
Cash uang masuk dari jualan cuci selimut,Cash,IN,1000000.0,Revenue
BI-FAST DB BUNGA KRD PERMATA OKTOBER,Bank_Mutation,OUT,18767500.0,Financing
Penjualan 26 Jan QRIS kelapa,QRIS,IN,112000.0,Revenue
trf ke agen rahayu pembelian vernis (juli 2026),Transfer,OUT,237000.0,COGS
TRSF DB PDAM JUNI 2026 JUNI 2026,Bank_Mutation,OUT,3820000.0,Operating_Expense
trf dari adik,Transfer,IN,130000.0,Other
TRANSFER MASUK DANA PIHAK KETIGA BELUM TERIDENTIFIKASI,Bank_Mutation,IN,7500000.0,Other
TRF LLG DB SPANDUK PROMO CATERING,Bank_Mutation,OUT,155000.0,Operating_Expense
qris masuk penjualan kopi bubuk,QRIS,IN,200000.0,Revenue
penarikan tunai teller bni,Cash,IN,4860000.0,Transfer_Internal
Pelunasan nota grosir Anugerah F-929 - 13 Des,Transfer,OUT,7500000.0,COGS
KRD BAYAR ROKOK PESANAN WISUDA RAHAYU NDOKE,Bank_Mutation,IN,7000000.0,Revenue
setoran kas ke tabungan muamalat,Cash,OUT,25448000.0,Transfer_Internal
iuran arisan keluarga,Cash,OUT,1100000.0,Other
biaya transfer antar bank (kantin),Invoice,OUT,440000.0,Operating_Expense
Bagi hasil tabungan Muamalat Jun,Transfer,IN,159000.0,Other
kulakan gula pasir 10 kg,Cash,OUT,44000.0,COGS
Invoice tidak dikenal INV-2026/4347,Cash,IN,150000.0,Other
trf ke rek bank sultra a.n usaha seniri - 13 agu 2025,Transfer,OUT,1450000.0,Transfer_Internal
upah harian Siti a.n Wulan Mansur,Transfer,OUT,200000.0,Operating_Expense
Tambahan modal dr investor Rahim Purnama,Transfer,IN,23000000.0,Financing
BI-FAST CR PMBYRN WA ODE SARI AMIR KE REK USAHA TELUR,Bank_Mutation,IN,7000000.0,Revenue
inv inv-2026/9054 langganan capcut pro november 20-09-2026,Invoice,OUT,150000.0,Operating_Expense
Bayar agen Ratih sparepart motor 5 item,Transfer,OUT,3450000.0,COGS
sewa usaha laundry periode bulan oktober,Cash,OUT,1094200.0,Operating_Expense
PAYMENT 509027 KRM KE RKG SENDIRI BSI,Bank_Mutation,OUT,14000000.0,Transfer_Internal
TT MASUK 402883 kredit usaha cair BSI,Bank_Mutation,IN,11000000.0,Financing
BAYAR BAGI HASIL PEMBIAYAAN KUR MANDIRI,Invoice,OUT,129000.0,Financing
KREDIT SETORAN TNAI TELLER DANAMON,Bank_Mutation,IN,10000000.0,Transfer_Internal
KREDIT 110028 SELISIH REKONSILIASI FEBRUARI,Bank_Mutation,IN,239000.0,Other
Beli brg jualan stok kaos polos 10 pcs,Cash,OUT,2200000.0,COGS
QRIS merchant laundry dry clean jas,QRIS,IN,25000.0,Revenue
qris by cetak nota 21 apr 2026,QRIS,OUT,10000.0,Operating_Expense
trf restock kecap dan saus,Transfer,OUT,64500.0,COGS
tarikan atm danamon,Cash,IN,800000.0,Transfer_Internal
"byr QRIS stok jualan gula pasir habis, tambah 50 kg",QRIS,OUT,900000.0,COGS
TARIKAN ATM BRI,Cash,IN,500000.0,Transfer_Internal
TRANSFER MASUK SETORAN TUNAI REK USAHA DANAMON 2300000.00,Bank_Mutation,IN,2300000.0,Transfer_Internal
Trf pelunasan kredit modal kerja Permata,Transfer,OUT,19000000.0,Financing
bayar cash bhn baku kertas a4,Cash,OUT,11000.0,COGS
DEBET STOK CUP SEALER 1 SET PERIODE OKT,Bank_Mutation,OUT,171000.0,COGS
setoran kas ke tabungan BRI,Cash,OUT,150000.0,Transfer_Internal
Transfer masuk droping Koperasi Tani Makmur 21/05/26,Transfer,IN,25000000.0,Financing
TARIK TNAI BUAT MODAL KEMBALIAN,Bank_Mutation,OUT,101000.0,Transfer_Internal
qris bayar indihome rp 1.700.000,QRIS,OUT,1700000.0,Operating_Expense
uang muka souvenir pelanggan Sumarni,Transfer,IN,10000000.0,Revenue
BI-FAST bayar listrik bulan April - 15-01-2026,Transfer,OUT,66000.0,Operating_Expense
pindah dana rek bsi ke rek btn usaha (sep),Transfer,OUT,11900000.0,Transfer_Internal
tf pemindahan dana dari rekening utama ke rekening operasional,Transfer,OUT,23000000.0,Transfer_Internal
PEMBAYARAN 841299 TRANSFER KE BANK SULTRA ATAS NAMA SENDIRI,Bank_Mutation,OUT,15000000.0,Transfer_Internal
TRANSFER MASUK BAYAR MIE INSTAN SCAN QRIS 1510,Bank_Mutation,IN,5000.0,Revenue
Kas: bonus Yunus,Cash,OUT,450000.0,Operating_Expense
TRSF DB 768460 TF ANTAR RKG SENDIRI PERMATA-BNI 26500000.00,Bank_Mutation,OUT,26500000.0,Transfer_Internal
Bayar QRIS TikTok ads 09/05,QRIS,OUT,5000000.0,Operating_Expense
m-banking honor hasrul bln april,Transfer,OUT,3250000.0,Operating_Expense
TRF LLG DB 23/09 HUTANG DAGANG GROSIR REZEKI LUNAS 17 DES 3960000.00,Bank_Mutation,OUT,3960000.0,COGS
qr penerimaan jasa masak acara andi,QRIS,IN,17500.0,Revenue
Cash denda parkir,Cash,OUT,900000.0,Other
AUTODEBET TARIKAN ATM BNI,Bank_Mutation,OUT,105000.0,Transfer_Internal
TRSF CR 23/05 TRANSFER SALAH KIRIM SARLIN,Bank_Mutation,IN,1600000.0,Other
pembayaran pokok pembiayaan bank sultra 17 jan 2026,Transfer,OUT,2870000.0,Financing
BI-FAST DB SEWA GEROBAK JUNI,Bank_Mutation,OUT,400000.0,Operating_Expense
TRANSFER KELUAR 24/03 UANG SWA TEMPAT KE BU DEWI,Bank_Mutation,OUT,17000000.0,Operating_Expense
TRSF E-BANKING CR 388562 INVOICE TIDAK DIKENAL #37735 (USAHA KUE) 1800000.00,Bank_Mutation,IN,1800000.0,Other
lunasi pinjaman Sarlin ref J81147,Transfer,OUT,800000.0,Financing
AMBIL UANG DI ATM 6.012.300 05/04/25,Cash,IN,6012300.0,Transfer_Internal
cash pembayaran pesanan custom 8x,Cash,IN,95000.0,Revenue
tagihan agen wahyu f-676 bahan produksi,Invoice,OUT,700000.0,COGS
TT MASUK Rahmat Anshari lunas tgl 5,Bank_Mutation,IN,1681100.0,Revenue
hasil penjualan disetor ke bank 04/06,Cash,OUT,810000.0,Transfer_Internal
TRANSFER KELUAR PENARIKAN TNAI TELLER BTN,Bank_Mutation,OUT,1170000.0,Transfer_Internal
Uang masuk ? (warung kelontong),Transfer,IN,30000.0,Other
trf belanja stok gas elpiji 3kg tabung isi ke agen erni,Transfer,OUT,265000.0,COGS
nota mutasi kas internal #10626,Invoice,IN,295000.0,Transfer_Internal
PENJUALAN PERLENGKAPAN DAPUR KE ANDI SETIAWAN LUNAS TUNAI,Cash,IN,45000.0,Revenue
Refund tidak diketahui asalnya,Invoice,IN,100000.0,Other
Kas: bonus bank BNI,Cash,IN,24000.0,Other
Cash angsuran ke-8 pinjaman KUR BNI,Cash,OUT,6000000.0,Financing
suntikan dana mitra dedi tuwu,Cash,IN,4000000.0,Financing
TRF LLG DB 19/01 BAYAR ANGSURAN KE PETUGAS PEGADAIAN,Bank_Mutation,OUT,6700000.0,Financing
BI-FAST mutasi keluar ke tabungan dana cadangan September,Transfer,OUT,105000.0,Transfer_Internal
"AUTODEBET 381088 pembayaran Rp2,1jt tgl 01/07/25",Bank_Mutation,OUT,2100000.0,Other
Kirim uang ke CV Sinar Klaka,QRIS,OUT,9161800.0,COGS
invoice penjualan kentang goreng bulan april,Invoice,IN,120000.0,Revenue
faktur INV-2026/2058 - agen Wulan - cream rabut 6 pot ref 914Z894,Invoice,OUT,11300000.0,COGS
CR SWITCHING 07/12 SETOR HASIL JUALAN KE REK BNI NO.SO/05/425,Bank_Mutation,IN,15000000.0,Transfer_Internal
Nota SO/10/977 reversal masuk SO/08/305,Invoice,IN,500000.0,Other
TRANSFER MASUK DANA MASUK DR REKENING SENDIRI,Bank_Mutation,IN,3950000.0,Transfer_Internal
TAMBAHAN MDL DR INVESTOR ANWAR,Transfer,IN,37000000.0,Financing
penjualan grosir donat ke reseller grosir indah kendari,Cash,IN,241300.0,Revenue
jual jagung ke pelanggan tetap,Cash,IN,61000.0,Revenue
by tidak jelas rp188.000,QRIS,OUT,188000.0,Other
m-banking biaya provisi kredit BNI,Transfer,OUT,5300000.0,Financing
Hadiah undian tgl 23-03-2025,Transfer,IN,35000.0,Other
KREDIT SALDO DOMPET DIGITAL USAHA DIPINDAH KE BANK,Bank_Mutation,IN,226000.0,Transfer_Internal
LUNAS PESANAN RAHMAT,Bank_Mutation,IN,405000.0,Revenue
BI-FAST cicil pinjaman Ratna Tuwu Maret 2026,Transfer,OUT,6600000.0,Financing
KREDIT CAIR MAMALAT (SEPTEMBER 2026),Transfer,IN,550000.0,Financing
Potong rekening Danamon angs,QRIS,OUT,4400000.0,Financing
pencairan pinjaman bpr sultra mandiri,Transfer,IN,18500000.0,Financing
penutupan pinjaman kperasi sejahtera bersama po7993,Cash,OUT,31500000.0,Financing
bensin 24 jan desember 2025,Cash,OUT,36000.0,Operating_Expense
Uang lembur mbak Rusdi,Transfer,OUT,129000.0,Operating_Expense
Invoice INV-2026/8664 Ilham Ndoke paid,Invoice,IN,110000.0,Revenue
BELI BARANG DAGANG BAN DALAM DR GROSIR,Invoice,OUT,2450000.0,COGS
Cash belanja brg dagangan Agen Maju,Cash,OUT,850000.0,COGS
settlement qris 7-08-2026 (usaha tani),QRIS,IN,320000.0,Revenue
invoice nt-2658 koreksi transaksi 7583,Invoice,IN,45000.0,Other
Setoran kas ke tabungan BNI,Cash,OUT,108000.0,Transfer_Internal
pembayaran qris pembelian bhn produksi pupuk kandang,QRIS,OUT,10000.0,COGS
m-banking masuk droping kur bni 0202,Transfer,IN,48000000.0,Financing
inv nt-5271 angs pinjaman koperasi nelayan bahari ke-3,Invoice,OUT,8000000.0,Financing
dana salah transfer masuk so/11/139,Transfer,IN,57000.0,Other
bayar qris uang keluar tanpa nota ref r54118,QRIS,OUT,50000.0,Other
setor uang kas ke bank muamalat,Cash,OUT,670000.0,Transfer_Internal
Pnejualan latte ke Lina lunas tunai,Cash,IN,130000.0,Revenue
faktur NT-6623 - agen Dedi - hijab dari supplier 50 pcs ref 165Z464,Invoice,OUT,2200000.0,COGS
iuran kebersihan februari 2025,Cash,OUT,100000.0,Operating_Expense
bayar agen nurul deterjen 10 kg tgl 13/05/26,Transfer,OUT,10095000.0,COGS
Parkir & bensin kirim psn,Cash,OUT,500000.0,Operating_Expense
"tf keluar rp1,6jt tanpa catatan",Cash,OUT,1600000.0,Other
BELI DETERJEN 2 DUS UTK STOCK,Cash,OUT,103600.0,COGS
Investasi Wa Ode Sari Saputra untuk usaha warung makan,Transfer,IN,22000000.0,Financing
Bayar hutang modal Suryani Tamrin,Cash,OUT,6800000.0,Financing
Uang cash boost postingan WhatsApp blast,Cash,OUT,310000.0,Operating_Expense
DB SWITCHING 0902/FTSCY/WS65419 SETORAN ANGSURAN MINGGUAN KOPDIT HARAPAN,Bank_Mutation,OUT,3200000.0,Financing
pemindahan dana dr rek utama ke rekening operasional,Transfer,OUT,24000000.0,Transfer_Internal
Terima cash dari Vina beli mie ayam,Cash,IN,70000.0,Revenue
Inv INV-2025/1494 ganti komponen oven tgl 24,Invoice,OUT,60000.0,Operating_Expense
qris transfer agen kasmiati #55411 tgl 15-01-2025,QRIS,OUT,1000000.0,COGS
trf bayar bunga pinjaman Koperasi Tani Makmur September,Transfer,OUT,579600.0,Financing
KR OTOMATIS TRANSFER MASUK,Bank_Mutation,IN,13000.0,Other
Pmbelian kecap dan saus untuk toko bhn pokok,Transfer,OUT,987300.0,COGS
cash batik 2 porsi oktober,Cash,IN,2000000.0,Revenue
CR SWITCHING 0404/FTSCY/WS76620 PEMBAYARAN PESANAN ONLINE TIKTOK SHOP SO/11/315 185000.00,Bank_Mutation,IN,185000.0,Revenue
kas: pembuatan tgl 18,Cash,IN,42000.0,Other
SETORAN 2210/FTFVA/WS61917 DANA BNI TGL 7 11000000.00,Bank_Mutation,IN,11000000.0,Financing
DEBET 2612/LLG/WS79235 TRANSFER KE TABUNGAN USAHA BSI,Bank_Mutation,OUT,405000.0,Transfer_Internal
terima trf transaksi tidak dikenal,Transfer,IN,1100000.0,Other
tf transport antar pesanan pak bahar,Transfer,OUT,261000.0,Operating_Expense
"DEBET TRF BPR SULTRA MANDIRI RP5,5JT SEPTEMBER",Bank_Mutation,OUT,5500000.0,Financing
BAYAR 17/02 PEMBAYARAN BULANAN,Bank_Mutation,OUT,150000.0,Other
AUTODEBET 901544 PENARIKAN TUNAI TELLER PERMATA 14500000.00,Bank_Mutation,OUT,14500000.0,Transfer_Internal
Top up saldo DANA usaha dari rek Mandiri,QRIS,OUT,12788200.0,Transfer_Internal
DB SWITCHING 2506/FTFVA/WS91469 ANGSURAN KUR MUAMALAT BULAN 3,Bank_Mutation,OUT,7500000.0,Financing
qris merchant bakery rumahan bolu,QRIS,IN,26500.0,Revenue
Bayar tgh supl grosir Indah,Transfer,OUT,800000.0,COGS
Uang tunai modal awal kasir 21 Agu 2026,Cash,IN,430000.0,Transfer_Internal
TRF LLG DB 2504/LLG/WS63702 BIAYA LAYANAN LAZADA APR,Bank_Mutation,OUT,115000.0,Operating_Expense
Uang tunai pembelian minuman kemasan untuk kios,Cash,OUT,1010000.0,COGS
cash servis AC mobil 10 porsi,Cash,IN,20000.0,Revenue
bayar Indosat 700k,Cash,OUT,700000.0,Operating_Expense
terima trf suntikan dana mitra fitri latif,Transfer,IN,1450000.0,Financing
bayaran Hj. Reski 18-01-2026,Transfer,IN,2500000.0,Revenue
kirim ke rek sendiri 169.000 no.#69683,Transfer,OUT,169000.0,Transfer_Internal
TRSF E-BANKING CR SETOR PENDAPATAN HRN KE BANK,Bank_Mutation,IN,385000.0,Transfer_Internal
m-banking autodbeet angsuran KSP Mitra Usaha,Transfer,OUT,150000.0,Financing
DB SWITCHING PENGIRIMAN BAHAN DR AGEN SARLIN VIA POS INDONESIA,Bank_Mutation,OUT,105000.0,COGS
KREDIT 891115 NET SETTLEMENT QRIS 10-06-2026,Bank_Mutation,IN,305000.0,Revenue
TRSF CR 07/10 TF ANTAR REKENING MILIK SENDIRI,Bank_Mutation,IN,120000.0,Transfer_Internal
"BI-FAST kemasan toples 500ml habis, beli 2 dus",Transfer,OUT,270000.0,COGS
byr donasi buka puasa bersama,Cash,OUT,20000.0,Other
scan QRIS dana masuk tanpa ket,QRIS,IN,2700000.0,Other
M-BANKING PEMBL STOCK DR GROSIR WANGI NO PO5797,Transfer,OUT,1800000.0,COGS
M-banking masuk kredit cair BTN,Transfer,IN,9000000.0,Financing
setor kas penjualan ke bsi ref 5290795,Cash,OUT,343000.0,Transfer_Internal
DEBET 1102/FTFVA/WS10801 transfer supplier agen Alfian order 4632,Bank_Mutation,OUT,210000.0,COGS
M-banking hutang daang tk Karya lunas,Transfer,OUT,7000000.0,COGS
TRF LLG DB KIRIM KE REKENING SENDIRI BNI,Bank_Mutation,OUT,16072100.0,Transfer_Internal
Uang tnai bayar teknisi servis lampu toko ref 79127804,Cash,OUT,100000.0,Operating_Expense
trf andi 20.000 agu,Transfer,OUT,20000.0,Other
Pindahkan uang laci ke kas besar 27 Jan,Cash,OUT,1850000.0,Transfer_Internal
pindah dana 9.000.000 no po3776,Transfer,OUT,9000000.0,Transfer_Internal
pulsa ops 150.000 a.n mbak yanti,Cash,OUT,150000.0,Operating_Expense
qr belanja label harga 20 pcs,QRIS,OUT,3830000.0,COGS
TF pasar sentral Anduonohu 295rb,Transfer,OUT,295000.0,COGS
TT MASUK SETOR TUNAI KE REKENING BSI,Bank_Mutation,IN,1601800.0,Transfer_Internal
pembayraan rutin 900.000,Cash,OUT,900000.0,Other
kirim ke Bapak Yunus,Transfer,OUT,150000.0,Other
TRANSFER MASUK 599597 PENERIMAAN F262567 (MARET),Bank_Mutation,IN,200000.0,Other
WIFI CATERING DESEMBER TGL 27,Bank_Mutation,OUT,240000.0,Operating_Expense
BI-FAST CR DEPOSIT OMZET HARIAN PERMATA,Bank_Mutation,IN,900000.0,Transfer_Internal
Trf pmbyrn kancing dan resleting ke agen Saldi,Transfer,OUT,582400.0,COGS
Scan QRIS beli obat hama di pasar,QRIS,OUT,37000.0,COGS
QRIS meja 12 foto produk ref 49623925,QRIS,IN,50000.0,Revenue
MDL AWAL KASIR TGL 10,Cash,IN,2900000.0,Transfer_Internal
qris merchant refund k905321 (loundry),QRIS,OUT,60000.0,Other
QRIS iuran RT periode Nov,QRIS,OUT,300000.0,Other
Krm iuran arisan keluarga,Transfer,OUT,180000.0,Other
tunai transport antar pesanan rina,Cash,OUT,21500.0,Operating_Expense
TRSF CR 22/08 DANA MASUK DARI REKENING SENDIRI,Bank_Mutation,IN,23200000.0,Transfer_Internal
Belanja bhn hrn sabun cair & pemutih,Cash,OUT,18100.0,COGS
Biaya krm bahan baku lem kayu no 3665,Transfer,OUT,600100.0,COGS
KREDIT PELUNASAN PESANAN KAK FITRI A.N BUDI SIREGAR 12000000.00,Bank_Mutation,IN,12000000.0,Revenue
QRIS biaya kirim paket ke pelanggan ojek online - 22/07/25,QRIS,OUT,1000000.0,Operating_Expense
setor uang kas ke bank mandiri,Cash,OUT,2500000.0,Transfer_Internal
kas: zakat bulan desember,Cash,OUT,260000.0,Other
"tf mandiri ke permata 18,6jt",Transfer,OUT,18600000.0,Transfer_Internal
uang tunai bhn baku kain satin,Cash,OUT,10000.0,COGS
Koreksi transaksi 2252,Invoice,IN,2000000.0,Other
INV INV-2026/4864 pembayaran diterima Sri Setiawan no INV-2026/4864,Invoice,IN,2400000.0,Revenue
TF MASUK 335002 MUTASI MASUK DR TABUNGAN USAHA DANAMON,Bank_Mutation,IN,24000000.0,Transfer_Internal
CV Kencana lunas no.F-297,Transfer,OUT,6400000.0,COGS
Setoran angsuran mingguan KUR BSI,Cash,OUT,1252200.0,Financing
Transfer upah harian Jamal,Transfer,OUT,467000.0,Operating_Expense
trf bensin motor operasional,Transfer,OUT,25000.0,Operating_Expense
tf pembelian minyak goreng untuk toko kelontong,Transfer,OUT,31000.0,COGS
Uang cash maintenance lampu tk bulanan,Cash,OUT,910000.0,Operating_Expense
faktur 8289 halim ibrahim kangkung lunas,Invoice,IN,75000.0,Revenue
PAYMENT sewa gerobak bulan Oktober 14500000.00,Bank_Mutation,OUT,14500000.0,Operating_Expense
Pajak bunga tabungan BNI,Cash,OUT,520000.0,Other
QRIS MASUK JUAL DRY CLEAN JAS,QRIS,IN,16000.0,Revenue
Krm lunasi pinj Ikbal Setiawan,Transfer,OUT,670800.0,Financing
bayar tukang cuci upah kerja tgl 13,Cash,OUT,7000000.0,Operating_Expense
trf antar rekening sendiri BNI-BRI,Transfer,IN,14000000.0,Transfer_Internal
Nota INV-2025/7842 by EDC Oktober 2025,Invoice,OUT,38000.0,Operating_Expense
trf masuk faktur jual 2755 - cuci sepatu,Transfer,IN,3700000.0,Revenue
DEBET 1407/FTSKN/WS68619 BAYAR CICILAN PINJAMAN BANK SULTRA,Bank_Mutation,OUT,1300000.0,Financing
TRSF CR 04/08 DANA KUR MASUK DES,Bank_Mutation,IN,13000000.0,Financing
TRSF DB ANGS PINJAMAN BPR MITRA KOLAKA KE-5,Bank_Mutation,OUT,1707300.0,Financing
"Tunai bhn hasil tangkapan habis, beli lagi 1 ton",Cash,OUT,160000.0,COGS
PAYMENT 303999 REFUND ORDER BATAL B400685,Bank_Mutation,OUT,322000.0,Other
AUTODEBET 778522 SELISIH KAS TGL 22,Bank_Mutation,OUT,33000.0,Other
TRF LLG DB 16/01 BAYAR TEKNISI SERVIS KOMPRESOR,Bank_Mutation,OUT,2300000.0,Operating_Expense
Pembayaran QRIS PDAM Jun,QRIS,OUT,1774200.0,Operating_Expense
bi-fast pembelian sparepart motor 5 item no p598976,Transfer,OUT,50000.0,COGS
DEBET 947202 BAYAR KOS ANAK BLN DESEMBER 5000000.00,Bank_Mutation,OUT,5000000.0,Other
TNAI UANG MASUK ?,Cash,IN,55000.0,Other
m-banking masuk La Ode Ahmad lunas 20/03/26 tgl 20/03/26,Transfer,IN,900000.0,Revenue
Trx masuk belum jelas 21-02-2026 (bulan September),Transfer,IN,1100000.0,Other
scan qris pelanggan fadli lunas a.n kak rina,QRIS,IN,900000.0,Revenue
DEBET KRM KE REKENING SENDIRI BSI,Bank_Mutation,OUT,3820000.0,Transfer_Internal
bunga krd CIMB Niaga periode Mar,Transfer,OUT,44000000.0,Financing
transfer masuk (jul),Invoice,IN,3250000.0,Other
tf kulakan es batu 10 kantong no b201724,Transfer,OUT,14000.0,COGS
PELUNASAN ORDER MBAK HASAN,Bank_Mutation,IN,12800000.0,Revenue
DEBET DEBET OTOMATIS TIDAK DIKENAL,Bank_Mutation,OUT,1860000.0,Other
sponsor event ulang tahun,Transfer,OUT,100000.0,Operating_Expense
trf masuk penerimaan jasa tambal ban made,Transfer,IN,21000.0,Revenue
BAYAR TUKANG PERBAIKAN GRINDER KOPI,Transfer,OUT,115000.0,Operating_Expense
nota kulak benih jagung 8748,Invoice,OUT,700000.0,COGS
hasil jualan hair coloring sore ini,Cash,IN,404000.0,Revenue
bi-fast tagihan pln januari 2025,Transfer,OUT,1550000.0,Operating_Expense
sewa gerobak Juni,Transfer,OUT,26000000.0,Operating_Expense
TRSF DB 0109/FTSCY/WS99312 BAYAR CICILAN PINJAMAN BPR SULTRA MANDIRI,Bank_Mutation,OUT,1200000.0,Financing
QRIS meja 3 kue lapis,QRIS,IN,170000.0,Revenue
TRSF E-BANKING CR SALDO TIKTOK SHOP MASUK REK PENJUALAN ONILNE,Bank_Mutation,IN,2800000.0,Revenue
Kas: angsuran ke-8 pinjaman Pegadaian,Cash,OUT,126700.0,Financing
kirim ke rek sendiri rp5.000.000 tgl 9 apr,Transfer,OUT,5000000.0,Transfer_Internal
TRSF DB 549932 SELSIH KAS 13 APR 2026,Bank_Mutation,OUT,2230000.0,Other
krm ke grosir Bersama Rp 165.000 (warung kelontong),Transfer,OUT,165000.0,COGS
TRSF E-BANKING DB TARIK CASH RKG USAHA PERMATA,Bank_Mutation,OUT,1000000.0,Transfer_Internal
m-banking masuk pembayaran invoice nt-9606 dewi firdaus,Transfer,IN,1100000.0,Revenue
BI-FAST BELI BARANG JUALAN BERAS 1 KARUNG,Transfer,OUT,17500000.0,COGS
TT MASUK 24/12 KERDIT CAIR BRI NO #51018,Bank_Mutation,IN,5500000.0,Financing
setoran tnai,Cash,OUT,20000000.0,Transfer_Internal
pembelian stok dari grosir Jaya,Bank_Mutation,OUT,185700.0,COGS
PEMBYRN TARIK DANA REKENING USAHA JADI CASH,Bank_Mutation,OUT,1300000.0,Transfer_Internal
inv f-594 ongkir barang masuk dari agen cahaya sinar,Invoice,OUT,80000.0,COGS
SETORAN REWARD SHOPEEPAY,Bank_Mutation,IN,1900000.0,Other
PEMBAYARAN QRIS BIAYA KIRIM PAKET KE PELANGGAN OJEK ONLINE,QRIS,OUT,50200.0,Operating_Expense
PAYMENT 0503/LLG/WS38421 bensin 17-09-2025,Bank_Mutation,OUT,20500.0,Operating_Expense
jual jilbab cash 2 pcs,Cash,IN,110000.0,Revenue
cash by perpanjang izin usaha,Cash,OUT,27500.0,Operating_Expense
BI-FAST CR TRF MASUK HJ. LA ODE AHMAD (PAKET NASI BOX),Bank_Mutation,IN,45000.0,Revenue
M-banking pembayaran ke agen Ratih inv INV-2025/9715 no INV-2025/9715,Transfer,OUT,3515600.0,COGS
Dewi transfer byr 2 cukur,Transfer,IN,9000000.0,Revenue
Gaji kasir periode Mar,Cash,OUT,520000.0,Operating_Expense
PEMBAYARAN 1012/FTSCY/WS56364 BELI BARANG DAGANGAN GARAM DAN PENYEDAP DR GROSIR,Bank_Mutation,OUT,315000.0,COGS
autodebet angsuran BPR Mitra Kolaka,Transfer,OUT,5800000.0,Financing
SCAN QRIS TRF MASUK TANPA NAMA PENGIRIM TGL 07/10/25,QRIS,IN,163900.0,Other
TRF MASUK WA ODE SARI BADO TRSF PEMBAYARAN 3 KACANG METE,Bank_Mutation,IN,673400.0,Revenue
Inv NT-9038 pmbyrn bahan banner ke PT Mandiri,Invoice,OUT,6700000.0,COGS
qris pajak bunga tabungan danamon,QRIS,OUT,180000.0,Other
TRSF E-BANKING CR 20/10 PEANAN KATERING UD MAJU HARAPAN ACARA RAPAT KANTOR,Bank_Mutation,IN,2100000.0,Revenue
TRSF E-BANKING CR TRF MASUK ASWIN KURNIAWAN (PESANAN KUE BOX),Bank_Mutation,IN,2078400.0,Revenue
m-banking pbb rumah,Transfer,OUT,1650000.0,Other
kelebihan bayar tidak jelas po5063,Cash,IN,150000.0,Other
nota pembelian #32752 tb pelangi mulsa plastik,Invoice,OUT,478200.0,COGS
PAYMENT 05/07 SETORAN AGS RP35.000.000 - 0606,Bank_Mutation,OUT,35000000.0,Financing
TARIKAN ATM BTN,Cash,IN,108000.0,Transfer_Internal
kirim ke agen kartini 7000000,Transfer,OUT,7000000.0,COGS
BI-FAST DB TARIK TUNAI BUAT MODAL KEMBALIAN,Bank_Mutation,OUT,1400000.0,Transfer_Internal
PEMBAYARAN MODAL BELANJA PESTISIDA 3,Bank_Mutation,OUT,11000000.0,COGS
trf masuk mutasi masuk dari tabungan usaha bri,Transfer,IN,11000000.0,Transfer_Internal
Terima tunai dari Sri beli potong rambut,Cash,IN,952400.0,Revenue
"Pindah dana Rp20,1jt",Transfer,OUT,20100000.0,Transfer_Internal
faktur b692423 angsuran pokok koperasi nelayan bahari jul,Invoice,OUT,3200000.0,Financing
scan QRIS ongkos kurir 11-02-2026 ref 246Z542,QRIS,OUT,25000.0,Operating_Expense
TF PEMBAYARAN SUPL GROSIR ABADI KOLAKA PUPUK KANDANG,Transfer,OUT,180000.0,COGS
TUNAI PELANGGAN CV DAMAI - PEDICURE,Cash,IN,440000.0,Revenue
Uang tunai pembelian kemasan kemasan vakum,Cash,OUT,53400.0,COGS
REALISASI KREDIT KOPERASI SEJAHTERA BERSAMA SO/11/017 (WARUNG MAKAN),Bank_Mutation,IN,20934600.0,Financing
KREDIT SETORAN BELUM TERIDENTIFIKASI F-269 700000.00,Bank_Mutation,IN,700000.0,Other
krm beli barang jualan caran pendingin 10 liter,Transfer,OUT,10000000.0,COGS
TRANSFER KELUAR mutasi keluar ke tabungan dana cadangan,Bank_Mutation,OUT,1300000.0,Transfer_Internal
qris biaya atm bulanan danamon,QRIS,OUT,500000.0,Operating_Expense
Pmbelian pack standing pouch,Transfer,OUT,20000.0,COGS
KREDIT 1908/LLG/WS49510 INVOICE F-753 PENJUALAN JAGUNG KEPADA YANTI TAMRIN,Bank_Mutation,IN,2300000.0,Revenue
pembayaran angsran pembiayaan #50108,Cash,OUT,700000.0,Financing
BI-FAST DB 232392 KOMISI SHOPEEFOOD ORDER F-504,Bank_Mutation,OUT,70000.0,Operating_Expense
PINJAMAN KELUARGA SRI SYAM MODAL USAHA,Transfer,IN,4849900.0,Financing
biaya tidak jelas rp70rb,QRIS,IN,70000.0,Other
Penerimaan kas pnjualan lampu LED 1302,Cash,IN,35000.0,Revenue
penutupan pinjaman kur mandiri k900182,Invoice,OUT,1000000.0,Financing
Unknown trx #33616 (lapak ikan),QRIS,IN,115700.0,Other
transfer masuk dari CV Surya pembayaran admin sosmed,Transfer,IN,2500000.0,Revenue
TRANSFER MASUK DANA MASUK RP360.000 JUL,Bank_Mutation,IN,360000.0,Other
pembayaran qris tambah stok pisang mentah 5 tandan,QRIS,OUT,150000.0,COGS
MASUK DARI PERMATA KRD,Bank_Mutation,IN,1200000.0,Financing
kas: jual ikan segar ke tengkulak Sukri Yahya,Cash,IN,3500000.0,Revenue
PAYMENT 411570 PENARIKAN TNAI TELLER PERMATA,Bank_Mutation,OUT,1800000.0,Transfer_Internal
KEMBALIKAN UANG 700RB TANPA KETERANGAN,Bank_Mutation,OUT,700000.0,Other
PULSA OPERASIONAL 2730000 12-08-2026,Invoice,OUT,2730000.0,Operating_Expense
bayar cash bayar cicilan 10500000,Cash,OUT,10500000.0,Financing
uang tunai bbm kendaraan usaha 06/06/26,Cash,OUT,1050000.0,Operating_Expense
CR SWITCHING 15/04 TERIMA PINJAMAN DARI KOPERASI SEJAHTERA BERSAMA,Bank_Mutation,IN,6000000.0,Financing
perbaikan atap kafe kecil,Transfer,OUT,710000.0,Operating_Expense
setor kas 1.150.000 no.2124,Cash,OUT,1150000.0,Transfer_Internal
trnsfer ke rekening operasional muamalat a.n bapak nila,Transfer,OUT,14100000.0,Transfer_Internal
transfer masuk jasa jasa tambal ban pelanggan laode rusman lunas,Transfer,IN,530000.0,Revenue
kirim cicil pnjaman salma rahman mei (mei),Transfer,OUT,9700000.0,Financing
TRSF DB PELUNASAN NOTA AGEN SALMA INV-2026/9325,Bank_Mutation,OUT,3900000.0,COGS
TRF LLG DB 26/10 TARIK TUNAI,Bank_Mutation,OUT,235000.0,Transfer_Internal
nota #35179 koreksi salah transfer po2756,Invoice,OUT,11000.0,Other
Pembayaran QRIS bayar jasa kopi catering acara dari Wa Ode Sari Bado,QRIS,IN,215000.0,Revenue
Faktur NT-9723 pendapatan jasa jasa pengemasan,Invoice,IN,3600000.0,Revenue
bayar Pegdaaian Rp3.200.000,Transfer,OUT,3200000.0,Financing
DEBET TRANSFER KE REKENING OPERASIONAL BANK SULTRA,Bank_Mutation,OUT,200000.0,Transfer_Internal
cash beli sirup 6 botol utk stock,Cash,OUT,76300.0,COGS
m-banking invoice ags kur bsi f-250 bulan mei,Transfer,OUT,330000.0,Financing
Angsuran KUR Muamalat bulan 1 no.8324,Invoice,OUT,4600000.0,Financing
Kirim setoran angsuran mingguan Koperasi Nelayan Bahari Sep,Transfer,OUT,415000.0,Financing
M-banking pembayaran ke agen Akbar inv #28444,Transfer,OUT,460000.0,COGS
DEBET 15/05 TRANSFER KE BTN ATAS NAMA SENDIRI,Bank_Mutation,OUT,135000.0,Transfer_Internal
TRSF E-BANKING CR 187561 FAKTUR PNJUALAN NT-504 - KUE LAPIS NO NT-504,Bank_Mutation,IN,70000.0,Revenue
Invoice agen Rizal T969964 aki no T969964,Invoice,OUT,200000.0,COGS
nota retur po1785,Cash,OUT,600000.0,Other
TERIMA TRF TIKTOK SHOP WITHDRAW HASIL JUALAN CABAI,Transfer,IN,2400000.0,Revenue
PENCAIRAN KREDIT MODAL KERJA PEGADAIAN NO R835844,Bank_Mutation,IN,21000000.0,Financing
bonus bank BCA,Transfer,IN,510000.0,Other
SCAN QRIS PRIVE JUNI 2026 JUNI 2026,QRIS,OUT,2700000.0,Other
PAYMENT 676094 BIAYA PERPANJANG IZIN USAHA,Bank_Mutation,OUT,10000.0,Operating_Expense
Belanja standing pouch 20 pcs,Cash,OUT,65000.0,COGS
Bayar cicilan Rp 800.000,Transfer,OUT,800000.0,Financing
"Kas: kemasan label harga habis, beli 2 dus",Cash,OUT,1280000.0,COGS
TRF BHN BAKU KERTAS FOTO,Transfer,OUT,46200.0,COGS
TRF LLG CR BYR PESANAN FOTOCOPY - KIOS BAHARI POMALAA,Bank_Mutation,IN,55000.0,Revenue
Pindahkan uang laci ke kas besar 3 Feb,Cash,OUT,200000.0,Transfer_Internal
upah ratna minggu 2,Transfer,OUT,10000000.0,Operating_Expense
TRSF KELUAR ISI SALDO LINKAJA BISNIS A.N JAMAL HIDAYAT,Bank_Mutation,OUT,100000.0,Transfer_Internal
Uang belum jelas sumbernya 23/02,Cash,IN,15946500.0,Other
pmbyrn PLN Maret 2026,Transfer,OUT,2900000.0,Operating_Expense
tf beli barang jualan daun pandan anyam 10 ikat,Transfer,OUT,5000000.0,COGS
Kirim bayar Biznet 230k,Transfer,OUT,230000.0,Operating_Expense
pindah dana rek BNI ke saldo ShopeePay usaha,Transfer,OUT,10900000.0,Transfer_Internal
laku roti bakar 5 biji (warkop),Cash,IN,25000.0,Revenue
TRSF DB 1901/FTFVA/WS29907 INVOICE ANGSURAN BMT AL-AMIN S793477,Bank_Mutation,OUT,8600000.0,Financing
m-banking bayar bunga pinjaman ksp mitra usaha mei,Transfer,OUT,2300000.0,Financing
tarikan atm mandiri,Cash,IN,55000.0,Transfer_Internal
trf bayar mekanik periode nov,Transfer,OUT,165000.0,Operating_Expense
tunai bayar indosat 110000,Cash,OUT,110000.0,Operating_Expense
TRANSFER MBAK AGUS SISA PMBYRN TENUN NO.NT-5978,Bank_Mutation,IN,3300000.0,Revenue
TRSF E-BANKING DB TRSF UD SUMBER BARU LAUT BIRU C691934,Bank_Mutation,OUT,3870000.0,COGS
Pmbyrn sabun mandi ke Kios Lancar bulan April,Transfer,OUT,150000.0,COGS
TITIPAN PELANGGAN BELUM JELAS,Cash,IN,325000.0,Other
zakat Mar,Cash,OUT,110000.0,Other
TRF LLG CR 05/10 MASUK DARI CIMB NIAGA KREDIT,Bank_Mutation,IN,3000000.0,Financing
BI-FAST DB SPANDUK PROMO TOKO BAJU,Bank_Mutation,OUT,950000.0,Operating_Expense
TF lunasi pinjaman Saldi Saptura,Transfer,OUT,14000000.0,Financing
trf Depot Berkah Niaga bayar pesanan balancing,Transfer,IN,25000.0,Revenue
BY CETAK NOTA,Invoice,OUT,1000000.0,Operating_Expense
AUTODEBET 16/11 tarik cash ATM Mandiri,Bank_Mutation,OUT,100000.0,Transfer_Internal
CASH BAYAR LES ANAK,Cash,OUT,590000.0,Other
Investasi Waode Nia Rosidi untuk usaha toko kue no INV-2025/2124,Cash,IN,2833200.0,Financing
DEBET ANGSURAN KRD CIMB NIAGA MEI 2026 - 27/07/26,Bank_Mutation,OUT,390000.0,Financing
angsuran pinjaman modal ke anwar,Cash,OUT,1450000.0,Financing
Biaya provisi kredit CIMB Niaga,Transfer,OUT,47500000.0,Financing
ekspedisi bahan baku grosir sumber baru,Cash,OUT,400000.0,COGS
terima trf penjualan keripik pisang ke pengepul ud laut biru,Transfer,IN,405000.0,Revenue
PEMBAYARAN TARIK TUNAI RP351.000,Bank_Mutation,OUT,351000.0,Transfer_Internal
BI-FAST CR 1702/BIFAST/WS93706 UANG MASUK ? A.N HERMAN PRATAMA,Bank_Mutation,IN,115000.0,Other
Bayar kos anak periode Okt (kedai kopi),Transfer,OUT,431000.0,Other
ambil tunai dari rek BSI usaha,Cash,IN,120000.0,Transfer_Internal
bayar kekurangan lem kayu agen ainun,Invoice,OUT,250000.0,COGS
KREDIT UANG BELUM JELAS SUMBERNYA 16 NOV - 16 NOV,Bank_Mutation,IN,50400.0,Other
Kas: angs kredit BRI Februari 2025,Cash,OUT,1900000.0,Financing
"krm bahan kecap dan saus habis, beli lagi 3 dus",Transfer,OUT,415000.0,COGS
tnai belanja kampas rem pagi 1402,Cash,OUT,20100.0,COGS
CR SWITCHING 0105/LLG/WS55655 PENERIMAAN KREDIT USAHA RAKYAT BCA 4790000.00,Bank_Mutation,IN,4790000.0,Financing
serah teirma kas antar shift sore,Cash,IN,73000.0,Transfer_Internal
m-banking belanja bahan rias pagi 2004,Transfer,OUT,900000.0,COGS
BONUS ILHAM,Bank_Mutation,OUT,245000.0,Operating_Expense
Pembayaran QRIS beli kertas A4 dari agen Rahayu,QRIS,OUT,750000.0,COGS
Tarik cash 65.000 no F-467,Cash,IN,65000.0,Transfer_Internal
tarik tunai buat kas - 15 Agu 2026,Cash,IN,211000.0,Transfer_Internal
beli brg jualan gula merah 10 kg - 06/08,Cash,OUT,1600000.0,COGS
stok styrofoam box 5 porsi,Cash,OUT,1300000.0,COGS
Cash tiket mudik keluarga,Cash,OUT,26000.0,Other
tf sumbangan acara kampung,Transfer,OUT,178000.0,Other
TRSF CR SALDO TABUNGAN USAHA DIINDAH KE REK MUAMALAT,Bank_Mutation,IN,2600000.0,Transfer_Internal
DB SWITCHING 09/01 KIRIM KE REKENING SENDIRI BANK SULTRA,Bank_Mutation,OUT,400000.0,Transfer_Internal
BI-FAST DB 0412/FTSKN/WS55246 sisihkan dana ke tabungan usaha Bank Sultra,Bank_Mutation,OUT,4154400.0,Transfer_Internal
INV #21603 TOP UP TOKEN LISTRIK LOUNDRY,Invoice,OUT,2600000.0,Operating_Expense
tf KELUAR gaji karyawan September 190000.00,Bank_Mutation,OUT,190000.0,Operating_Expense
tunai upah katering harian 16/04,Cash,IN,95000.0,Revenue
TRSF DB BAYAR BAGI HASIL PEMBIAYAAN BMT AL-AMIN,Bank_Mutation,OUT,1000000.0,Financing
invoice koreksi so/11/384,Invoice,IN,75000.0,Other
PENGEMBALIAN UANG 0707,Bank_Mutation,IN,800000.0,Other
TRSF CR 21/06 setor Rp 1.950.000 (periode Okt),Bank_Mutation,IN,1950000.0,Transfer_Internal
TRSF DB 522238 TF AGEN BUDI 3.900.000,Bank_Mutation,OUT,3900000.0,COGS
pembelian kemasan stiker label produk,QRIS,OUT,290000.0,COGS
pindah saldo ovo ke rek bni sendiri,Transfer,IN,850000.0,Transfer_Internal
invoice jasa antar belanja Hamdan Sari INV-2025/8591,Invoice,IN,210000.0,Revenue
pindah dana rek btn ke rek bri usaha,Transfer,OUT,2950000.0,Transfer_Internal
setor Rp10.900.000 ke bank,Cash,OUT,10900000.0,Transfer_Internal
belanja sparepart motor pagi tgl 3,Transfer,OUT,124000.0,COGS
TRSF E-BANKING DB 0403/BIFAST/WS51046 INDOSAT 35K 35000.00,Bank_Mutation,OUT,35000.0,Operating_Expense
Perlu konfirmasi pengirim 8765 - 5 Feb,Transfer,IN,15014100.0,Other
TERIMA TRF DP ORDER COTO DR HAJI HASAN,Transfer,IN,46000.0,Revenue
trf masuk pmbyrn rahim ke rek usaha kepiting agustus,Transfer,IN,1245700.0,Revenue
Lunasi pnjmn Bu Mira,Transfer,OUT,9000000.0,Financing
DB SWITCHING BAYAR AGS KE PETUGAS KSP MITRA USAHA,Bank_Mutation,OUT,2550000.0,Financing
Terima trf dana talangan mdl Yunus Latif,Transfer,IN,17000000.0,Financing
By admin rek usaha Feb,Cash,OUT,20000.0,Operating_Expense
hasil qris 07/10/25 ref c74330,QRIS,IN,70000.0,Revenue
TT MASUK REFND RP445.000,Bank_Mutation,IN,445000.0,Other
pmb QRIS bayar bulanan,QRIS,OUT,6000.0,Other
paket data Biznet,Cash,OUT,20400.0,Operating_Expense
SALDO TABUNGAN USAHA DIPINDAH KE REK BSI,Bank_Mutation,IN,2500000.0,Transfer_Internal
Cash wifi usaha jasa foto bln April,Cash,OUT,243300.0,Operating_Expense
pmbelian kemasan box kue,Transfer,OUT,2900000.0,COGS
bayar tnai ilham utk minuman dingin,Cash,IN,20000.0,Revenue
Terima trf nota plg Halim Syam tgl 21/04/26,Transfer,IN,1700000.0,Revenue
TT MASUK KIRIMAN KELUARGA BULAN MEI 3800000.00,Bank_Mutation,IN,3800000.0,Other
hasil QRIS 27/06 - 27/06,QRIS,IN,8000.0,Revenue
pembayaran pokok pembiayaan KUR BRI 08/07 - 08/07,Transfer,OUT,16500000.0,Financing
bayar bahan baku plastik grosir - grosir lancar no.po2246,Transfer,OUT,1100000.0,COGS
Inv 2829 angs ke-6 pinjaman Bank Sultra,Invoice,OUT,7000000.0,Financing
Bonus Fitri,Cash,OUT,1600000.0,Operating_Expense
Denda keterlambatan angsuran Bank Sultra,Transfer,OUT,116000.0,Financing
transfer pembayaran pokok pembiayaan bpr mitra kloaka 2706,Transfer,OUT,13335700.0,Financing
KREDIT PAYOUT BUKALAPAK PENJUALAN ANYAMAN TGL TGL 2 5300000.00,Bank_Mutation,IN,5300000.0,Revenue
bayar bmt al-amin rp489.300 tgl tgl 16,Cash,OUT,489300.0,Financing
Inv #5015 CR H33420 tanpa keterangan,Invoice,IN,490000.0,Other
Pinadh buku dari BNI ke BSI sendiri,Transfer,IN,33191800.0,Transfer_Internal
hadiah undian no inv-2025/9370,Cash,IN,35000.0,Other
terima nt-2266,Cash,IN,700000.0,Other
Scan QRIS jasa kebesihan periode Mei,QRIS,OUT,80000.0,Operating_Expense
NOTA PEMINDAHAN DANA ANTAR KAS NT-3676,Invoice,IN,2600000.0,Transfer_Internal
invoice po6212 tagihan grosir harapan setia 0599 bhn produksi,Invoice,OUT,1698600.0,COGS
BAYAR TEKNISI SERVIS PRINTER,Transfer,OUT,1500000.0,Operating_Expense
QRIS beli minuman kemasan dari agen Tiara bln Januari,QRIS,OUT,96900.0,COGS
SETORAN 0709/FTSKN/WS68460 REALISASI KREDIT BMT AL-AMIN F-814,Bank_Mutation,IN,10383400.0,Financing
Bayar tagihan PDAM Februari,Invoice,OUT,800000.0,Operating_Expense
QRIS MERCHANT UANG DR KAKAK,QRIS,IN,1200000.0,Other
TRANSFER MASUK REWARD GOPAY 110000.00,Bank_Mutation,IN,110000.0,Other
QRIS MERCHANT BAYAR JASA ANTAR IKAN DARI NASIR,QRIS,IN,440000.0,Revenue
DEBET 2707/BIFAST/WS88975 SETORAN ANGSURAN RP2.700.000,Bank_Mutation,OUT,2700000.0,Financing
TRSF E-BANKING DB 1712/FTSKN/WS83359 IURAN KARANG TARUNA NO.#72617,Bank_Mutation,OUT,400000.0,Other
kas masuk dr tabungan rp5.000.000 ref 972x887,Transfer,IN,5000000.0,Transfer_Internal
BI-FAST CR KIRIMAN RAHAYU RAMADHAN,Bank_Mutation,IN,23700.0,Revenue
TRSF E-BANKING DB TRSF KE REKENING OPERASIONAL DANAMON TGL 21/03/25 115000.00,Bank_Mutation,OUT,115000.0,Transfer_Internal
cicil pemabyaran barang agen Waode Nia,Transfer,OUT,18000000.0,COGS
pindah uang dr laci ke brankas,Cash,OUT,230000.0,Transfer_Internal
hadiah arisan,Bank_Mutation,IN,100000.0,Other
TRF LLG DB 0902/FTSKN/WS44708 TARIKAN ATM BSI no.#51424 319100.00,Bank_Mutation,OUT,319100.0,Transfer_Internal
iuran RT September,Cash,OUT,20000.0,Other
TF MASUK 2604/FTSCY/WS84484 SETOR TNAI KE REKENING BCA,Bank_Mutation,IN,3900000.0,Transfer_Internal
CR SWITCHING 816165 PENYETORAN HASIL DAGANG KE REK USAHA 5-10-2025,Bank_Mutation,IN,220000.0,Transfer_Internal
tarikan atm permata,Cash,IN,70000.0,Transfer_Internal
Perpanjang sewa 5 bln,Cash,OUT,2820000.0,Operating_Expense
AUTODEBET servis freezer rusak 6-11-2025,Bank_Mutation,OUT,1200000.0,Operating_Expense
transfer keluar 70k tanpa catatan (bakery rumahan),Cash,OUT,70000.0,Other
tranfser masuk rp550rb dari halim (april),Transfer,IN,550000.0,Revenue
Belanja kebutuhan rumah tangga ref 17055630,Transfer,OUT,700000.0,Other
BELANJA KANTONG KERTAS 2 DUS - 17 MAR,Bank_Mutation,OUT,130000.0,COGS
Inv PO845 perawatan rutin mesin press,Invoice,OUT,61400.0,Operating_Expense
TOKEN LISTRIK TOKO PO6986,Bank_Mutation,OUT,1475700.0,Operating_Expense
TF KELUAR PINDAH BUKU BSI KE MANDIRI SENDIRI,Bank_Mutation,OUT,16100000.0,Transfer_Internal
KREDIT 109807 PINDAH BUKU DARI BANK SULTRA KE BCA SENDIRI SEP,Bank_Mutation,IN,549800.0,Transfer_Internal
TRSF DB 139081 langganan hosting web 10000.00,Bank_Mutation,OUT,10000.0,Operating_Expense
Cash beli pulsa pribadi,Cash,OUT,3850000.0,Other
Kulak santan kelapa 5 liter 22-09-2025,Transfer,OUT,4700000.0,COGS
transfer masuk dari pak waode nia,Transfer,IN,313400.0,Revenue
dana masuk dr rek sendiri,Transfer,IN,346400.0,Transfer_Internal
Trf masuk mdl kemitraan Tono Abdullah,Transfer,IN,8600000.0,Financing
Tnai pendapatan hrn warkop 0105,Cash,IN,21900.0,Revenue
SETORAN PENGEPUL UD ANUGERAH BAYAR TERI KERING 20 PCS 17900000.00,Bank_Mutation,IN,17900000.0,Revenue
TRSF DB UNKNOWN TRX 2659,Bank_Mutation,OUT,1000000.0,Other
Spanduk promo usaha pertanian,Cash,OUT,3865300.0,Operating_Expense
TRSF CR 364442 TARIK SALDO GOPAY USAHA KE REKENING BRI,Bank_Mutation,IN,415000.0,Transfer_Internal
pindah dana rp400rb,Transfer,IN,400000.0,Transfer_Internal
tnai bayar mbak ainun oktober 600k,Cash,OUT,600000.0,Operating_Expense
pengeluaran lain 25 jul ref 627z812,Cash,OUT,5000.0,Other
Pemasukan kebun 22-09-2025,Cash,IN,386000.0,Revenue
Invoice NT-6275 byr bhn baku minuman kemasan - agen Ramli,Invoice,OUT,235000.0,COGS
Trf beli pel dan pembersih laundry kiloan,Transfer,OUT,275000.0,Operating_Expense
bi-fast bongkar muat kertas foto agen hendra no nt-4480,Transfer,OUT,23200.0,COGS
TRANSFER MASUK 2410/FTFVA/WS40473 DP PESANAN JAGUNG DARI DEDI SETIAWAN A.N SAFITRI SYAM,Bank_Mutation,IN,15000000.0,Revenue
Terima pindahan dana dari rek BSI usaha,Transfer,IN,115000.0,Transfer_Internal
sewa kantin periode Oktober Oktober,Invoice,OUT,2350000.0,Operating_Expense
titipan andi tamrin,Cash,OUT,80000.0,Other
SCAN QRIS CETAK BROSUR 100 LEMBAR,QRIS,OUT,1100000.0,Operating_Expense
LUNASI PINJ YUNUS KURNIAWAN,Bank_Mutation,OUT,569700.0,Financing
pelunasan order reseller Siti,Bank_Mutation,IN,850000.0,Revenue
tf masuk nota pjl f-724 vina setiawan,Transfer,IN,1100000.0,Revenue
nota pemindahan dana antar kas f-450,Invoice,OUT,150000.0,Transfer_Internal
Bayar angsuran ke petugas KUR BRI,Cash,OUT,395000.0,Financing
trf ke agen saharuddin pbl pengharum ruangan cucian no n305271,Cash,OUT,500000.0,COGS
QRIS MERCHANT WARUNG MINUMAN DINGIN,Bank_Mutation,IN,26000.0,Revenue
CR SWITCHING SETOR TUNAI 435400,Bank_Mutation,IN,435400.0,Transfer_Internal
TRANSFER KELUAR 303751 SEWA GEROBAK JANUARI,Bank_Mutation,OUT,13500000.0,Operating_Expense
retribusi pasar September 2025,Cash,OUT,66000.0,Operating_Expense
sewa tempat 20/02 bln juni,Transfer,OUT,448200.0,Operating_Expense
KRD MODAL MASUK DARI RIZAL JAYA BAGI HASIL,Bank_Mutation,IN,18500000.0,Financing
PAYMENT 0905/LLG/WS78580 TRF KOPERASI TANI MAKMUR RP600RB,Bank_Mutation,OUT,600000.0,Financing
pinjam modal ke bapak nurul,Transfer,IN,1900000.0,Financing
pengiriman bahan dari agen Agus via JNE,Cash,OUT,155000.0,COGS
TRANSFER MASUK QRIS DANA PLG CUCI SEPATU NO NT-8494,Bank_Mutation,IN,107100.0,Revenue
QR belanja botol 250ml 5 porsi,QRIS,OUT,108000.0,COGS
bayar pak Dewi bulan Februari,Transfer,IN,270000.0,Revenue
TRSF CR RETUR DANA P410766 1880100.00,Bank_Mutation,IN,1880100.0,Other
bayar pesnan tomat 10 6 buah Agen Mitra,Invoice,IN,600000.0,Revenue
pindah saldo ovo ke rek bca sendiri desember 2025,Transfer,IN,385000.0,Transfer_Internal
tunai disetor ke rek bca sendiri,Cash,OUT,475000.0,Transfer_Internal
CR SWITCHING 28/10 UANG MASUK ?,Bank_Mutation,IN,7000.0,Other
TF autodebet angs KSP Bina Sejahtera (Des),Transfer,OUT,650000.0,Financing
trf masuk cv bintang group rp730rb,Transfer,IN,730000.0,Revenue
PAYMENT biaya EDC bln Mei tgl 6 Agu 2026,Bank_Mutation,OUT,749900.0,Operating_Expense
belanja bahan hrn gula pasir & tepung terigu,Cash,OUT,170000.0,COGS
angsuran pokok pnm mekaar bulan juni tgl 02/12,Transfer,OUT,16000000.0,Financing
BI-FAST DB 892340 BAYAR ADMIN MEI RP 2.510.000,Bank_Mutation,OUT,2510000.0,Operating_Expense
setoran kas ke tabungan BSI no B978637,Cash,OUT,275000.0,Transfer_Internal
TT MASUK TIKTOK SHOP WITHDRAW HASIL JUALAN TELUR (PERIODE NOV),Bank_Mutation,IN,600000.0,Revenue
bayar jaket pesanan pengajian bu zulkifli,Transfer,IN,245000.0,Revenue
Bayar cash restock bahan rias,Cash,OUT,1300000.0,COGS
TRSF E-BANKING DB 1004/FTFVA/WS68017 KOREKSI TRANSAKSI INV-2025/2502,Bank_Mutation,OUT,150000.0,Other
TRSF DB BAYAR AIR PERIODE OKT A.N LAODE RUSMAN SUDIRMAN,Bank_Mutation,OUT,180000.0,Operating_Expense
BAYAR AGEN DEDI UNTUK GARAM IKAN,Bank_Mutation,OUT,160000.0,COGS
TRF LLG CR 1710/FTSKN/WS97310 OVERBOOKING REK SENDIRI DARI MUAMALAT,Bank_Mutation,IN,12000000.0,Transfer_Internal
nota mutasi kas internal INV-2025/4043,Invoice,OUT,10000000.0,Transfer_Internal
QRIS merchant banner toko baru,QRIS,OUT,860000.0,Operating_Expense
Nota pembelian NT-5338 Kios Lestari vernis,Invoice,OUT,7000000.0,COGS
trf masuk cashback ShopeePay,Transfer,IN,100000.0,Other
bongkar muat kuku dan cat kuku agen nurhayati,Transfer,OUT,100000.0,COGS
BAYAR QRIS ANGSURAN KOPERASI NELAYAN BAHARI 4 AGU 2025 4 AGU 2025,QRIS,OUT,1500000.0,Financing
TRANSFER KELUAR PINDAH BUKU CIMB NIAGA KE BTN SENDRI NO A890613,Bank_Mutation,OUT,200000.0,Transfer_Internal
sewa tk pakaian periode periode jul,Transfer,OUT,1800000.0,Operating_Expense
qr ambil barang kapas dan tisu dr pasar baru mandonga 2 dus a.n ismail,QRIS,OUT,300000.0,COGS
PAYMENT BAYAR TOKO BERSAMA MAR (MAR) 270000.00,Bank_Mutation,OUT,270000.0,COGS
BELI BRG JUALAN SOLAR PERAHU 50 LITER,Cash,OUT,75000.0,COGS
TRSF DB PEMBAYARAN POKOK PINJAMAN PEGADAIAN,Bank_Mutation,OUT,2200000.0,Financing
faktur jual nt-3096 - souvenir (periode mei),Invoice,IN,170000.0,Revenue
KR OTOMATIS DANA TALANGAN MDL WA ODE SARI PUTRI,Bank_Mutation,IN,24500000.0,Financing
TRSF E-BANKING CR INVESTASI RUSDI TAMRIN UNTUK USAHA BARBERSHOP,Bank_Mutation,IN,1020000.0,Financing
scan qris bayar koperasi tani makmur 2.100.000,QRIS,OUT,2100000.0,Financing
SETOR OMZET 0705 KE REK BANK SULTRA,Cash,OUT,3300000.0,Transfer_Internal
TRSF E-BANKING CR SETORAN CASH TELLER DANAMON 12/03,Bank_Mutation,IN,2100000.0,Transfer_Internal
bagi hasil tabungan danamon mei,Transfer,IN,121000.0,Other
TRSF E-BANKING CR DANA MASUK DR BSI,Bank_Mutation,IN,6396800.0,Financing
Biaya listrik dan air November,Invoice,OUT,800000.0,Operating_Expense
BI-FAST DB CETAK CUP PLASTIK 16OZ BERMERK,Bank_Mutation,OUT,48400.0,COGS
TRANSFER KELUAR 17/07 BELANJA BARANG DAGANGAN AGEN HASAN,Bank_Mutation,OUT,1900000.0,COGS
transfer supplier agen fadli order nt-9113 no.nt-9113,Transfer,OUT,230000.0,COGS
AUTODEBET WITHDRAW TUNAI BTN 2505,Bank_Mutation,OUT,253000.0,Transfer_Internal
PNJMN KELUARGA SUMARNI TAMRIN MDL USAHA,Transfer,IN,1050000.0,Financing
trx keluar belum jelas,Cash,OUT,197000.0,Other
BI-FAST CR 261241 SETOR PENDAPATAN HRN KE BANK,Bank_Mutation,IN,1410000.0,Transfer_Internal
closing kasir 28/08 total penjualan (september),Cash,IN,1050000.0,Revenue
kas: kracis pasar 1812,Cash,OUT,400000.0,Operating_Expense
pelanggan bayar admin sosmed pakai qris shopeepay,QRIS,IN,7500.0,Revenue
qris pembayaran upah hasan,QRIS,OUT,11773300.0,Operating_Expense
m-banking masuk pinjaman keluarga kak saldi modal usaha,Transfer,IN,2950600.0,Financing
transfer ke agen yunus tgl 11,Transfer,OUT,1200000.0,COGS
BI-FAST KEMBALIKAN PINJAMAN KE RATIH NASUTION,Transfer,OUT,792200.0,Financing
BYR BELANJA BRG DAGANGAN AGEN SARTIKA,Bank_Mutation,OUT,447000.0,COGS
TRSF KELUAR 1512/LLG/WS84801 DP ORDER AIR MINERAL KE TB INDAH PRATAMA,Bank_Mutation,OUT,9000000.0,COGS
pembayaran foto produk dari wa ode sari via mandiri,Transfer,IN,150000.0,Revenue
SETOR KAS 9.716.800,Cash,OUT,9716800.0,Transfer_Internal
bayar cash pembayaran rutin 340k - 0605,Cash,OUT,340000.0,Other
trf bayar gaji pgw 8 orang,Transfer,OUT,440000.0,Operating_Expense
AUTODEBET ISI SALDO MERCHANT GOPAY,Bank_Mutation,OUT,84300.0,Transfer_Internal
DEWI KIRIM UANG BELI CETAK UNDANGAN,Bank_Mutation,IN,35000.0,Revenue
DB SWITCHING 05/05 FEE APLIKASI KASIR PERIODE JAN,Bank_Mutation,OUT,13500.0,Operating_Expense
angsuran ke-5 pinjaman KSP Bina Sejahtera,Bank_Mutation,OUT,14000000.0,Financing
PMB PINDAH BUKU BNI KE BSI SENDIRI,Bank_Mutation,OUT,43000000.0,Transfer_Internal
Setoran angsuran mingguan KUR Mandiri,Cash,OUT,415000.0,Financing
qris restock kopi sachet renceng,QRIS,OUT,450000.0,COGS
KAS KECIL KELUAR KE KASIR 3,Cash,OUT,223000.0,Transfer_Internal
Faktur #89615 transfer keluar,Invoice,OUT,37000.0,Other
DEBET TARIK TUNAI PERIODE DES,Bank_Mutation,OUT,1550000.0,Transfer_Internal
Trf ke rek Muamalat a.n usaha sendiri,Transfer,OUT,10701400.0,Transfer_Internal
"Stok jualan bahan dry clean habis, tambah 5 liter",Cash,OUT,200000.0,COGS
BI-FAST DB SETORAN ANGSURAN MINGGUAN KOPERASI TANI MAKMUR,Bank_Mutation,OUT,650000.0,Financing
kirim cetak dus ukuran M bermerk,Transfer,OUT,100000.0,COGS
Nota penjualan F-318 Ratih,Invoice,IN,900000.0,Revenue
QRIS ongkos pengerjaan jasa rias a.n Mas Halim,QRIS,IN,1200000.0,Revenue
transfer masuk dari pak jumriah (periode jun),Transfer,IN,774700.0,Revenue
Nota jual kaos 4 box an. pelanggan Tasrif,Invoice,IN,50000.0,Revenue
TF cicil pembayaran barang nelayan Aswin,Transfer,OUT,500000.0,COGS
Invoice agen Wahyu #12843 kacang mete mentah,Invoice,OUT,7500000.0,COGS
BAYAR AGEN MELATI JANUARI,Transfer,OUT,490000.0,COGS
DEBET PEMBAYARAN POKOK PEMBIAYAAN PNM MEKAAR 12-02-2026 NO INV-2026/0453,Bank_Mutation,OUT,323900.0,Financing
AUTODEBET TRF KE REK BTN A.N USAHA SENDIRI,Bank_Mutation,OUT,175000.0,Transfer_Internal
Transfer supplier agen Sri order F-928,Transfer,OUT,13000000.0,COGS
m-banking masuk penarikan saldo penjual shopee,Transfer,IN,640100.0,Revenue
trf cv kencana bayar pesanan cake pop,Transfer,IN,1000000.0,Revenue
M-banking masuk jasa pesanan kue custom Pak Sumarni lunas,Transfer,IN,22000.0,Revenue
PENCAIRAN PINJAMAN KUR BRI,Bank_Mutation,IN,8000000.0,Financing
ONGKOS SERVIS TIMBANGAN DIGITAL FEBRUARI TGL 3,Bank_Mutation,OUT,51000.0,Operating_Expense
SETORAN pembayaran invoice SO/01/271 pelanggan Sukri,Bank_Mutation,IN,1600000.0,Revenue
AUTODEBET KALIBRASI LAPTOP KERJA,Bank_Mutation,OUT,30500.0,Operating_Expense
"DEBET KEMASAN KERTAS NASI HABIS, BELI 1 PAKET (PERCETAKAN DIGITAL)",Bank_Mutation,OUT,640800.0,COGS
BI-FAST DB 2807/BIFAST/WS78611 RESTOCK KERTAS NASI DARI AGEN RAHAYU,Bank_Mutation,OUT,409000.0,COGS
TRSF CR 0805/BIFAST/WS19487 DANA PERMATA 21-07-2025 500000.00,Bank_Mutation,IN,500000.0,Financing
Nota T631821 restock botol 250ml dari Agen Prima Tekstil ref 1900640,Invoice,OUT,100000.0,COGS
CR SWITCHING 2408/LLG/WS50784 Invoice penjualan edit video bulan Februari (bulan Februari),Bank_Mutation,IN,14000000.0,Revenue
serah terima kas antar shift 1,Cash,IN,2350000.0,Transfer_Internal
TF bayar ojol antar barang,Transfer,OUT,15500.0,Operating_Expense
kas: pengeluaran pribadi pemilik 700rb,Cash,OUT,700000.0,Other
Bayar cash biaya berobat keluarga,Cash,OUT,2000000.0,Other
FAKTUR #42218 SERVIS KOMPOR RUSAK 14 MEI,Invoice,OUT,2000000.0,Operating_Expense
Nota pelanggan pelanggan Firman tgl 16 Feb 2026,Invoice,IN,1250000.0,Revenue
trf agen Nila lunas no.PO546,Transfer,OUT,2900000.0,COGS
PEMBAYARAN QRIS KREDIT TANPA BERITA TGL TGL 1,QRIS,IN,14000.0,Other
BAYAR AGEN IKBAL MINYAK GORENG 5 JERIGEN,Transfer,OUT,18000000.0,COGS
DEBET 0407/LLG/WS34883 PASAR LAMA KENDARI 3400000 3400000.00,Bank_Mutation,OUT,3400000.0,COGS
terima pindahan dana dari rek Permata usaha,Transfer,IN,8000000.0,Transfer_Internal
iuran sampah dan keamanan februari,Cash,OUT,75000.0,Operating_Expense
pengembalian dana transaksi so/11/092,QRIS,OUT,110000.0,Other
SETORAN SETOR KAS USAHA KE REKENING,Bank_Mutation,IN,1200000.0,Transfer_Internal
TF KELUAR DENDA TILANG,Bank_Mutation,OUT,18000.0,Other
GJ KASIR BLN SEPTEMBER,Bank_Mutation,OUT,280000.0,Operating_Expense
bayar gaji pegawai 6 orang,Transfer,OUT,6000000.0,Operating_Expense
KR OTOMATIS 555628 KREDIT USAHA CAIR BCA TGL 8,Bank_Mutation,IN,2300000.0,Financing
m-banking masuk unkown trx #82664,Transfer,IN,315000.0,Other
iuran keamanan bengkel motor,Cash,OUT,950000.0,Operating_Expense
bayar pesanan cetak banner 6 4 box hasan rahman no 4691,Transfer,IN,2200000.0,Revenue
Bayar cash suntikan dana mitra Erni Baso,Cash,IN,1498300.0,Financing
NOTA PEMBELIAN INV-2026/8062 AGEN KRTINI PISANG MENTAH,Invoice,OUT,276000.0,COGS
Inv #29451 bayar kontrakan usaha periode Mar ref 73712799,Invoice,OUT,2640000.0,Operating_Expense
transfer masuk retur dana #37525,Transfer,IN,700000.0,Other
BI-FAST DB 1306/FTSKN/WS54413 INTERNET BULANAN SMARTFREN,Bank_Mutation,OUT,950000.0,Operating_Expense
"bahan pemutih habis, beli lagi 2 jerigen",Cash,OUT,445000.0,COGS
QR ISI SALDO MERCHANT GOPAY,QRIS,OUT,2900000.0,Transfer_Internal
Byr QRIS bayar kos anak Maret,QRIS,OUT,106000.0,Other
pemeliharaan peralatan rak display,Cash,OUT,910000.0,Operating_Expense
Retribusi lapak 10/09,Cash,OUT,780000.0,Operating_Expense
Uang cash closing kasir 17/09 total penjualan,Cash,IN,100000.0,Revenue
TRSF E-BANKING DB BAYAR BAHAN BAKU SABUN MANDI - AGEN SARTIKA SEPTEMBER,Bank_Mutation,OUT,310000.0,COGS
TT MASUK DANA KUR MASUK PERIODE JAN,Bank_Mutation,IN,11000000.0,Financing
PEMBAYARAN 371913 penyesuaian akhir bulan November,Bank_Mutation,OUT,60000.0,Other
trf retribusi lapak 28 jun 2026 28 jun 2026,Transfer,OUT,50000.0,Operating_Expense
setor hasil jaulan ke rek Muamalat,Cash,OUT,310000.0,Transfer_Internal
NOTA AGEN JAYA TGL 19 MAR GULA MERAH TGL 19 MAR,Invoice,OUT,200000.0,COGS
Nota pelanggan Bu Ratna tgl tgl 16,Invoice,IN,1050000.0,Revenue
kirim ke rek sendiri Rp14.000.000,Transfer,OUT,14000000.0,Transfer_Internal
BI-FAST hutang dagang agen Tasrif lunas,Transfer,OUT,1000000.0,COGS
TRANSFER MASUK SALDO BUKALAPAK MASUK REKENING PENJUALAN ONLINE,Bank_Mutation,IN,109300.0,Revenue
KIRIM KE REKENING SENDIRI BTN,Transfer,OUT,2600000.0,Transfer_Internal
terima kas pjl donat 17 des,Cash,IN,1881100.0,Revenue
Trf masuk payout Tokopedia penjualan kopi tubruk,Transfer,IN,700000.0,Revenue
PENCAIRAN PLAFON KREDIT PEGADAIAN,Bank_Mutation,IN,7000000.0,Financing
TRF LLG CR 2701/LLG/WS97361 QRIS KASIR SHIFT 2,Bank_Mutation,IN,115000.0,Revenue
serah terima kas antar shift siang,Cash,IN,3000000.0,Transfer_Internal
PEMBAYARAN 758530 SERVIS MOTOR PRIBADI,Bank_Mutation,OUT,15500.0,Other
BI-FAST BAYAR PT PELANGI,Transfer,OUT,433000.0,COGS
qr invoice tidak dikenal po5812,QRIS,IN,4850000.0,Other
nota penjualan so/04/988 zulkifli - 9 apr 2025,Transfer,IN,22500000.0,Revenue
bayar cash kredit usaha cair bri a.n ibu indra,Cash,IN,18553200.0,Financing
faktur f-691 adjustment #57642,Invoice,OUT,7000.0,Other
ambil pribadi pemilik (Agustus),Transfer,OUT,850000.0,Other
Faktur NT-4782 - agen Ratih - perlengkapan dapur 2 dus,Invoice,OUT,466000.0,COGS
TRSF E-BANKING CR 961825 PINDAH DANA RP10.000.000,Bank_Mutation,IN,10000000.0,Transfer_Internal
m-banking ags krd BTN periode Apr no.N434011,Transfer,OUT,1100000.0,Financing
Trf sumbangan acara kampung (periode Mei),Transfer,OUT,7500.0,Other
"Scan QRIS kemasan box pizza habis, beli 2 dus",QRIS,OUT,230000.0,COGS
BI-FAST CR INVESTASI MBAK SARLIN UNTUK USAHA USAHA OLAHAN,Bank_Mutation,IN,6000000.0,Financing
CR SWITCHING 636430 penjualan grosir dress ke reseller Zulkifli,Bank_Mutation,IN,7000000.0,Revenue
Uang sewa tempat ke Bapak Vina,Transfer,OUT,4500000.0,Operating_Expense
Invoice jual ikan tuna Desember 2025,Invoice,IN,96000.0,Revenue
BELI PULSA PRIBADI,Cash,OUT,28000.0,Other
CR SWITCHING setoran tunai rek usaha Permata,Bank_Mutation,IN,290000.0,Transfer_Internal
setor uang kas ke bank BTN,Cash,OUT,230000.0,Transfer_Internal
"bahan stok alat tulis habis, beli lagi 5 dus",Cash,OUT,932500.0,COGS
top up saldo LinkAja usaha dr rek BRI,Transfer,OUT,80000.0,Transfer_Internal
PAYMENT BYR POKOK PEMBIAYAAN KUR BSI 23-02-2026,Bank_Mutation,OUT,250000.0,Financing
DEBET BOOST POSTINGAN INSTAGRAM 17/01,Bank_Mutation,OUT,225000.0,Operating_Expense
KREDIT 21/06 titipan Pak Sri (Apr),Bank_Mutation,IN,9000000.0,Other
nota lunas ud wangi unaaha kue lapis no.f-278,Invoice,IN,350000.0,Revenue
Fee kopi catering acara pelanggan Hasrul,Transfer,IN,1900000.0,Revenue
QRIS Sri Sudirman beli kerupuk ikan,QRIS,IN,5000.0,Revenue
Bayar cicilan pinj KSP Bina Sejahtera,Transfer,OUT,2120000.0,Financing
OVERBOOKING REK SENDIRI DR MANDIRI,Transfer,IN,1400000.0,Transfer_Internal
tgh agen halim 3051 bahan produksi,Invoice,OUT,2940000.0,COGS
DB SWITCHING PENGEMBALIAN DANA TRANSAKSI SO/12/380 TGL 22 MAR 2025,Bank_Mutation,OUT,119200.0,Other
Jual keripik pisang cash 10 pcs,Cash,IN,10000.0,Revenue
TRF LLG CR ANWAR LUNAS 2-05-2025,Bank_Mutation,IN,6500000.0,Revenue
"TRANSFER MASUK TRANSFER MASUK RP1,9JT DR TONO",Bank_Mutation,IN,1900000.0,Revenue
CASH UANG MASUK DARI JUALAN TAS ROTAN NO.SO/10/969,Cash,IN,500000.0,Revenue
Perbaikan atap usaha dagang,Cash,OUT,35000.0,Operating_Expense
BI-FAST CR 15/02 DROPING KSP MITRA USAHA 26 JUL,Bank_Mutation,IN,7000000.0,Financing
Autodebet angsuran KUR BRI,Transfer,OUT,2560000.0,Financing
Uang tunai karcis pasar 7 Okt 7 Okt,Cash,OUT,350000.0,Operating_Expense
kirim cetak styrofoam box bermerk,Transfer,OUT,27000.0,COGS
Ambil tnai dari rek Permata usaha,Cash,IN,232200.0,Transfer_Internal
ANGSURAN POKOK PNM ULAMM OKTOBER,Transfer,OUT,410000.0,Financing
qris merchant usaha pertanian lada - tgl 6,QRIS,IN,40000.0,Revenue
Honor Halim Jun,Cash,OUT,4200000.0,Operating_Expense
pindah dana 140.000 ref 52024096,Transfer,OUT,140000.0,Transfer_Internal
DEBET 367472 pembayaran pokok pinj PNM ULaMM,Bank_Mutation,OUT,245000.0,Financing
TT MASUK PENCAIRAN PEMBIAYAAN PEGADAIAN UNTUK MODAL USAHA,Bank_Mutation,IN,2570000.0,Financing
tunai solar pickup operasional,Cash,OUT,124000.0,Operating_Expense
trf ke grosir Lancar 5.000.000,Cash,OUT,5000000.0,COGS
TRF LLG DB ONGKOS KURIR 22/02/25,Bank_Mutation,OUT,210000.0,Operating_Expense
HADIAH ARISAN NO #32035,Bank_Mutation,IN,500000.0,Other
penjualan order kue box via qris,QRIS,IN,60000.0,Revenue
AUTODEBET 147416 BYR W4837,Bank_Mutation,OUT,5000.0,Other
tarik cash atm bca,Cash,IN,1070000.0,Transfer_Internal
Bayar snack anak scan QRIS no PO8902,QRIS,IN,12000.0,Revenue
QRIS merchant iuran RT Maret,QRIS,OUT,500000.0,Other
SETOR PENDAPATAN HARIAN KE BANK,Bank_Mutation,IN,432300.0,Transfer_Internal
TRSF CR CASH DISETOR KE REK BRI SENDIRI 442000.00,Bank_Mutation,IN,442000.0,Transfer_Internal
trf masuk Halim Nasution bayar 2300000 no NT-8898,Transfer,IN,2300000.0,Revenue
Bayar QRIS uang makan karyawan Juli 2025,QRIS,OUT,1500000.0,Operating_Expense
scan QRIS pajak bunga tabungan BRI,QRIS,OUT,6500.0,Other
TRSF E-BANKING DB 876010 TARIK TUNAI (JASA DIGITAL),Bank_Mutation,OUT,3950000.0,Transfer_Internal
BI-FAST iklan FB ads Jaunari 2025,Transfer,OUT,145000.0,Operating_Expense
voucher pindah kas nt-1916,Invoice,OUT,1470000.0,Transfer_Internal
BAYAR GAJI PGW 10 ORANG,Transfer,OUT,940000.0,Operating_Expense
Kas kecil masuk dr brankas,Cash,IN,87000.0,Transfer_Internal
Trf beli pulsa pribadi,Transfer,OUT,1050000.0,Other
Cicil pnjmn koperasi Jan,Transfer,OUT,309400.0,Financing
Nota mutasi kas internal K277802 periode Jan,Invoice,IN,7104900.0,Transfer_Internal
transaksi tidak dikenal (dapur kue),Invoice,OUT,680000.0,Other
withdraw tunai bni 02/03,Cash,IN,150000.0,Transfer_Internal
PAYMENT 08/07 AMBIL TUNAI DARI REK DANAMON USAHA,Bank_Mutation,OUT,8120100.0,Transfer_Internal
PEMBYRN 1708/BIFAST/WS88286 INVOICE KOREKSI INV-2025/4121,Bank_Mutation,OUT,150000.0,Other
DB SWITCHING 188114 BAYAR PNM MEKAAR 4800000,Bank_Mutation,OUT,4800000.0,Financing
bayar bunga pinj koperasi tani makmur februari 2025,Transfer,OUT,375500.0,Financing
agen rizal 3.400.000 tgl 24 jul 2025,Transfer,OUT,3400000.0,COGS
DB SWITCHING 290760 TARIK DANA REKENING USAHA JADI CASH,Bank_Mutation,OUT,600000.0,Transfer_Internal
trsf jasa kebersihan bulan maret a.n mas bahar,Transfer,OUT,950000.0,Operating_Expense
transfer ke ovo usaha sendiri,Transfer,OUT,110000.0,Transfer_Internal
KR OTOMATIS 13/11 CASHBACK SHOPEEPAY,Bank_Mutation,IN,2900000.0,Other
TT MASUK hibah keluarga,Bank_Mutation,IN,110000.0,Other
Beli bibit kakao ke pasar sentral,Transfer,OUT,73300.0,COGS
angsuan pokok pegadaian februari 2026,Cash,OUT,3300000.0,Financing
QRIS by swa barista dibayar Sri Syam,QRIS,IN,35000.0,Revenue
trf pengirman bhn dari agen la ode ahmad via jne,Transfer,OUT,95000.0,COGS
cash biaya kebersihan tk,Cash,OUT,455000.0,Operating_Expense
KR OTOMATIS PMBYRN QRIS PISANG GORENG MULYADI 100000.00,Bank_Mutation,IN,100000.0,Revenue
Settle invoice supplier Grosir Rezeki Niaga periode Mei,Transfer,OUT,1050000.0,COGS
kirim listrik rumah pribadi bulan agustus,Transfer,OUT,84000.0,Other
QRIS dana pihak ketiga belum teridentifikasi,QRIS,IN,9000000.0,Other
m-banking sewa gerobak Juni,Transfer,OUT,20500000.0,Operating_Expense
Trf Biznet periode Sep,Transfer,OUT,60000.0,Operating_Expense
terima kas penjulan ikan bakar 21/07/26,Cash,IN,300000.0,Revenue
uang tunai upah harian yanti a.n mulyadi,Cash,OUT,830000.0,Operating_Expense
faktur pmbelian pupuk kandang petani sarlin,Invoice,OUT,10000000.0,COGS
trsf swa tempat 17/02/25,Transfer,OUT,5500000.0,Operating_Expense
Belanja cup sealer 1 set,Invoice,OUT,550000.0,COGS
Trf masuk termin pmb proyek permak Kios Kencana,Transfer,IN,1900000.0,Revenue
TRSF E-BANKING DB 16/04 PEMBAYARAN RUTIN RP100RB (USAHA IKAN),Bank_Mutation,OUT,100000.0,Other
DB SWITCHING IURAN RT FEBRUARI 2025 NO PO8213,Bank_Mutation,OUT,86400.0,Other
SETORAN 2108/FTSCY/WS76788 CAIR KUR BANK SULTRA,Bank_Mutation,IN,8500000.0,Financing
pemindahan dana dari rekening utama ke rekening ops,Transfer,OUT,20900000.0,Transfer_Internal
TRANSFER MASUK TITIPAN HASAN SARI,Bank_Mutation,IN,300000.0,Other
Ambil uang di ATM Rp950.000 no NT-8712,Cash,IN,950000.0,Transfer_Internal
uang tunai tiket mudik keluarga,Cash,OUT,18500.0,Other
pembelian coklat blok untuk usaha kue Jun,Cash,OUT,3000000.0,COGS
pendapatan jasa cuci kiloan (laundry),Transfer,IN,1500000.0,Revenue
Transfer pemeliharaan peralatan kompor Juli,Transfer,OUT,70000.0,Operating_Expense
Bayar QRIS servis motor pribadi,QRIS,OUT,1500000.0,Other
TT MASUK 25/05 QRIS GOPAY PELANGAN LAMPU LED,Bank_Mutation,IN,11500.0,Revenue
Pembelian bhn produksi umpan,Cash,OUT,900000.0,COGS
Nota 7561 penjualan grosir matcha ke reseller pelanggan Laode Rusman,Invoice,IN,5133400.0,Revenue
CR SWITCHING PENGEMBALIAN UANG 10 AGU,Bank_Mutation,IN,1300000.0,Other
pendapatan harian warung makan 18/09 bulan februari,Cash,IN,50000.0,Revenue
Bayar QRIS retsock etalase pelembut pakaian,QRIS,OUT,500000.0,COGS
TRF LLG DB PINDAH DANA REK DANAMON KE SALDO LINKAJA USAHA - 21/07,Bank_Mutation,OUT,380000.0,Transfer_Internal
Tunai stok cup sealer 5 porsi,Cash,OUT,2100000.0,COGS
PAYMENT TARIK TUNAI RP 390.000,Bank_Mutation,OUT,390000.0,Transfer_Internal
gaji hasrul bulan desember,Cash,OUT,11702600.0,Operating_Expense
M-banking bayar Saldi Malik (UMKM olahan),Transfer,OUT,105000.0,Other
pulsa operasional rp 260.000,QRIS,OUT,260000.0,Operating_Expense
GAJI KASIR DESEMER 2025,Bank_Mutation,OUT,1000000.0,Operating_Expense
Inv NT-9303 pembelian label harga & kotak nasi,Invoice,OUT,900000.0,COGS
bayar qris koreksi salah transfer nt-9271,QRIS,OUT,270000.0,Other
TRSF E-BANKING CR 17/10 PENCAIRAN KREDIT MODAL KERJA PEGADAIAN,Bank_Mutation,IN,8300000.0,Financing
Uang tunai pembayaran rutin ref 758Z895,Cash,OUT,3000000.0,Other
"bahan kain batik habis, beli lagi 30 meter",Cash,OUT,13000.0,COGS
QRIS kasir shift pagi,QRIS,IN,25000.0,Revenue
m-banking pak rahmat 3300000,Transfer,OUT,3300000.0,Other
m-banking pengembalian dana 06/05,Transfer,OUT,235000.0,Other
QRIS merchant transfer dari adik,QRIS,IN,33000.0,Other
pelanggan Erni lunas no F-212,Transfer,IN,14000.0,Revenue
DEBET 2305/BIFAST/WS87903 ANGS PINJ KOPERASI SEJAHTERA BERSAMA KE-2,Bank_Mutation,OUT,492000.0,Financing
jual peralatan rumah tangga cash 2 pcs,Cash,IN,31000.0,Revenue
krm ke rekening sendiri Danamon,Transfer,OUT,1320000.0,Transfer_Internal
m-banking angs pinjaman ksp mitra usaha ke-5,Transfer,OUT,388000.0,Financing
TRSF E-BANKING DB pindah dana rek CIMB Niaga ke rek Bank Sultra usaha ref 200Y424,Bank_Mutation,OUT,2400000.0,Transfer_Internal
penghasilan GrabFood periode 19 Jan,Transfer,IN,54000.0,Revenue
QRIS MERCHANT RETUR DANA INV-2026/3685,QRIS,IN,444000.0,Other
Nota pembelian F-912 Kios Mutara kopi sachet renceng no.F-912,Invoice,OUT,320000.0,COGS
margin pembiayaan bank sultra juli 2026,Cash,OUT,5000000.0,Financing
Nota SO/02/027 biaya EDC November,Invoice,OUT,23000.0,Operating_Expense
qr bayar cicilan pinjaman koperasi tani makmur no.9621,QRIS,OUT,150000.0,Financing
cash beli gula aren 5 kg,Cash,OUT,245000.0,COGS
nota pembelian inv-2025/5308 agen budi pewarna kain,Invoice,OUT,1600000.0,COGS
qr uang masuk ?,QRIS,IN,180000.0,Other
qr potongan komisi gofood,QRIS,OUT,255000.0,Operating_Expense
scan QRIS pengeluaran lain tgl 14,QRIS,OUT,1600000.0,Other
Kas: bayar tgh Indihome periode Mar,Cash,OUT,90000.0,Operating_Expense
qris beli styrofoam box ikan grosir 10 pcs,QRIS,OUT,568600.0,COGS
AUTODEBET ANGS POKOK BMT AL-AMIN FEB,Bank_Mutation,OUT,142300.0,Financing
belanja bahan hrn kopi sachet renceng & snack,Cash,OUT,390000.0,COGS
pengembalian pajak bln November,Transfer,IN,22000.0,Other
Terima trf pembayaran jasa rias 1x,Transfer,IN,30000.0,Revenue
QR belanja pupuk NPK pagi 28/02/25 Mei,QRIS,OUT,908800.0,COGS
tunai ongkos layanan panggilan saldi,Cash,IN,820000.0,Revenue
kas kecil masuk dari brankas,Cash,IN,700000.0,Transfer_Internal
Krd usaha cair BTN,Cash,IN,5500000.0,Financing
m-banking masuk terima krd usaha rakyat BCA,Transfer,IN,13000000.0,Financing
CR SWITCHING 449049 DEPOSIT OMZET HARIAN MUAMALAT,Bank_Mutation,IN,6000000.0,Transfer_Internal
Penerimaan invoice INV-2025/3027 dari UD Bumi Cahaya,Invoice,IN,890000.0,Revenue
Trf bayar pinjaman kemitraan Rusdi,Transfer,OUT,9000000.0,Financing
PEMABYARAN SUPPLIER PT INDAH TEKSTIL STYROFOAM BOX IKAN,Transfer,OUT,34000000.0,COGS
transfer dari giro usaha ke rekening bank sultra ref s8800,Transfer,IN,3500000.0,Transfer_Internal
AUTODEBET kembalikan pinjaman ke Firman Mansur,Bank_Mutation,OUT,1300000.0,Financing
QRIS merchant pengembalian uang 8 Mar 2026 no.PO3146,QRIS,IN,1880000.0,Other
laku servis besar 3 biji,Cash,IN,1150000.0,Revenue
trucking benang tenun tk abadi utama,Transfer,OUT,750000.0,COGS
QRIS kasir shift 2,QRIS,IN,23000.0,Revenue
GANTI KOMPONEN PRINTER,QRIS,OUT,1400000.0,Operating_Expense
terima trf hibah keluarga (september),Transfer,IN,8000000.0,Other
BI-FAST servis mesin kasir,Transfer,OUT,621700.0,Operating_Expense
Setor cash 1.350.000,Cash,OUT,1350000.0,Transfer_Internal
pembelian stok dr depot barokah wangi,Invoice,OUT,600000.0,COGS
TRF LLG DB 0206/BIFAST/WS80301 BIAYA PENYESUAIAN,Bank_Mutation,OUT,285000.0,Other
kas: pencairan pinjaman pnm mekaar,Cash,IN,7000000.0,Financing
M-banking masuk pencairan KUR Danamon,Transfer,IN,21600000.0,Financing
QR cetak dus ukuran M bermerk,QRIS,OUT,900000.0,COGS
TRSF CR TRANSFER DARI GIRO USAHA KE REKENING BRI,Bank_Mutation,IN,400000.0,Transfer_Internal
thr karyawan nov - 17-06-2025,Cash,OUT,7000000.0,Operating_Expense
Bensin 08/05 tgl 08/05,Cash,OUT,51600.0,Operating_Expense
Kirim angsuran pokok PNM ULaMM bulan Desember,Transfer,OUT,12000000.0,Financing
REALIASI KREDIT KSP MITRA USAHA #33329,Bank_Mutation,IN,2150000.0,Financing
TF KELUAR 06/09 CICIL PNJMN KOPERASI JULI 7000000.00,Bank_Mutation,OUT,7000000.0,Financing
qris merchant kalibrasi ac,QRIS,OUT,1000000.0,Operating_Expense
freight stock agen mira,Cash,OUT,480000.0,COGS
Tnai modal belanja garam ikan 12,Cash,OUT,110000.0,COGS
NOTA MUTASI KAS INTERNAL SO/02/585,Invoice,OUT,4600000.0,Transfer_Internal
Hibah keluarga - 07/02/26,Transfer,IN,7000000.0,Other
TRSF DB 09/02 BELANJA STOK GULA HALUS KE CV BERSAMA UNAAHA,Bank_Mutation,OUT,1080000.0,COGS
TRF KELUAR BAYAR BAGI HASIL PEMBIAYAAN BPR MITRA KOLAKA,Bank_Mutation,OUT,500000.0,Financing
Kirim uang makan karyawan November,Transfer,OUT,3500000.0,Operating_Expense
pdam jan,Cash,OUT,28000.0,Operating_Expense
qris meja 2 matcha,QRIS,IN,60000.0,Revenue
DEBET TAIRKAN ATM BRI,Bank_Mutation,OUT,1960000.0,Transfer_Internal
Setoran belum teridentifikasi SO/12/403,Transfer,IN,13000000.0,Other
pmb qris dr ilham utk gelang,QRIS,IN,55000.0,Revenue
TRANSFER KELUAR TARIK TUNAI REKENING USAHA PERMATA,Bank_Mutation,OUT,150000.0,Transfer_Internal
belanja bahan seragam dan kancing dan resleting,Cash,OUT,86000.0,COGS
Tunai abon ikan terjual ke UD Prima,Cash,IN,769700.0,Revenue
BI-FAST DB TRF KOPERASI SEJAHTERA BERSAMA RP392.300,Bank_Mutation,OUT,392300.0,Financing
trnasfer dari adik,Transfer,IN,25000.0,Other
TRF LLG DB 402313 AUTODEBET ANGSURAN PEGADAIAN,Bank_Mutation,OUT,1200000.0,Financing
NET SETTLEMENT QRIS 3-04-2025,QRIS,IN,20000.0,Revenue
BI-FAST CR 908235 CAIR PINJ BPR SULTRA MANDIRI,Bank_Mutation,IN,10000000.0,Financing
PEMBAYARAN QRIS PRIVE MEI,QRIS,OUT,276400.0,Other
bayar qris internet bulanan indosat,QRIS,OUT,50000.0,Operating_Expense
bunga giro BNI Agsutus 2025,Transfer,IN,4500000.0,Other
NOTA GROSIR TIGA SAUDARA SULTRA TGL 9 JUN 2026 SUSU KENTAL MANIS,Invoice,OUT,10000000.0,COGS
autodebet angsuran Kopdit Harapan (warung makan),Invoice,OUT,470000.0,Financing
bayar bahan baku bahan dry clean - pt sejhatera,Transfer,OUT,11000000.0,COGS
by.u 123k no 8768,Transfer,OUT,123000.0,Operating_Expense
m-banking masuk cashback ovo,Transfer,IN,6000000.0,Other
trf ke agen sartika rp 1.250.000 tgl tgl 13,Cash,OUT,1250000.0,COGS
TRSF E-BANKING CR TRANSFER DR ADIK 2400000.00,Bank_Mutation,IN,2400000.0,Other
angsuran kur bca bln 12 ref 65323815,Transfer,OUT,1390000.0,Financing
TERIMA 1110000 DR PLG MELATI OKTOBER,Transfer,IN,1110000.0,Revenue
PEMBYRN TRANSAKSI TIDAK DIKENAL 92000.00,Bank_Mutation,OUT,92000.0,Other
KREDIT 11/10 PENERIMAAN PO569,Bank_Mutation,IN,3310000.0,Other
TRSF E-BANKING DB SPONSOR EVENT ARISAN IBU-IBU 500000.00,Bank_Mutation,OUT,500000.0,Operating_Expense
setor 1.000.000 ke bank (periode mar),Cash,OUT,1000000.0,Transfer_Internal
TF cicil pembayaran barang CV Bintang,Transfer,OUT,3670000.0,COGS
TRSF E-BANKING DB 817188 WITHDRAW TNAI CIMB NIAGA 7 JUL 2025,Bank_Mutation,OUT,700000.0,Transfer_Internal
ongkir barang masuk dari agen halim,Cash,OUT,24000.0,COGS
BAYAR PAK SALMA PERIODE FEB RP2.900.000,Bank_Mutation,OUT,2900000.0,Operating_Expense
KIRIM BAYAR TUKANG CUCI BULAN MARET,Transfer,OUT,43000.0,Operating_Expense
trf masuk pmb psn baarng elektronik kecil - haerul - 0205,Transfer,IN,70200.0,Revenue
isi kas kecil dari rekening no.#60844,Cash,IN,600000.0,Transfer_Internal
TRSF DB SMARTFREN FEBRUARI,Bank_Mutation,OUT,130000.0,Operating_Expense
m-banking masuk pengembalian dana po1580,Transfer,IN,500000.0,Other
invoice supplier agen vina jatuh tempo 12/04,Invoice,OUT,2850000.0,COGS
KAS KECIL DIPINDAH KE BRAKAS,Cash,OUT,90000.0,Transfer_Internal
KR OTOMATIS 0908/FTSKN/WS52281 SETOR TUNAI 800000,Bank_Mutation,IN,800000.0,Transfer_Internal
Faktur INV-2025/0226 - agen Dedi - sabun cair 10 liter,Invoice,OUT,5000000.0,COGS
BI-FAST DB 316309 TARIK TUNAI UTK KAS KECIL TGL 26/07,Bank_Mutation,OUT,125000.0,Transfer_Internal
Cash clsoing kasir 26/08/25 total penjualan,Cash,IN,1050000.0,Revenue
trf ke rek Danamon a.n usaha sendiri - 17-04-2025,Transfer,OUT,600000.0,Transfer_Internal
TRSF E-BANKING CR 10/11 SETORAN TUNAI REK USAHA MUAMALAT,Bank_Mutation,IN,3200000.0,Transfer_Internal
pendapatan cash shift 2,Cash,IN,233500.0,Revenue
cash ongkos kurir 14/01,Cash,OUT,28000.0,Operating_Expense
Tf ke rek lain milik sendiri ref 55415337,Transfer,OUT,8000000.0,Transfer_Internal
tf masuk tanpa nama pegirim no nt-5269,Cash,IN,11500.0,Other
AUTODEBET 19/05 PINDAH BUKU BANK SULTRA KE CIMB NIAGA SENDIRI REF 135Z797,Bank_Mutation,OUT,9000000.0,Transfer_Internal
bi-fast beli pulsa pribadi,Transfer,OUT,8000000.0,Other
Pmb QRIS dr Aswin utk jaket,QRIS,IN,5000.0,Revenue
Trsf upah hrn Ilham,Transfer,OUT,390000.0,Operating_Expense
Pindah buku Permata ke Bank Sultra sendiri 21-04-2025,Transfer,OUT,600000.0,Transfer_Internal
trf masuk dana ksp bina sejahtera masuk a.n mulyadi pratama,Transfer,IN,600000.0,Financing
pembayaran QRIS kembalikan uang Rp260rb tanpa keterangan,QRIS,OUT,260000.0,Other
AUTODEBET 18/06 PINDAH DANA REK BCA KE REK MUAMALAT USAHA,Bank_Mutation,OUT,473800.0,Transfer_Internal
DEBET PMBYRN AGEN RIZAL 15 MAR 2026 - 15 MAR 2026,Bank_Mutation,OUT,1100000.0,COGS
PAYMENT 1907/FTSKN/WS43636 withdraw tunai BTN 16 Jan,Bank_Mutation,OUT,1200000.0,Transfer_Internal
QRIS merchant pendapatan jasa jasa cetak foto,QRIS,IN,4400000.0,Revenue
Cash DP swa lapak lapak hasil tani,Cash,OUT,1200000.0,Operating_Expense
bayar QRIS autodebet Telkomsel bln Juli,QRIS,OUT,447600.0,Operating_Expense
TF IKLAN FB ADS NOVEMBER,Transfer,OUT,1000000.0,Operating_Expense
belanja stok ikan tenggiri ke agen wulan a.n rahmat pratama,Transfer,OUT,10100000.0,COGS
TRANSFER KELUAR PMBYRN DONASI SYUKURAN 296300.00,Bank_Mutation,OUT,296300.0,Other
transfer ke rekening lain milik sendiri juni,Transfer,OUT,2450000.0,Transfer_Internal
KRD TERIMA TRANSFER MELATI ABDULLAH - JAGUNG,Bank_Mutation,IN,24000.0,Revenue
serah terima kas antar shift,Cash,OUT,877600.0,Transfer_Internal
TRANSFER KELUAR BAYAR KONTRAKAN USAHA JUN,Bank_Mutation,OUT,700000.0,Operating_Expense
Faktur SO/08/298 terima pembayaran jasa permak,Invoice,IN,450000.0,Revenue
gaji tukang setrika Okt,Transfer,OUT,10000000.0,Operating_Expense
trf bayar hutang modal Herman Tuwu,Transfer,OUT,240000.0,Financing
AUTODEBET 183747 BELANJA KBTHN RUMAH TANGGA 64600.00,Bank_Mutation,OUT,64600.0,Other
Uang cash beli rokok grosir 2 slop,Cash,OUT,2400000.0,COGS
qris hair coloring,QRIS,IN,180000.0,Revenue
M-banking swa ruko bulanan,Transfer,OUT,1406600.0,Operating_Expense
BI-FAST MUTASI KELUAR KE TABUNGAN DANA CADANGAN,Transfer,OUT,630000.0,Transfer_Internal
SETOR TUNAI RP1.200.000,Bank_Mutation,IN,1200000.0,Transfer_Internal
qr bayar nila bulan februari,QRIS,IN,25000.0,Revenue
SETORAN 1604/FTSKN/WS39492 TRSF MASUK DARI ZULKIFLI,Bank_Mutation,IN,6000000.0,Revenue
setoran tunai teller bri,Cash,OUT,660000.0,Transfer_Internal
QR beli busi 2 dus,QRIS,OUT,150000.0,COGS
m-banking masuk pencairan pembiayaan kur bni untuk modal usaha (toko kue),Transfer,IN,7000000.0,Financing
TARIKAN ATM NO.F-120,Bank_Mutation,OUT,12292600.0,Transfer_Internal
pajak bunga tabungan muamalat,Cash,OUT,8000.0,Other
UNKNOWN TRX #52975,Transfer,IN,100000.0,Other
BI-FAST DB transfer antar akun internal 07/07/25,Bank_Mutation,OUT,24500000.0,Transfer_Internal
kas: reward ovo,Cash,IN,520100.0,Other
pembayaran QRIS trx keluar belum jelas,QRIS,OUT,447000.0,Other
KOREKSI MUTASI 7 FEB,QRIS,IN,100000.0,Other
PEMBAYARAN PEMINDAHAN DANA DR REKENING UTAMA KE REKENING OPS,Bank_Mutation,OUT,600000.0,Transfer_Internal
faktur f-393 unknown trx n204218,Invoice,OUT,10000.0,Other
bi-fast isi saldo merchant shopeepay,Transfer,OUT,5700000.0,Transfer_Internal
Invoice agen Dedi 8489 garam ikan,Invoice,OUT,13000000.0,COGS
Koreksi salah transfer NT-136,Transfer,OUT,50000.0,Other
modal kemitraan Pak Zulkifli,Transfer,IN,34000000.0,Financing
PEMBAYARAN 10/09 PENGEMBALIAN DANA TRANSAKSI PO7302,Bank_Mutation,OUT,1210000.0,Other
Krm bensin 23 Sep 2026 (percetakan digital),Transfer,OUT,15000.0,Operating_Expense
TRF LLG CR SETOR CASH CDM MUAMALAT A.N DARMIN SYAM,Bank_Mutation,IN,10300000.0,Transfer_Internal
Perawatan rutin freezer,Cash,OUT,2300000.0,Operating_Expense
Uang keluar tanpa nota 21 Des 2025,Transfer,OUT,40500.0,Other
pengembalian dana transaksi po3968 a.n nasir bado,Transfer,OUT,50000.0,Other
BAYAR TGH BULANAN SMARTFREN,Cash,OUT,1100000.0,Operating_Expense
SETORAN KESALAHAN INPUT INV-2026/8867 A.N NILA,Bank_Mutation,IN,18000.0,Other
Transfer denda keterlambatan angsuran KUR BNI,Transfer,OUT,2150000.0,Financing
BI-FAST BELANJA BAHAN HARIAN BAHAN SMOOTHING & KAPAS DAN TISU,Transfer,OUT,430000.0,COGS
TRANSFER KE PASAR LAMA RAHA REF X42955,Transfer,OUT,14000000.0,COGS
TRANSFER KELUAR 271387 BAYAR CICILAN KUR JUN,Bank_Mutation,OUT,7000000.0,Financing
tunai pelanggan hj. andi - mie instan,Cash,IN,14000.0,Revenue
Transfer ke rekening ops BRI Desember,Transfer,OUT,602200.0,Transfer_Internal
TERIMA TRANSFER HERMAN KUSUMA - SOUVENIR,Transfer,IN,70000.0,Revenue
CR SWITCHING PEMBAYARAN PESANAN ONLINE SHOPEEFOOD D704538,Bank_Mutation,IN,6000000.0,Revenue
uang lembur Irfan,Transfer,OUT,4600000.0,Operating_Expense
debet oomatis tidak dikenal,Cash,OUT,125000.0,Other
transfer ke gopay usaha sendiri,Transfer,OUT,59700.0,Transfer_Internal
TRSF CR 622990 PENCAIRAN KUR PERMATA 30000000.00,Bank_Mutation,IN,30000000.0,Financing
by.u januari,Transfer,OUT,4620000.0,Operating_Expense
BAYAR CASH DPOSIT OMZET HARIAN MANDIRI,Cash,OUT,660000.0,Transfer_Internal
bayar Hendra upah kerja 7 Feb 2026,Cash,OUT,900000.0,Operating_Expense
pembayaran facial dari toko rezeki utama via permata,Transfer,IN,4150000.0,Revenue
SETORAN 13/04 setoran belum teridentifikasi INV-2026/7534 160000.00,Bank_Mutation,IN,160000.0,Other
trf masuk cod cair gofood 3800 - 14/03,Transfer,IN,160000.0,Revenue
SETOR OMZET 03/09 KE REKENING BRI,Bank_Mutation,IN,3390000.0,Transfer_Internal
SETORAN dropping PNM ULaMM - 14-05-2025,Bank_Mutation,IN,20900000.0,Financing
listrik rumah pribadi februari,Cash,OUT,1029900.0,Other
QRIS transfer ke OVO usaha sendiri,QRIS,OUT,250000.0,Transfer_Internal
Kas: iuran warga Maret 2025,Cash,OUT,15500.0,Other
PEMBAYARAN 1701/FTFVA/WS93125 TRANSFER KE REKENING OPS BANK SULTRA 800000.00,Bank_Mutation,OUT,800000.0,Transfer_Internal
Uang tunai denda parkir 22-02-2026,Cash,OUT,116700.0,Other
Tunai angs pinjaman KSP Mitra Usaha ke-2,Cash,OUT,800000.0,Financing
Nota 6744 order partai brg elektronik kecil dr Grosir Bahari,Invoice,IN,1400000.0,Revenue
Inv C988387 denda keterlambatan angsuran KUR BNI,Invoice,OUT,49000000.0,Financing
BI-FAST PEMBELIAN KEMASAN BOX KUE,Transfer,OUT,28000.0,COGS
Pembayaran rutin tgl 15-07-2025,Cash,OUT,5000.0,Other
CR SWITCHING 645911 TF ANTAR REKENING MILIK SENDIRI,Bank_Mutation,IN,1350000.0,Transfer_Internal
bayar QRIS transfer masuk April,QRIS,IN,150000.0,Other
TF tagihan PLN bulan Juli,Transfer,OUT,500000.0,Operating_Expense
GAJI KASIR PERIODE APR,Transfer,OUT,550000.0,Operating_Expense
belanja barang dagangan grosir lestari,Cash,OUT,2400000.0,COGS
bayar cicilan pinjaman ksp bina sejahtera,Transfer,OUT,4350000.0,Financing
Transfer bonus pak Hamdan,Transfer,OUT,3594600.0,Operating_Expense
CR SWITCHING KRD CAIR BCA,Bank_Mutation,IN,7223900.0,Financing
Titipan Mulyadi,Invoice,OUT,700000.0,Other
Pelanggan Bapak Rusdi lunas 28/05,Transfer,IN,375000.0,Revenue
AUTOEDBET TARIK TUNAI ATM MANDIRI 2143700.00,Bank_Mutation,OUT,2143700.0,Transfer_Internal
PAYOUT BLIBLI PNJUALAN IKAN SEGAR NO N409198,Transfer,IN,3100000.0,Revenue
AUTODEBET PINDAH DANA REK BCA KE SALDO OVO USAHA,Bank_Mutation,OUT,150000.0,Transfer_Internal
Beli krimer grosir 2 kg,Cash,OUT,550000.0,COGS
dana masuk kasmiati,Transfer,IN,170000.0,Revenue
faktur pembelian gas elpiji 3kg tabung isi pasar lama unaaha,Invoice,OUT,1800000.0,COGS
qr trf ke ovo usaha sendiri,QRIS,OUT,4130000.0,Transfer_Internal
AUTODEBET IURAN RT AGUSTUS 2025,Bank_Mutation,OUT,340000.0,Other
transfer angsuran kur btn bulan 12,Transfer,OUT,400000.0,Financing
kirim bayar agen Saharuddin Mar,Transfer,OUT,2600000.0,COGS
TRF LLG DB 893220 AMBIL TUNAI DR REK MANDIRI USAHA,Bank_Mutation,OUT,217300.0,Transfer_Internal
PAYMENT 1203/BIFAST/WS62586 angs pnjmn Pegadaian ke-4,Bank_Mutation,OUT,11000000.0,Financing
closing kasir 0910 total penjualan 0910,Cash,IN,50000.0,Revenue
PINDAH BUKU DR BNI KE BSI SENDIRI,Transfer,IN,9200000.0,Transfer_Internal
PAYMENT 0611/FTFVA/WS91605 swa gerobak Maret,Bank_Mutation,OUT,7500000.0,Operating_Expense
TRF LLG DB 738292 BIAYA BEROBAT KELUARGA,Bank_Mutation,OUT,1100000.0,Other
dana masuk dari rkg utama ke rek operasional ref u11426,Transfer,IN,20000000.0,Transfer_Internal
biaya cetak nota,Cash,OUT,286000.0,Operating_Expense
QR top up token listrik kios ikan segar,QRIS,OUT,1350000.0,Operating_Expense
SETOR UANG KAS KE BANK DANAMON,Cash,OUT,1900000.0,Transfer_Internal
pinjam mdl ke reski mstari,Transfer,IN,2400000.0,Financing
trf masuk pinj keluarga haji anwar mdl usaha,Transfer,IN,8879700.0,Financing
KREDIT 935572 ONGKOS PERAWATAN RAMBUT HASAN SUPARMAN,Bank_Mutation,IN,4100000.0,Revenue
Bensin motor operasional,Cash,OUT,20000.0,Operating_Expense
Invoice B848531 maintenance kulkas bulanan,Invoice,OUT,270000.0,Operating_Expense
CR SWITCHING SHOPEE SETTLEMENT ORDER 0878,Bank_Mutation,IN,60000.0,Revenue
TRSF E-BANKING CR 660120 SETOR TUNAI KE REKENING BNI,Bank_Mutation,IN,750000.0,Transfer_Internal
TRSF DB AGEN JUMRIAH RP1.020.000 TGL 02/02/25,Bank_Mutation,OUT,1020000.0,COGS
PEMBAYARAN POKOK PNJMN KUR MANDIRI,Invoice,OUT,15000000.0,Financing
transfer antar reekning sendiri Bank Sultra-Mandiri (toko grosir kecil),Bank_Mutation,IN,200000.0,Transfer_Internal
TRSF CR 01/03 BUNGA TABUNGAN BTN TGL 13 AGU 2026,Bank_Mutation,IN,329800.0,Other
BI-FAST DB 20/06 AGS PINJ MDL KE ARIFIN,Bank_Mutation,OUT,9000000.0,Financing
transfer dari adik ref 39903662,Transfer,IN,2400000.0,Other
PEMBAYARAN EDIT VIDEO UNTUK ULANG TAHUN - PELANGGAN FIRMAN,Transfer,IN,7000000.0,Revenue
bayar kos anak apr,Cash,OUT,1305900.0,Other
Transfer ke rekening operasional CIMB Niaga,Transfer,OUT,1300000.0,Transfer_Internal
TRSF KELUAR TARIK CASH REKENING USAHA CIMB NIAGA,Bank_Mutation,OUT,19000000.0,Transfer_Internal
BI-FAST DB biaya tidak jelas 30000,Bank_Mutation,OUT,30000.0,Other
TRF LLG DB beli kacang mete mentah grosir 10 kg,Bank_Mutation,OUT,1700000.0,COGS
terima trsf dewi kurniawan - ikan asin,Transfer,IN,276100.0,Revenue
DB SWITCHING 789895 TARIK TUNAI REKENING USAHA PERMATA,Bank_Mutation,OUT,1550000.0,Transfer_Internal
tf ke rekening operasional permata,Transfer,OUT,195000.0,Transfer_Internal
settle invoice supplier UD Bintang Desember 2025,Cash,OUT,190000.0,COGS
Tunai dana masuk tanpa ket a.n Ibu Budi,Cash,IN,275000.0,Other
BI-FAST DB LANGGANAN ADOBE BULAN JULI,Bank_Mutation,OUT,650000.0,Operating_Expense
trf belanja biji kopi dan bubuk coklat,Transfer,OUT,580000.0,COGS
DB SWITCHING 21/04 pindah dana rek Bank Sultra ke saldo ShopeePay usaha,Bank_Mutation,OUT,70000.0,Transfer_Internal
"Invoice PO7032 stock jualan vernis habis, tambah 2 kaleng",Invoice,OUT,600000.0,COGS
pindah dana rek danamon ke rek bni usaha,Transfer,IN,700000.0,Transfer_Internal
DB SWITCHING 2404/BIFAST/WS85313 biaya penyesuaian,Bank_Mutation,OUT,65000.0,Other
CICILAN KRDEIT MDL KERJA MANDIRI APR,Cash,OUT,188500.0,Financing
kirim ke rek sendiri rp700rb 21 apr,Transfer,OUT,700000.0,Transfer_Internal
KEDIT 276695 HASIL PENJUALAN DISETOR KE BANK 0104 1350000.00,Bank_Mutation,IN,1350000.0,Transfer_Internal
DB SWITCHING 06/06 servis kompresor rusak 10/04,Bank_Mutation,OUT,245000.0,Operating_Expense
KREDIT 407429 DANA MASUK BAPAK FITRI,Bank_Mutation,IN,8000000.0,Revenue
ATODEBET PBB RUMAH,Bank_Mutation,OUT,35000.0,Other
tarik tunai ATM BTN,Cash,IN,200000.0,Transfer_Internal
trf uang keluar tanpa nota no.#40745,Transfer,OUT,195700.0,Other
TRF LLG DB DENDA KETERLAMBATAN ANGSURAN KUR BNI,Bank_Mutation,OUT,900000.0,Financing
TRF KELUAR PENGELUARAN LAIN 13 JUL,Bank_Mutation,OUT,15000.0,Other
TARIK CASH BUAT MDL KEMBALIAN,Cash,IN,610000.0,Transfer_Internal
saldo dompet digital usaha dipindah ke bank,Transfer,IN,600000.0,Transfer_Internal
pembayaran pokok pinj pnm mekaar,Transfer,OUT,11700000.0,Financing
faktur f-303 la ode ahmad fotocopy lunas no f-303,Invoice,IN,60000.0,Revenue
tagihan biznet no #76330,Transfer,OUT,964900.0,Operating_Expense
SETORAN QRIS KASIR SHIFT MALAM 130000.00,Bank_Mutation,IN,130000.0,Revenue
tunai pemasukan usaha dagang 20/09,Cash,IN,650000.0,Revenue
terima pindahan dana dr rek bsi usaha,Transfer,IN,303100.0,Transfer_Internal
Uang tunai PDAM Maret,Cash,OUT,1039800.0,Operating_Expense
cash bolu 12 porsi,Cash,IN,980000.0,Revenue
bayar cash bensin motor operasional,Cash,OUT,25000.0,Operating_Expense
UANG SAKU KELUARGA,Transfer,OUT,70000.0,Other
DEBET 2707/LLG/WS69074 BIAYA EDC PERIDE MEI,Bank_Mutation,OUT,100000.0,Operating_Expense
SETORAN pendapatan psn aqiqah Salma,Bank_Mutation,IN,900000.0,Revenue
qris merchant trf masuk,QRIS,IN,6000.0,Other
TRF MASUK GROSIR UTAMA KOLAKA (SERVIS BESAR),Transfer,IN,21000.0,Revenue
pmb qris dr jamal utk sale pisang,QRIS,IN,375000.0,Revenue
pembl kemasan kemasan vakum,Cash,OUT,365000.0,COGS
KRM BAYAR HUTANG MDL KASMIATI (BULAN JUNI),Transfer,OUT,8000000.0,Financing
TRANSFER MASUK DANA MASUK BAPAK ZULKIFLI REF P31208,Bank_Mutation,IN,1000000.0,Revenue
tf agen Salma Rp 100.000 - 10/04/26,Transfer,OUT,100000.0,COGS
BAYAR CASH BAYAR TUKANG PERBAIKAN MESIN ESPRESSO,Cash,OUT,2500000.0,Operating_Expense
BI-FAST DB 24/05 TRANSFER ANTAR AKUN INTERNAL 800000.00,Bank_Mutation,OUT,800000.0,Transfer_Internal
Transfer agen Haeurl INV-2026/6664 periode Des,Transfer,OUT,1535500.0,COGS
selisih rekonsiliasi periode Des,Invoice,IN,10000.0,Other
nota 0244 bayar rp690.000,Invoice,OUT,690000.0,Other
SHOPEEFOOD - DANA PENJUALAN DITERUSKAN REF A82988,Transfer,IN,44000.0,Revenue
CR SWITCHING 575292 bunga tabungan BNI,Bank_Mutation,IN,190000.0,Other
sponsor event arisan ibu-ibu,Transfer,OUT,2719700.0,Operating_Expense
trf wulan putri bayar order kopi tubruk,Transfer,IN,1300000.0,Revenue
TRF MASUK PEMBAYARAN CUCI SEPATU DARI SARTIKA VIA MUAMALAT,Transfer,IN,31000.0,Revenue
BIAYA ANGKUT STOK 15/01/26,Transfer,OUT,60000.0,COGS
Penarikan tnai teller BRI,Cash,IN,900000.0,Transfer_Internal
angsuran KUR Bank Sultra bulan 3,Transfer,OUT,850000.0,Financing
Bayar cash beli pel dan pembersih kantin,Cash,OUT,20500.0,Operating_Expense
PENCAIRAN SALDO TIKTOK SHOP 2303,Transfer,IN,45000.0,Revenue
Nota F-605 refund pelanggan tidak teridentifikasi,Invoice,OUT,22000.0,Other
PEMBAYARAN ISI TOKEN 3X PERIODE OKT,Transfer,IN,1391700.0,Revenue
trsf keluar tgl 3 jul 2025,Transfer,OUT,355000.0,Other
order toples 500ml ke agen wulan 16-03-2025,Transfer,OUT,182200.0,COGS
KR OTOMATIS PINJAMAN DARI MIRA HIDAYAT U/ MODAL NO INV-2026/8947,Bank_Mutation,IN,3500000.0,Financing
Nota pbl F-029 agen Sarlin kayu jati,Invoice,OUT,1200000.0,COGS
kas: bayar les anak,Cash,OUT,12800.0,Other
pindah saldo DANA ke rek BNI sendiri,Transfer,IN,800000.0,Transfer_Internal
pembelian bahan produksi garam ikan 20/03/26,Cash,OUT,292000.0,COGS
uang tnai hasil jualan ukiran kayu sore ini no 8593,Cash,IN,34200.0,Revenue
Inv #95066 terima byr jasa sewa barista,Invoice,IN,1300000.0,Revenue
DEBET TARIK DANA REKENING USAHA JADI CASH,Bank_Mutation,OUT,1800000.0,Transfer_Internal
QR PEMBAYARAN DONASI ACARA KANTOR DESA,QRIS,OUT,6500.0,Other
TF bayar gaji pegawai 3 orang,Transfer,OUT,1200000.0,Operating_Expense
teima pmbyrn jasa layanan panggilan,Cash,IN,700000.0,Revenue
invoice #36141 penyesuaian akhir bulan feb,Invoice,OUT,210000.0,Other
"tf bahan susu uht habis, beli lagi 24 liter",Transfer,OUT,15000.0,COGS
KAS: MDL KEMBALIAN KASIR 1107,Cash,OUT,410000.0,Transfer_Internal
uang kembalian dari bank bank sultra,Cash,IN,600000.0,Transfer_Internal
kembalikan uang 55200 tanpa keterangan,Invoice,OUT,55200.0,Other
Trsf bayar bunga pinjaman Koperasi Tani Makmur periode Apr,Transfer,OUT,900000.0,Financing
TT MASUK 2810/BIFAST/WS43207 SETOR TUNAI 138.800,Bank_Mutation,IN,138800.0,Transfer_Internal
CR SWITCHING 398131 SETOR UANG KAS KE BANK BRI 450000.00,Bank_Mutation,IN,450000.0,Transfer_Internal
beli barang dagangan dterjen dr grosir,Cash,OUT,325000.0,COGS
Pembayaran QRIS pengembalian dana transaksi NT-3903,QRIS,OUT,80000.0,Other
withdraw tnai permata tgl 22,Cash,IN,6000000.0,Transfer_Internal
uang tunai by atm bulnan bri,Cash,OUT,670000.0,Operating_Expense
DB SWITCHING 1601/BIFAST/WS18067 PELUNASAN KRD MODAL KERJA PERMATA,Bank_Mutation,OUT,440000.0,Financing
uang tunai bayar kos anak Nov,Cash,OUT,16000.0,Other
PAYMENT 27/11 AUTODEBET KOPERASI TANI MAKMUR (BARBERSHOP) 485000.00,Bank_Mutation,OUT,485000.0,Financing
trf masuk penjualan grosir sate ayam ke reseller depot cahaya kemasan,Transfer,IN,400000.0,Revenue
penerimaan so/07/686,Transfer,IN,2800000.0,Other
invoice k982929 bunga kredit bca periode des a.n ismail firdaus,Invoice,OUT,230000.0,Financing
honor bahar september 2025,Transfer,OUT,2600000.0,Operating_Expense
"Tf dari rek sendiri Rp11,1jt no.NT-8959",Transfer,IN,11100000.0,Transfer_Internal
m-banking masuk titiapn plg belum jelas,Transfer,IN,142000.0,Other
DB SWITCHING SUMBANGAN ACARA KAMPUNG,Bank_Mutation,OUT,14000.0,Other
bayar cash kiriman keluarga bulan juli,Cash,IN,4800000.0,Other
agen fajar transfer pembayaran 5 snack anak,Transfer,IN,500000.0,Revenue
TRF LLG CR MASUK DR MANDIRI KRD,Bank_Mutation,IN,22000000.0,Financing
angsuran pokok kur bni periode mar 02/09/26,Transfer,OUT,355000.0,Financing
tambah stock sayur dan bawang 1 paket,Cash,OUT,150000.0,COGS
INVOICE AGS BPR MITRA KOLAKA #6449,Cash,OUT,1130000.0,Financing
trf masuk dana kur masuk periode sep,Transfer,IN,8000000.0,Financing
PMB PINDAH BUKU MANDIRI KE CIMB NIAGA SENDIRI,Bank_Mutation,OUT,1350000.0,Transfer_Internal
Pnjualan kemeja ke pak Ratih lunas tunai,Cash,IN,191900.0,Revenue
PEMNIDAHAN DANA ANTAR REK USAHA,Bank_Mutation,IN,190000.0,Transfer_Internal
TRF LLG DB 850103 PMB UPAH WULAN 500000.00,Bank_Mutation,OUT,500000.0,Operating_Expense
"Tunai bhn minyak goreng habis, beli lagi 10 liter",Cash,OUT,50000.0,COGS
TF bayar agen Ratna santan kelapa 5 liter,Transfer,OUT,185000.0,COGS
iuran arian keluarga no.inv-2025/4178,Transfer,OUT,10000.0,Other
PAYMENT 878235 BIAYA EDC PERIODE DES,Bank_Mutation,OUT,440000.0,Operating_Expense
TRSF DB 2604/FTSKN/WS44289 BELANJA STOCK MINYAK GORENG KE PASAR BARU KENDARI,Bank_Mutation,OUT,1400000.0,COGS
bi-fast gaji kasir november 2025,Transfer,OUT,4030000.0,Operating_Expense
Nota mutasi kas internal #54187,Invoice,OUT,2200000.0,Transfer_Internal
ANGSURAN KREDIT BANK SULTRA AGUSTUS,Bank_Mutation,OUT,600000.0,Financing
setoran angsuran 3.158.700 a.n Ibu Yusuf,Cash,OUT,3158700.0,Financing
Invoce pembelian bahan F893664,Invoice,OUT,240000.0,COGS
faktur #58436 bayar tagihan supplier grosir mandiri,Invoice,OUT,2200000.0,COGS
bayar cash hasil jualan ganti oli sore ini,Cash,IN,95000.0,Revenue
TRANSFER MASUK PENERIMAAN PEMBIAYAAN KELOMPOK KOPERASI SEJAHTERA BERSAMA,Bank_Mutation,IN,21800000.0,Financing
BI-FAST CR CAIR KUR BSI 43000000.00,Bank_Mutation,IN,43000000.0,Financing
Uang tnai pemasukan warkop 19 Jan (Juli),Cash,IN,41500.0,Revenue
scan qris ogkos kurir 13 jul,QRIS,OUT,81000.0,Operating_Expense
TRANSFER KELUAR AUTODEBET KUR BNI 600000.00,Bank_Mutation,OUT,600000.0,Financing
DB SWITCHING KRM KE REK SENDIRI PERMATA,Bank_Mutation,OUT,580000.0,Transfer_Internal
Nota belanja kabel dan colokan UD Mutiara Abadi,Transfer,OUT,600000.0,COGS
bayar agen nurul kertas foto 5 pak,Transfer,OUT,3450000.0,COGS
TRF MASUK BAYAR RAMLI YAHYA AGU TGL 15-01-2026,Transfer,IN,8261000.0,Revenue
faktur pembl sabun cair cv kencana baubau,Invoice,OUT,7000000.0,COGS
Bayar cash kirim ke agen Indra Rp8jt ref L11116,Cash,OUT,8000000.0,COGS
Tarik tunai 105.000 (Jul),Cash,IN,105000.0,Transfer_Internal
Pembayaran QRIS ambil pribadi pemilik,QRIS,OUT,10000.0,Other
AUTODEBET 473757 TOP UP DOMPET DIGITAL USAHA SHOPEEPAY,Bank_Mutation,OUT,800000.0,Transfer_Internal
BI-FAST CR 2103/FTSKN/WS21190 faktur penjualan F-272 - ganti oli,Bank_Mutation,IN,1690000.0,Revenue
TRSF E-BANKING DB 404529 TARIK CASH ATM BTN,Bank_Mutation,OUT,1250000.0,Transfer_Internal
faktur nt-8049 swa kios feb a.n kak vina,Invoice,OUT,1000000.0,Operating_Expense
Uang tunai pembayaran rutin Rp4.100.000 no.#52641,Cash,OUT,4100000.0,Other
krm thr karyawan april,Transfer,OUT,310400.0,Operating_Expense
TARIK SALDO LINKAJA USAHA KE REKENING BNI,Transfer,IN,8000000.0,Transfer_Internal
TT MASUK 1910/FTSCY/WS43367 KREDIT CAIR BCA,Bank_Mutation,IN,27700000.0,Financing
Invoice pembelian bahan PO5062,Invoice,OUT,6500000.0,COGS
TRF MASUK MUTASI MASUK DARI TABUNGAN USAHA DANAMON NO NT-5836 480000.00,Bank_Mutation,IN,480000.0,Transfer_Internal
SETORAN KSP MITRA USAHA CAIR 25.000.000 TGL 16,Bank_Mutation,IN,25000000.0,Financing
Pembayaran QRIS belanja pribadi 17/02,QRIS,OUT,20000.0,Other
BI-FAST CR 18/10 PENDAPATAN SHOPEEFOOD MINGGU KE-1,Bank_Mutation,IN,4550000.0,Revenue
PEMBAYARAN 329369 PAJAK BUNGA TABUNGAN BSI 2 MEI,Bank_Mutation,OUT,100000.0,Other
tarnsfer masuk modal kemitraan bapak reski no.f-314,Transfer,IN,2600000.0,Financing
BELI SANTAN KELAPA DI PASAR,Cash,OUT,500000.0,COGS
hibah keluarga,Transfer,IN,245000.0,Other
Bayar cash penjualan grosir anyaman ke reseller Hamdan Sudirman,Cash,IN,19500000.0,Revenue
QRIS iuran kebersihan November 2025,QRIS,OUT,10000.0,Operating_Expense
sewa tempat 20-01-2025,Cash,OUT,26000000.0,Operating_Expense
Belanja stok es batu ke agen Hamdan,Cash,OUT,150000.0,COGS
jual dress cash 3 pcs,Cash,IN,45000.0,Revenue
transfer tiket mudik keluarga,Transfer,OUT,6872300.0,Other
nota f-288 kembalikan uang 250000 tanpa ket,Invoice,OUT,250000.0,Other
Trsf listrik rumah pribadi November 2025,Transfer,OUT,95000.0,Other
M-banking masuk realisasi krd Pegadaian SO/05/594,Transfer,IN,9000000.0,Financing
transfer masuk fee katering harian mbak darmin,Transfer,IN,25000.0,Revenue
DB SWITCHING IURAN KARANG TARUNA,Bank_Mutation,OUT,1100000.0,Other
TRSF DB 04/02 SEWA RUKO BULANAN,Bank_Mutation,OUT,22400000.0,Operating_Expense
angsuran kredit Muamalat periode Mei,Transfer,OUT,700000.0,Financing
hasil dagang 25 Sep,Cash,IN,1050000.0,Revenue
NOTA JUAL COTO 1 LUSIN AN. PELANGGAN DEDI,Invoice,IN,540000.0,Revenue
pemasukan usaha kerajinan tgl 19,Cash,IN,1100000.0,Revenue
TRF LLG CR REALISASI KREDIT PNM ULAMM PO720,Bank_Mutation,IN,3000000.0,Financing
bayar kontrakan usaha juli,Cash,OUT,8400000.0,Operating_Expense
qris merchant restock paper bag dr agen rahmat no.nt-744,QRIS,OUT,32000.0,COGS
hasil qris 17 mei 2026,QRIS,IN,175000.0,Revenue
Penciaran plafon kredit Bank Sultra,Transfer,IN,33700000.0,Financing
transfer masuk tanpa nama pengirim periode Mar,Transfer,IN,149000.0,Other
BI-FAST bayar hutang modal Ratih Syam,Transfer,OUT,12000000.0,Financing
DEBET CICILAN KUR BSI NO.INV-2025/2120,Bank_Mutation,OUT,40000000.0,Financing
TRF BAYAR AGEN NURHAYATI NO.NT-8609,Transfer,OUT,17000000.0,COGS
PELANGGAN ARMAN ANSHARI LUNASI TGHN MIE AYAM NO.NT-757,Bank_Mutation,IN,10000000.0,Revenue
Tarik saldo ShopeePay usaha ke rekening Bank Sultra,Transfer,IN,250000.0,Transfer_Internal
AGS KUR CIMB NIAGA BLN 3,Bank_Mutation,OUT,130000.0,Financing
kembalikan pinjaman ke bu hendra,Transfer,OUT,2000000.0,Financing
TRSF E-BANKING DB 18/05 bayar bagi hasil pembiayaan KUR BNI,Bank_Mutation,OUT,240000.0,Financing
Uang tnai angsuran KUR Permata bulan 10 tgl 20/05,Cash,OUT,1600000.0,Financing
setor kas penjualan ke danamon,Cash,OUT,8000000.0,Transfer_Internal
TRSF E-BANKING CR NOTA PENJUALAN INV-2026/7462 SUARNI 112000.00,Bank_Mutation,IN,112000.0,Revenue
kirim mutasi keluar ke tabungan dana cadangan no 9541,Transfer,OUT,5000000.0,Transfer_Internal
pindah uang brankas ke laci kasir,Cash,IN,195000.0,Transfer_Internal
beli cairan pendingin utk bengkel motor,Cash,OUT,30000.0,COGS
restock etalase obat hama januari,Transfer,OUT,2733700.0,COGS
BI-FAST DB SETTLE INVOICE SUPL AGEN LESTARI PERIODE JUL NO.F-294 700000.00,Bank_Mutation,OUT,700000.0,COGS
Trf masuk Nur (udang),Transfer,IN,6000000.0,Revenue
trf pembayaran ke agen erni inv f-023,Transfer,OUT,16500000.0,COGS
SUMBANGAN HAJATAN IBU RATIH,Bank_Mutation,OUT,8327900.0,Other
Terima tunai dari Rahayu beli ikan tuna,Cash,IN,1400000.0,Revenue
reversal masuk F-062,Transfer,IN,61100.0,Other
setor tnai ke rekening bni,Cash,OUT,150000.0,Transfer_Internal
Tambahan mdl dr investor Wulan Siregar,Transfer,IN,10000000.0,Financing
M-banking pemindahan dana dari rekeinng utama ke rekening operasional,Transfer,OUT,212000.0,Transfer_Internal
KREDIT 781019 KIRIMAN TONO,Bank_Mutation,IN,36000.0,Revenue
PENGEMBLAIAN DANA INVESTOR WULAN SAPUTRA,Transfer,OUT,14000000.0,Financing
CR SWITCHING refund tidak diketahui asalnya 326000.00,Bank_Mutation,IN,326000.0,Other
tf by promosi seminar sekolah,Transfer,OUT,900000.0,Operating_Expense
pembayaran cuci kiloan dari toko maju group via bank sultra,Transfer,IN,115000.0,Revenue
TF isi saldo DANA bisnis,Transfer,OUT,1300000.0,Transfer_Internal
tf agen rahim 1jt no f-099,Transfer,OUT,1000000.0,COGS
qris setoran tidak teridentifikasi ref 26760302,QRIS,IN,493300.0,Other
Transfer iuran warga September 2025,Transfer,OUT,6000.0,Other
BANNER TOKO BARU,Bank_Mutation,OUT,380000.0,Operating_Expense
slip setoran permata #70484,Invoice,IN,320000.0,Transfer_Internal
TT MASUK SETOR TUNAI RP1.550.000,Bank_Mutation,IN,1550000.0,Transfer_Internal
modal masuk dari ratih bagi hasil,Transfer,IN,6000000.0,Financing
TT MASUK 940672 SETOR TNAI 3.040.000 3040000.00,Bank_Mutation,IN,3040000.0,Transfer_Internal
Invoice SO/11/118 bayar angsuran ke petugas KUR BNI,Invoice,OUT,11800000.0,Financing
CR SWITCHING PMBYRN CV BERKAH KE REK USAHA KAOS,Bank_Mutation,IN,30000.0,Revenue
Voucher pinadh kas SO/05/015,Invoice,IN,2390000.0,Transfer_Internal
Bayar QRIS trf ke agen Jumriah pembelian bahan seragam,QRIS,OUT,6798900.0,COGS
slip setoran btn nt-3654,Invoice,IN,5000000.0,Transfer_Internal
QRIS merchant koreksi transaksi #79974 tgl tgl 16,QRIS,OUT,800000.0,Other
TRSF DB 04/03 PEMBYRN POKOK PINJAMAN KOPERASI NELAYAN BAHARI,Bank_Mutation,OUT,112000.0,Financing
TRSF E-BANKING DB 0102/LLG/WS28363 trf ke agen Irfan pembelian barang pecah belah,Bank_Mutation,OUT,5200000.0,COGS
Transfer cust Hsarul sisa bayar hair coloring,Transfer,IN,100000.0,Revenue
POTONG REKENING BNI ANGSURAN,Bank_Mutation,OUT,37000000.0,Financing
melati lestari transfer pembayaran 4 smoothing,Transfer,IN,1950000.0,Revenue
NOTA CV SUBER REJEKI ELEKTRIK TGL 28/06 BIJI KOPI,Invoice,OUT,400000.0,COGS
KAS: SABUN CUCI LANTAI & PEMBERSIH,Cash,OUT,32500.0,Operating_Expense
Bayar agen Made utk masker wajah,Transfer,OUT,14400000.0,COGS
SETORAN KIRIMAN DARI AYAH 900000.00,Bank_Mutation,IN,900000.0,Other
overbooking rek sendiri dari bsi,Transfer,IN,1500000.0,Transfer_Internal
PEMBAYARAN 08/06 BAYAR TAGIHAN BULANAN PLN PRABAYAR - 0401 25500.00,Bank_Mutation,OUT,25500.0,Operating_Expense
CASH MASUK DR DANAMON KREDIT REF N2374,Cash,IN,19358900.0,Financing
QRIS servis rak display rusak 26/02/26,QRIS,OUT,4300000.0,Operating_Expense
swa tempat 18 Nov no.#54308,Transfer,OUT,4400000.0,Operating_Expense
STOK KANTONG KERTAS 20 PCS,Bank_Mutation,OUT,165000.0,COGS
Invoice F-140 penjualan beras 5kg kepada Mira Abdullah,Invoice,IN,145000.0,Revenue
Beli bahan pengawet ikan ke pasar sentral,Transfer,OUT,76000.0,COGS
swa warkop periode september 2025,Cash,OUT,840000.0,Operating_Expense
INVOICE TIDAK DIKENAL PO4529 REF Q75946,Bank_Mutation,IN,25000.0,Other
Saldo tabungan usaha dipindah ke rek CIMB Niaga,Transfer,IN,1100000.0,Transfer_Internal
bayar cv bintang juli (juli),Transfer,OUT,342100.0,COGS
TIKTOK ADS 13 AGU,Bank_Mutation,OUT,320000.0,Operating_Expense
TRF LLG DB TRF KE UD DAMAI MUNA PEMBELIAN LABEL KEMASAN,Bank_Mutation,OUT,6414000.0,COGS
settle invoice supplier agen Indra Juni,Invoice,OUT,500000.0,COGS
hasil jualan snack anak sore ini,Cash,IN,11000.0,Revenue
TRSF DB 2807/FTSCY/WS55841 setoran angsuran Rp478.000 478000.00,Bank_Mutation,OUT,478000.0,Financing
BI-FAST CR TAMBAHAN MDL DR INVESTOR SAHARUDDIN MALIK,Bank_Mutation,IN,3900000.0,Financing
DEBET 102258 ANGS PINJAMAN BMT AL-AMIN KE-3,Bank_Mutation,OUT,19100000.0,Financing
SETTLE INVOICE SUPPLIER PASAR INPRES RAHA JUNI,Bank_Mutation,OUT,4200000.0,COGS
UPAH HARIAN OPERATOR,Cash,OUT,11500000.0,Operating_Expense
belanja bahan harian deterjen & pengharum ruangan cucian,Transfer,OUT,495000.0,COGS
nota lunas Sarlin Hidayat cuci selimut no.F-738,Invoice,IN,515200.0,Revenue
TRANSFER MASUK pemindahan dana antar rekening usaha,Bank_Mutation,IN,700000.0,Transfer_Internal
dana masuk dr rekening sendiri,Transfer,IN,28000000.0,Transfer_Internal
PAYMENT CETAK KARTU NAMA,Bank_Mutation,OUT,1000000.0,Operating_Expense
TRSF DB kembalikan uang 5000 tanpa keterangan no.PO4204,Bank_Mutation,OUT,5000.0,Other
inv inv-2025/5501 penerimaan catering ratna,Invoice,IN,36000.0,Revenue
TRANSFER KELUAR modal belanja vinyl stiker 3,Bank_Mutation,OUT,2300000.0,COGS
Hasil dagang 04/03,Cash,IN,39000.0,Revenue
Pembayaran QRIS sumbangan hajatan Tiara Sudirman,QRIS,OUT,4300000.0,Other
Infaq masjid,Cash,OUT,500000.0,Other
Trf angsuran KUR Mandiri bulan 1,Transfer,OUT,350000.0,Financing
tunai pembelian deterjen 1 karung,Cash,OUT,2100000.0,COGS
sisihkan dana ke tabungan usaha BTN,Transfer,OUT,13000000.0,Transfer_Internal
TRANSFER KELUAR 1504/FTSCY/WS40019 TRANSFER KE TABUNGAN USAHA MANDIRI,Bank_Mutation,OUT,600000.0,Transfer_Internal
BI-FAST DB biaya ATM bulanan BSI,Bank_Mutation,OUT,214000.0,Operating_Expense
Tarik tunai ATM BNI ref 91206215,Cash,IN,160000.0,Transfer_Internal
RESTOCK ETALASE SAYUR DAN BAWANG,Transfer,OUT,200000.0,COGS
SETORAN 23/08 CUST NILA NUGRAHA LUNASI TGHN BATIK,Bank_Mutation,IN,10108100.0,Revenue
Bayar tagihan supplier pasar inpres Kolaka,Transfer,OUT,1860000.0,COGS
Pinjam mdl ke Rahim,Transfer,IN,8400000.0,Financing
Trf masuk transaksi tidak dikenal no 0775,Transfer,IN,1413900.0,Other
QRIS LISTRIK RUMAH PRIBADI JANUARI - 11-06-2025,QRIS,OUT,230000.0,Other
scan qris gaji kasir oktober,QRIS,OUT,3700000.0,Operating_Expense
transfer antar bank rp2.200.000,Transfer,OUT,2200000.0,Transfer_Internal
PINJAMAN KELUARGA RATIH RAMADHAN MODAL USAHA,Transfer,IN,1220000.0,Financing
AUTODEBET REVERSAL PO6358,Bank_Mutation,OUT,204000.0,Other
HADIAH ARISAN BULAN MARET,Cash,IN,19500.0,Other
Terima trf DP pesanan ganti aki dari TB Bahari Kolaka,Transfer,IN,14000000.0,Revenue
KREDIT 12/12 PENJUALAN GROSIR ROKOK KE RESELLER PELANGGAN RUSDI,Bank_Mutation,IN,335000.0,Revenue
TRF LLG DB GJ KASIR BLN NOVEMBER,Bank_Mutation,OUT,3700000.0,Operating_Expense
DEBET 06/04 BAYAR TGHN SUPPLIER AGEN SALMA REF B34610,Bank_Mutation,OUT,2900000.0,COGS
QRIS merchant bensin motor operasional,QRIS,OUT,200000.0,Operating_Expense
BI-FAST pmb upah Nasir,Transfer,OUT,130000.0,Operating_Expense
unknown trx INV-2026/5084 a.n Kartini Abdullah,Cash,OUT,31000.0,Other
transfer ke ovo usaha sedniri,QRIS,OUT,12000000.0,Transfer_Internal
transaksi tidak dikenal,Transfer,OUT,6000.0,Other
m-banking masuk bunga giro BRI periode Apr (kios ikan segar),Transfer,IN,150000.0,Other
bayar kurir upah kerja 6 Agu,Transfer,OUT,1400000.0,Operating_Expense
BI-FAST CR 19/07 PENYESUAIAN AKHIR BLN BLN MARET,Bank_Mutation,IN,90000.0,Other
cicilan krd modal kerja BNI,Cash,OUT,7000000.0,Financing
AUTODEBET PERPANJANG SEWA 8 BULAN,Bank_Mutation,OUT,310000.0,Operating_Expense
uang tunai modal awal kasir 3 mar,Cash,IN,2434400.0,Transfer_Internal
Pbl stok dari Grosir Harapan,Cash,OUT,5000000.0,COGS
TRSF E-BANKING DB bensin motor operasional,Bank_Mutation,OUT,1000000.0,Operating_Expense
belanja kebutuhan rumah tangga no.f-835,Transfer,OUT,70000.0,Other
bayar indosat rp500rb,QRIS,OUT,500000.0,Operating_Expense
inv nt-9633 biaya isi pulsa dibayar yunus tamrin no.2166,Invoice,IN,23000.0,Revenue
setoran angsuran rp 2.460.000 - 2606,Cash,OUT,2460000.0,Financing
PMB STOK BARANG DAGANG KAPAS DAN TISU,Bank_Mutation,OUT,11708400.0,COGS
TRSF E-BANKING CR 1103/LLG/WS13490 MASUK DARI BCA KRD 3092100.00,Bank_Mutation,IN,3092100.0,Financing
pembayaran qris ongkos kirim pembelian cream rambut,QRIS,OUT,478000.0,COGS
omzet hari ini 0401,Cash,IN,1000000.0,Revenue
TRSF BELI STYROFOAM BOX & CUP PLASTIK 16OZ,Transfer,OUT,1250000.0,COGS
TRSF CR NOTA PENJUALAN S247696 AGEN GEMILANG,Bank_Mutation,IN,3000000.0,Revenue
SETORAN SETOR UANG KAS KE BANK MANDIRI,Bank_Mutation,IN,12000000.0,Transfer_Internal
nota pmbelian 2334 agen herman laminating pouch,Transfer,OUT,1850000.0,COGS
bayar smartfren april 2026 12/06,Cash,OUT,32000.0,Operating_Expense
PEMBAYARAN 1605/BIFAST/WS71296 PMBELIAN PACK TOPLES 500ML,Bank_Mutation,OUT,145000.0,COGS
Inv F-509 selisih kas 7 Jul 2026,Invoice,OUT,329000.0,Other
kirim pembayaran 440Z363,Transfer,OUT,200000.0,Other
trf ke nelayan hasan 12jt (maret),Transfer,OUT,12000000.0,COGS
Modal masuk dr Ikbal Baso bagi hasil Februari,Transfer,IN,1237400.0,Financing
TRANSFER SUPPLIER AGEN DEWI ORDER SO/12/255,Transfer,OUT,11000000.0,COGS
TRSF DB 1705/LLG/WS55495 SISIHKAN DANA KE TABUNGAN USAHA BCA,Bank_Mutation,OUT,390000.0,Transfer_Internal
BI-FAST CR TF ANTAR REKENING MILIK SENDIRI,Bank_Mutation,IN,230000.0,Transfer_Internal
AUTODEBET LUNASI PINJAMAN IBU KARTINI 11000000.00,Bank_Mutation,OUT,11000000.0,Financing
TRSF E-BANKING DB ATK KANTOR KAFE KECIL 28000.00,Bank_Mutation,OUT,28000.0,Operating_Expense
Dana talangan mdl Arman Amir - 13/09/26,Transfer,IN,44000000.0,Financing
TRANSFER MASUK 1111/FTSCY/WS18731 PELANGGAN PELANGGAN SITI LUNAS,Bank_Mutation,IN,8800000.0,Revenue
m-banking masuk kur mandiri cair 1650000,Transfer,IN,1650000.0,Financing
SETORAN KRD USAHA CAIR MANDIRI NO.#63043,Bank_Mutation,IN,2550000.0,Financing
pnidah dana rek bni ke saldo gopay usaha,Transfer,OUT,927000.0,Transfer_Internal
terima trf kontrak suplai tomat toko maju bulan oktober,Transfer,IN,590000.0,Revenue
TRSF E-BANKING DB debet otomatis tidak dikenal,Bank_Mutation,OUT,140000.0,Other
TF pemeliharaan peralatan mesin kasir,Transfer,OUT,300000.0,Operating_Expense
KIRIM BAYAR SPP ANAK,Transfer,OUT,4280000.0,Other
depoit tunai ke rek sendiri,Cash,OUT,2000000.0,Transfer_Internal
TRSF E-BANKING CR BAYAR QRIS ATK PAK NURHAYATI,Bank_Mutation,IN,40000.0,Revenue
JUAL KACANG METE VIA QRIS AGUSTUS,QRIS,IN,71000.0,Revenue
byr donasi aqiqah,Transfer,OUT,294200.0,Other
TRSF DB BAYAR CICILAN RP 22.500.000 28 MEI 2026,Bank_Mutation,OUT,22500000.0,Financing
KRD PEMINDAHAN DANA ANTAR REKENING USAHA TGL 6,Bank_Mutation,IN,762400.0,Transfer_Internal
BI-FAST DB BAYAR SWA TEMPAT USAHA PERIODE MEI 1400000.00,Bank_Mutation,OUT,1400000.0,Operating_Expense
TRF LLG CR 2704/FTFVA/WS17732 SETORAN TIDAK TERIDENTIFIKASI,Bank_Mutation,IN,1100000.0,Other
TRANSFER KELUAR 2708/FTSKN/WS57841 BIAYA MARKETING APRIL,Bank_Mutation,OUT,4800000.0,Operating_Expense
CR SWITCHING NOTA PELANGGAN BAPAK LAODE RUSMAN TGL 13/09 13/09 1065600.00,Bank_Mutation,IN,1065600.0,Revenue
TRSF CR 12/08 COD CAIR BLIBLI 4625 75000.00,Bank_Mutation,IN,75000.0,Revenue
M-banking masuk uang muka setrika Hasrul Yahya (usaha laundry),Transfer,IN,2000000.0,Revenue
m-banking pembelian stock dr pt andalan kemasan,Transfer,OUT,500000.0,COGS
m-banking masuk mdl masuk dari Waode Nia bagi hasil,Transfer,IN,8000000.0,Financing
setoran tunai teller bsi,Cash,OUT,9000000.0,Transfer_Internal
bayar pinjaman kemitraan indra hamzah,Cash,OUT,280000.0,Financing
BI-FAST CR DANA KOPERASI NELAYAN BAHARI MASUK TGL 09/01,Bank_Mutation,IN,900000.0,Financing
tf autodebet pln periode jul - 19-08-2026,Transfer,OUT,3600000.0,Operating_Expense
BI-FAST CR 04/09 PENCAIRAN PLAFON KRD PNM ULAMM 9774300.00,Bank_Mutation,IN,9774300.0,Financing
m-banking masuk kredit usaha cair bri no #25783,Transfer,IN,9900000.0,Financing
ekspedisi bahan baku grosir pelangi,Transfer,OUT,1650000.0,COGS
belanja bahan hrn air mineral & gula pasir,Cash,OUT,48000.0,COGS
kas: bayar kontrakan usaha Januari (kantin),Cash,OUT,24400000.0,Operating_Expense
TRSF DB PENUTUPAN PNJMN KUR MANDIRI 6205,Bank_Mutation,OUT,9438200.0,Financing
kas: dana masuk rp2.700.000,Cash,IN,2700000.0,Other
KR OTOMATIS SETORAN TUNAI,Bank_Mutation,IN,1450000.0,Transfer_Internal
servis atap bengkel motor,Cash,OUT,2700000.0,Operating_Expense
komisi lazada order 7683 tgl tgl 11,Transfer,OUT,1500000.0,Operating_Expense
tarik tnai atm bni,Cash,IN,3570000.0,Transfer_Internal
"kas: bhn kain batik habis, beli lagi 30 meter",Cash,OUT,100000.0,COGS
transfer ke rekening operasional BRI,Transfer,OUT,17700000.0,Transfer_Internal
spanduk promo salon no NT-897,QRIS,OUT,120000.0,Operating_Expense
bayar 0105/FTFVA/WS89692 ags KUR BCA bln 8,Bank_Mutation,OUT,13000000.0,Financing
bayar angsuran ke petugas bank sltra,Transfer,OUT,465000.0,Financing
"TRANSFER ANTAR BANK 24,5JT REF 932X810",Transfer,OUT,24500000.0,Transfer_Internal
PEMABYARAN 2812/BIFAST/WS30230 pulsa ops 60rb,Bank_Mutation,OUT,60000.0,Operating_Expense
Bayar cash bayar cicilan KUR Mei no.F-781,Cash,OUT,1200000.0,Financing
trf masuk pencairan plafon kredit Bank Sultra 21 Jun,Transfer,IN,3230000.0,Financing
"TRANSFER MASUK TF BPR SULTRA MANDIRI RP9,1JT A.N ARMAN SETIAWAN",Bank_Mutation,IN,9100000.0,Financing
"PENGELUARAN PRIBADI PEMILIK 4,9JT",QRIS,OUT,4900000.0,Other
TF beli barang jualan benang tenun 5 kg,Transfer,OUT,2970000.0,COGS
trf beli obat hama ke pasar sentral,Transfer,OUT,20000.0,COGS
M-BANKING SISIHKAN DANA KE TABUNGAN USAHA PERMATA,Transfer,OUT,465000.0,Transfer_Internal
Terima trf dana masuk dari rek sendiri,Transfer,IN,6000000.0,Transfer_Internal
KR OTOMATIS SETOR CASH KE REK USAHA 17 NOV 2025,Bank_Mutation,IN,2240800.0,Transfer_Internal
nota belanja benih jaugng petani Hendra,Invoice,OUT,210000.0,COGS
PMB BAYAR BPR SULTRA MANDIRI 445RB,Bank_Mutation,OUT,445000.0,Financing
m-banking restock cup sealer dari CV Wangi Raha no 5720,Transfer,OUT,1700100.0,COGS
Indosat November (studio desain),Transfer,OUT,3100000.0,Operating_Expense
TRF LLG DB BIAYA BEROBAT KELUARGA,Bank_Mutation,OUT,35000.0,Other
Nota F-983 cetak kartu nama,Invoice,OUT,800000.0,Operating_Expense
BI-FAST bayar air Agustus 2025,Transfer,OUT,130000.0,Operating_Expense
setoran tidak teridentifikasi no.3363,Cash,IN,1360000.0,Other
Dropping pnjmn modal kerja,Transfer,IN,9000000.0,Financing
PEMBELIAN KAPAS DAN TISU UNTUK BARBERSHOP 26 JAN 2025,Transfer,OUT,70000.0,COGS
voucher pindah kas c67894,Invoice,IN,6000000.0,Transfer_Internal
TRSF E-BANKING DB REFUND PELANGGAN TIDAK TERIDENTIFIKASI,Bank_Mutation,OUT,670000.0,Other
TRSF E-BANKING CR 2605/FTSCY/WS99487 pencairan plafon kredit BPR Mitra Kolaka,Bank_Mutation,IN,2800000.0,Financing
KR OTOMATIS SETOR OMZET 15 AGU KE REK BANK SULTRA 4350000.00,Bank_Mutation,IN,4350000.0,Transfer_Internal
PENJUALAN LATTE KE BU TASRIF LUNAS TUNAI,Cash,IN,10000.0,Revenue
AUTODEBET 270019 LISTRIK RUMAH PRIBADI MEI 2026,Bank_Mutation,OUT,116600.0,Other
INV #97680 PENGEMBALIAN DANA SO/06/496,Invoice,IN,600000.0,Other
masuk Rp 380.000 an Jamal,Transfer,IN,380000.0,Revenue
inv #43604 autodebet angs kur bni (umkm olahan),Invoice,OUT,6000000.0,Financing
tf antar rkg milik sendiri - tgl 12,Transfer,IN,220000.0,Transfer_Internal
Pembayaran gamis utk seminar sekolah - pelanggan Waode Nia,Invoice,IN,490000.0,Revenue
Trf Koperasi Tani Makmur 38000000,Cash,OUT,38000000.0,Financing
PELUNASAN PINJAMAN KUR BSI,Transfer,OUT,2047600.0,Financing
DEBET 262837 TARIK DANA REKENING USAHA JADI CASH NO.INV-2025/2574,Bank_Mutation,OUT,75000.0,Transfer_Internal
OVERBOOKING REK SENDIRI DARI BRI,Bank_Mutation,IN,32500000.0,Transfer_Internal
Maintenance lampu toko bulanan,Transfer,OUT,1300000.0,Operating_Expense
kirim servis mesin espresso rusak 1-10-2025,Transfer,OUT,150000.0,Operating_Expense
Nota E239838 token listrik toko 7783,Invoice,OUT,37500.0,Operating_Expense
qris iuran karang taruna,QRIS,OUT,140000.0,Other
Setor tunai CDM Danamon,Cash,OUT,1104400.0,Transfer_Internal
Scan QRIS beli pengharum ruangan cucian 2 dus utk stock,QRIS,OUT,300000.0,COGS
PEMBAYARAN TRANSFER SUPPLIER AGEN SALMA ORDER PO7026 JAN,Bank_Mutation,OUT,15500000.0,COGS
pembelian stok dari grosir Utama,Transfer,OUT,450000.0,COGS
Cash modal kembalian kasir 19 Nov 2025,Cash,OUT,90000.0,Transfer_Internal
pembayaran psn online shopeefood #8323,Transfer,IN,95000.0,Revenue
pembyrn 320078 uang lembur Anwar,Bank_Mutation,OUT,2700000.0,Operating_Expense
TRSF DB 04/06 POTONG REKENING MUAMALAT ANGSURAN - 12 SEP 8500000.00,Bank_Mutation,OUT,8500000.0,Financing
bayar qris bayar air maret,QRIS,OUT,105000.0,Operating_Expense
Faktur INV-2026/0092 lunas order reseller Rina Hamzah,Invoice,IN,2400000.0,Revenue
SETORAN 158738 TERIMA RP10.000 DR PT FAJAR,Bank_Mutation,IN,10000.0,Revenue
TRF LLG CR PENERIMAAN MDL MITRA USAHA LINA LAKORO,Bank_Mutation,IN,29000000.0,Financing
kirim uang ke agen Mulyadi,Transfer,OUT,4100000.0,COGS
QRIS MEJA 4 IKAN TUNA JULI,QRIS,IN,23000.0,Revenue
pnjualan barang elektronik kecil ke bu ismail lunas cash,Cash,IN,43000.0,Revenue
DEBET 0211/FTFVA/WS79951 UPAH HARIAN ISMAIL REF 562447 1600000.00,Bank_Mutation,OUT,1600000.0,Operating_Expense
bi-fast belanja sabun cair pagi 12/04/26,Transfer,OUT,190000.0,COGS
BI-FAST bayar tghn bulanan First Media 10/08,Transfer,OUT,495000.0,Operating_Expense
Tarik tnai rekening usaha Permata,Cash,IN,1670000.0,Transfer_Internal
AGS POKOK KSP BINA SEJAHTERA JUNI,Bank_Mutation,OUT,14000000.0,Financing
endorse selebgram lokal,Cash,OUT,600000.0,Operating_Expense
nota #15814 refund tidak diketahui asalnya,Invoice,IN,18000.0,Other
TRSF E-BANKING DB KOMISI GRABFOOD ORDER NT-6490,Bank_Mutation,OUT,5000.0,Operating_Expense
Bayar Indihome 314300 - 20-05-2026,Cash,OUT,314300.0,Operating_Expense
TRSF CR NET SETTLEMENT QRIS 24/06/25 A.N ZULKIFLI HALIM,Bank_Mutation,IN,200000.0,Revenue
KR OTOMATIS 0506/FTSCY/WS18447 pinjaman keluarga Ibu Hendra modal usaha 15400000.00,Bank_Mutation,IN,15400000.0,Financing
faktur po5190 restock etalase lampu led,Invoice,OUT,16000000.0,COGS
TRSF E-BANKING CR PINJAMAN LUNAK DARI HAJI HAMDAN,Bank_Mutation,IN,1350000.0,Financing
PENARIKAN TUNAI TELLER BRI,Cash,IN,1490000.0,Transfer_Internal
kak sartika kirim uang beli souvenir tgl 16/08,Transfer,IN,70000.0,Revenue
AUTODEEBT pmb pokok pinjaman BPR Sultra Mandiri,Bank_Mutation,OUT,5800000.0,Financing
"uang tunai kemasan paper bag habis, beli 1 lusin",Cash,OUT,600000.0,COGS
KAS: BIAYA ADM LAIN,Cash,IN,21000.0,Other
Trf masuk pinjam modal ke Dewi Ndoke,Transfer,IN,1650000.0,Financing
qr by jasa pengemasan dibayar bu indra a.n sri kurniawan,QRIS,IN,600000.0,Revenue
pdam desember,Cash,OUT,1406500.0,Operating_Expense
M-banking masuk pelunasan order reseller bu Yanti,Transfer,IN,415000.0,Revenue
PEMBAYARAN MASUK 778Z138 (JUN),Cash,IN,8700.0,Other
TRANSFER KIOS SETIA NT-3642,Bank_Mutation,OUT,3200000.0,COGS
Tunai pelunasan dipercepat KUR Mandiri,Cash,OUT,37905300.0,Financing
TRANSFER KELUAR BIAYA KIRIM PAKET KE PELANGGAN OJEK ONLINE,Bank_Mutation,OUT,28000.0,Operating_Expense
laku udang 6 biji,Cash,IN,290000.0,Revenue
sewa ruko bulanan,Transfer,OUT,8000000.0,Operating_Expense
INVESTASI SURYANI KURNIAWAN UNTUK USAHA BUTIK,Bank_Mutation,IN,18500000.0,Financing
BI-FAST DB 796426 BAYAR CICILAN RP 700.000,Bank_Mutation,OUT,700000.0,Financing
Invoice SO/08/885 bayar listrik Juli,Invoice,OUT,300000.0,Operating_Expense
KR OTOMATIS 05/07 TRF HAERUL SIREGAR BAYAR PSN HAIR COLORING NO.F-411,Bank_Mutation,IN,690000.0,Revenue
TRF LLG DB IKLAN FB ADS SEPTEMBER 16 JUL 2025,Bank_Mutation,OUT,1750000.0,Operating_Expense
Faktur SO/02/895 biaya listrik dan air bulan Maret,Invoice,OUT,550000.0,Operating_Expense
M-BANKING MASUK BIAYA JASA CETAK DIBAYAR PAK ISMAIL,Transfer,IN,24000.0,Revenue
kontrak suplai kacang mete tb wangi desember,Transfer,IN,1000000.0,Revenue
TRSF DB 255082 BAYAR GJ PEAGWAI 3 ORANG,Bank_Mutation,OUT,9000000.0,Operating_Expense
invoice nt-7914 depot sumber baru motor paid,Invoice,IN,190000.0,Revenue
TRF LLG DB 162227 PENARIKAN TUNAI TELLER MANDIRI,Bank_Mutation,OUT,100000.0,Transfer_Internal
bayar ags ke petugas PNM ULaMM,Transfer,OUT,240000.0,Financing
PAYMENT 19/10 MDR QRIS JAUARI 2026 21 NOV 2025,Bank_Mutation,OUT,70000.0,Operating_Expense
TRSF CR 757905 KIRIMAN KELUARGA BULAN JUNI,Bank_Mutation,IN,60000.0,Other
BI-FAST PENGELUARAN PRIBADI PEMILIK RP 10.000,Transfer,OUT,10000.0,Other
PENERIMAAN PEMBIAYAAN KELOMPOK KOPERASI TANI MAKMUR,Bank_Mutation,IN,35000000.0,Financing
BI-FAST DB 0512/FTFVA/WS87132 belanja kebutuhan rumah tangga,Bank_Mutation,OUT,64000.0,Other
order partai fotocopy dari cv sejahtera,Transfer,IN,1570000.0,Revenue
trf masuk pelanggan Mulyadi Rp 838.900 Januari,Transfer,IN,838900.0,Revenue
KAS: PAJAK BUNGA TABUNGAN BTN,Cash,OUT,700000.0,Other
terima trf order partai hiasan dinding dari agen jaya no nt-348,Transfer,IN,3650000.0,Revenue
uang tunai pelunasan krd mdl kerja permata,Cash,OUT,11000000.0,Financing
Jual keripik pisang cash 2 pcs,Cash,IN,40000.0,Revenue
INV SO/02/956 PEMBAYARAN DITERIMA FITRI IBRAHIM,Invoice,IN,15000000.0,Revenue
maintenance printer bulanan,QRIS,OUT,1150000.0,Operating_Expense
PEMBAYARAN TRANSFER KE TABUNGAN USAHA MUAMALAT,Bank_Mutation,OUT,1700000.0,Transfer_Internal
TRSF E-BANKING CR 04/05 TOKOPEDIA WITHDRAW HASIL JUALAN MINYAK GORENG,Bank_Mutation,IN,440000.0,Revenue
pendapatan pesanan ulang tahun bu lestari,Transfer,IN,2748400.0,Revenue
SETORAN 10/06 PINJ USAHA TAHAP 3 CAIR KOPERASI TANI MAKMUR 29000000.00,Bank_Mutation,IN,29000000.0,Financing
Dana masuk dr rekening sendiri no.SO/07/007,Transfer,IN,1700000.0,Transfer_Internal
Penerimaan kas penjualan ikan tuna 22 Jan 2026,Cash,IN,784000.0,Revenue
TRSF E-BANKING CR 2811/LLG/WS93594 KIRIMAN KELUARGA PERIODE JAN - 10/05/25,Bank_Mutation,IN,3200000.0,Other
BAGI HASIL TABUNGAN PERMATA BULAN JANUARI,Transfer,IN,80000.0,Other
KREDIT 28/05 DANA KUR MASUK JULI A.N BU NURUL,Bank_Mutation,IN,34000000.0,Financing
biaya kirim bahan baku snack,Cash,OUT,50000.0,COGS
biaya angkut stok 18/08/26 a.n sartika halim,Invoice,OUT,1400000.0,COGS
BI-FAST DB kado ulang tahun Rahmat Ibrahim,Bank_Mutation,OUT,46000.0,Other
TRF MASUK OVERBOOKING REK SENDIRI DR CIMB NIAGA,Transfer,IN,1000000.0,Transfer_Internal
ONGKOS KRM PEMBELIAN SHAMPOO PROFESIONAL,Cash,OUT,50000.0,COGS
M-BANKING BIAYA MARKETING JUL,Transfer,OUT,32800.0,Operating_Expense
pembayaran qris transfer keluar tgl 11 feb 2026,QRIS,OUT,1250000.0,Other
SETORAN 16/05 HADIAH UNDIAN,Bank_Mutation,IN,215300.0,Other
Terima trf overbooking rek sendiri dari Bank Sultra,Transfer,IN,205000.0,Transfer_Internal
top up saldo linkaja usaha dari rek permata,Transfer,OUT,12000000.0,Transfer_Internal
Stok barang dagangan gas elpiji 3kg tabung isi no.A622290,Transfer,OUT,700000.0,COGS
trf upah harian kurir,Transfer,OUT,3150000.0,Operating_Expense
BI-FAST DB 1007/FTSKN/WS52516 DENDA TILANG,Bank_Mutation,OUT,233000.0,Other
TRANSFER MASUK 12/10 DANA MASUK DARI CIMB NIAGA 32500000.00,Bank_Mutation,IN,32500000.0,Financing
Pembayaran ke agen Ismail inv INV-2025/9788 (outlet fashion),QRIS,OUT,15200000.0,COGS
CASH ONGKOS SERVIS KOMPRESOR OKT NO 5073,Cash,OUT,1790000.0,Operating_Expense
kirim bayar angsuran ke petugas pnm ulamm,Transfer,OUT,100000.0,Financing
cash pembayaran 30483063,Cash,OUT,2450000.0,Other
BAYAR TARIK CASH BUAT MDL KEMBALIAN AGU 150000.00,Bank_Mutation,OUT,150000.0,Transfer_Internal
BAYAR PESANAN CAKE POP 2 3 PCS ANDI,Bank_Mutation,IN,3300000.0,Revenue
trf masuk terima rp33rb dr arman,Transfer,IN,33000.0,Revenue
transfer pnm mekaar rp 27.000.000 no #52289,Cash,IN,27000000.0,Financing
Belanja bahan harain ikan dari nelayan & garam ikan ref 42941923,Transfer,OUT,50000.0,COGS
Tf Danamon ke BSI Rp4.800.000 ref 765Z829,Transfer,OUT,4800000.0,Transfer_Internal
trf masuk penarikan saldo penual ShopeeFood,Transfer,IN,153000.0,Revenue
transfer keluar rp80rb tanpa catatan 1101,Transfer,OUT,80000.0,Other
PEMBAYARAN BIAYA TRANSFER ANTAR BANK,Bank_Mutation,OUT,285300.0,Operating_Expense
Pmbyrn plg Jamal ke rek usaha es kopi,Transfer,IN,250000.0,Revenue
Penjualan tunai jilbab no L986472,Cash,IN,70000.0,Revenue
Bhn baku ragi instan,Cash,OUT,2700000.0,COGS
TRANSFER KELUAR 0101/BIFAST/WS17475 PENARIKAN TNAI TELLER BTN A.N BAHAR,Bank_Mutation,OUT,238700.0,Transfer_Internal
faktur penjualan #31644 - glang - 20/12,Invoice,IN,325000.0,Revenue
SERVIS GENSET,Transfer,OUT,500000.0,Operating_Expense
DB SWITCHING pembayaran pokok pinj Bank Sultra,Bank_Mutation,OUT,3399900.0,Financing
SETTLEMENT QRIS 11 DES 2025,QRIS,IN,19400.0,Revenue
TRF LLG DB tarik tnai rek usaha Muamalat,Bank_Mutation,OUT,1500000.0,Transfer_Internal
top up saldo linkaja usaha dari rek btn tgl 10 jun,QRIS,OUT,256000.0,Transfer_Internal
TF THR KARYAWAN SEP,Transfer,OUT,400000.0,Operating_Expense
uang tunai belanja pribadi 14 agu 2025,Cash,OUT,700000.0,Other
settlement QRIS 8 Agu 2026,QRIS,IN,6300.0,Revenue
TRSF DB BIAYA LISTRIK DAN AIR DESEMBER A.N BAHAR MANSUR,Bank_Mutation,OUT,2200000.0,Operating_Expense
cash kontrak sulai dodol PT Laut Biru Utama periode Feb,Cash,IN,1400000.0,Revenue
pindah dana 354.000 - 10-01-2026,Transfer,IN,354000.0,Transfer_Internal
nota k834610 pelunasan dipercepat kur danamon,Invoice,OUT,860000.0,Financing
invoice pnjualan roti manis bln mei,Invoice,IN,968600.0,Revenue
pembayaran qris pulsa operasional rp 250.000,QRIS,OUT,250000.0,Operating_Expense
retriubsi pasar periode mei,Cash,OUT,10000.0,Operating_Expense
pembayaran QRIS infaq masjid,QRIS,OUT,405000.0,Other
bayar swa ruko ke PT Setia Pangan,Cash,OUT,4200000.0,Operating_Expense
Trf agen Anwar Rp2.330.000,Transfer,OUT,2330000.0,COGS
Bayar cash hasil jualan kentang goreng sore ini no INV-2025/7380,Cash,IN,20000.0,Revenue
pindah buku BTN ke Muamalat sendiri tgl 13 Sep,Transfer,OUT,1200000.0,Transfer_Internal
invoice #61910 autodebet angsuran bpr mitra kolaka no.so/05/424,Invoice,OUT,109600.0,Financing
Ongkos kurir 1109,Cash,OUT,10500.0,Operating_Expense
TERIMA TRF PENCAIRAN DANA PENJUALAN BLIBLI,Transfer,IN,65000.0,Revenue
beli kancing dan resleting grosir 1 paket,Transfer,OUT,3865100.0,COGS
bayar cash cicilan pegadaian,Cash,OUT,5500000.0,Financing
AUTODEBET KEMBALIKAN UANG 6RB TANPA KETERANGAN 6000.00,Bank_Mutation,OUT,6000.0,Other
Bayar cash hasil dagang 05/08/26,Cash,IN,1004600.0,Revenue
terima trf setoran tidak teridentifikasi (mar),Transfer,IN,6000000.0,Other
adjustment 7870,QRIS,OUT,50000.0,Other
CR SWITCHING 26/04 transfer dari giro usaha ke rekening Danamon,Bank_Mutation,IN,2400000.0,Transfer_Internal
TAMBAH UANG KEMBALIAN LACI KASIR,Cash,IN,100000.0,Transfer_Internal
Angsuran Agu,Cash,OUT,1100000.0,Financing
pengembalian uang 19/04,Transfer,IN,39000.0,Other
pesanan katering mira acara perpisahan kelas,Transfer,IN,12900000.0,Revenue
tf upah mbak Haerul minggu 3,Transfer,OUT,470000.0,Operating_Expense
nota agen haerul tgl 0803 kecap dan saus,Invoice,OUT,1400000.0,COGS
Setor cash 500.000,Cash,OUT,500000.0,Transfer_Internal
UANG TUNAI ANGSURAN KOPERASI NELAYAN BAHARI 11 DES 2025,Cash,OUT,550000.0,Financing
tambah stok brg pecah belah 3 dus,QRIS,OUT,90000.0,COGS
BI-FAST DB 107052 ARISAN RT MEI,Bank_Mutation,OUT,54000.0,Other
pelanggan bayar tas rotan pakai QRIS OVO a.n Haji Rahim,QRIS,IN,95000.0,Revenue
TRSF DB 1802/FTFVA/WS21616 BIAYA ATM BULANAN PERMATA (JANUARI 2026),Bank_Mutation,OUT,17000.0,Operating_Expense
pelanggan bayar creambath pakai QRIS OVO,QRIS,IN,100000.0,Revenue
Trf Koperasi Sejahtera Bersama 20jt,Cash,OUT,20000000.0,Financing
BAYAR LES ANAK,Transfer,OUT,275000.0,Other
KEMBALIKAN UANG RP5.000 TANPA KETERANGAN,Cash,OUT,5000.0,Other
Transfer antar rekening sendiri BSI-BNI a.n Wa Ode Sari Abdullah,Transfer,OUT,3200000.0,Transfer_Internal
TRANSFER KELUAR 1211/FTFVA/WS37321 TRF KE GROSIR GEMILANG 5.000.000 (WARUNG KELONTONG),Bank_Mutation,OUT,5000000.0,COGS
Transfer cetak stiker label produk bermerk,Transfer,OUT,84000.0,COGS
cash pelunasan dipercepat kur bni,Cash,OUT,3000000.0,Financing
faktur po6961 langganan notion september,Invoice,OUT,300000.0,Operating_Expense
DEBET BAYAR PELAYAN BULAN FEBRUARI A.N HAERUL 1500000.00,Bank_Mutation,OUT,1500000.0,Operating_Expense
Uang cash listrik rumah pribadi November,Cash,OUT,2438900.0,Other
STOK BARANG DAGANGAN KEJU PARUT,Cash,OUT,116900.0,COGS
Penjualan cash alat tulis,Cash,IN,17000.0,Revenue
m-banking cicilan bmt al-amin no nt-4346,Transfer,OUT,600000.0,Financing
KREDIT 0908/BIFAST/WS47076 CAIR 740K MANDIRI 13 JUL 2025,Bank_Mutation,IN,740000.0,Financing
pindahkan uang laci ke kas besar 25-08-2025,Cash,OUT,357000.0,Transfer_Internal
gaji kapster bulan Januari,Transfer,OUT,900000.0,Operating_Expense
BI-FAST DB TARIK TUNAI REKENING USAHA BCA TGL 12 JUN 2025 420000.00,Bank_Mutation,OUT,420000.0,Transfer_Internal
pembayaran xl 24 jun,Transfer,OUT,100000.0,Operating_Expense
m-banking masuk byr rokok dr laode rusman tamrin via bsi,Transfer,IN,7000000.0,Revenue
pindah saldo DANA ke rek BSI sendiri,Transfer,IN,76000.0,Transfer_Internal
terima trf droping PNM Mekaar tgl 3,Transfer,IN,3050000.0,Financing
trf thr karyawan bulan april - 1704,Transfer,OUT,5500000.0,Operating_Expense
DB SWITCHING sewa kios November (usaha perikanan),Bank_Mutation,OUT,17000000.0,Operating_Expense
PAYMENT 07/02 BIAYA KIRIM BAHAN BAKU KARDUS DAN LAKBAN 650000.00,Bank_Mutation,OUT,650000.0,COGS
biaya kirim bhn baku kertas foto,Transfer,OUT,900000.0,COGS
Nota INV-2025/5440 kembalikan uang Rp200.000 tanpa ket tgl 20,Invoice,OUT,200000.0,Other
Transfer ke rekening lain milik sendiri,Transfer,OUT,9300000.0,Transfer_Internal
PAYMENT 892822 DP order cream rambut ke agen La Ode Ahmad,Bank_Mutation,OUT,2500000.0,COGS
setoran cash,Cash,OUT,2500000.0,Transfer_Internal
kulakan deterjen 5 karton juli 2025,Transfer,OUT,1500000.0,COGS
M-BANKING MASUK PENERIMAAN PEMBIAYAAN KELOMPOK BPR MITRA KOLAKA,Transfer,IN,2480000.0,Financing
PAYMENT 373659 BAYAR WIFI.ID RP210RB 210000.00,Bank_Mutation,OUT,210000.0,Operating_Expense
TF agen Nurhayati 20jt,Transfer,OUT,20000000.0,COGS
Uang cash gaji Irfan Mar,Cash,OUT,610000.0,Operating_Expense
BI-FAST pembelian kotak nasi & standing pouch,Transfer,OUT,114000.0,COGS
kas kecil masuk dr brankas ref 865y537,Cash,IN,1169700.0,Transfer_Internal
Scan QRIS kirim ke Lina Syam,QRIS,OUT,50000.0,Other
Nota INV-2026/6338 internet bulanan wifi.id,Invoice,OUT,840000.0,Operating_Expense
TRF LLG DB BAYAR CICILAN PINJAMAN KSP BINA SEJAHTERA 315100.00,Bank_Mutation,OUT,315100.0,Financing
DEBET ANGSURAN KUR BRI BULAN 10,Bank_Mutation,OUT,310000.0,Financing
pengembalian dana investor Nurhayati Wijaya 15/01,Cash,OUT,600000.0,Financing
cicilan krd modal kerja CIMB Niaga (bulan Agustus),Cash,OUT,16000000.0,Financing
kirim ke rekening sendiri danamon,Transfer,OUT,190000.0,Transfer_Internal
TF bayar kekurangan garam dan penyedap CV Berkah Andalan,Transfer,OUT,13000000.0,COGS
ongkos servis lampu toko juni,Cash,OUT,800000.0,Operating_Expense
bayar invoice NT-4084 Kak Yunus,Transfer,IN,7000000.0,Revenue
TT MASUK 646794 PAYOUT GRABFOOD PENJUALAN ES BATU,Bank_Mutation,IN,335000.0,Revenue
mutasi keluar ke tabungan dana cadangan,Transfer,OUT,180000.0,Transfer_Internal
PEMBELIAN BARANG DAGANG APRIL,Transfer,OUT,250000.0,COGS
DB SWITCHING 623718 BAYAR AGEN SURYA UNTUK SABUN CAIR 1400000.00,Bank_Mutation,OUT,1400000.0,COGS
kirim bayar les anak,Transfer,OUT,1350000.0,Other
pembelian stock dr agen sri,Transfer,OUT,225000.0,COGS
setor tunai ke rekening BSI Februari 2025,Cash,OUT,669100.0,Transfer_Internal
PENDAPATAN HRN WARUNG 21/04,Cash,IN,25000.0,Revenue
TRANSFER MASUK UANG MUKA ROTI HASAN REF 675Y774,Bank_Mutation,IN,850000.0,Revenue
TRF LLG DB BBM KENDARAAN USAHA 28/06,Bank_Mutation,OUT,20000.0,Operating_Expense
UANG TUNAI KULAK TINTA PRINTER 1 SET,Cash,OUT,110000.0,COGS
Setoran tunai rek usaha BNI,Cash,OUT,21800000.0,Transfer_Internal
bhn baku shampoo profesional,Cash,OUT,15000.0,COGS
bayar cash beli pel dan pembersih kios ikan segar (September),Cash,OUT,5000.0,Operating_Expense
QRIS ATK kantor tk sembako tgl 0811,QRIS,OUT,2700000.0,Operating_Expense
TRANSFER KELUAR 0606/FTSKN/WS55967 iklan FB ads periode Jan,Bank_Mutation,OUT,22000.0,Operating_Expense
Kas: THR karyawan Maret 2025,Cash,OUT,2900000.0,Operating_Expense
tunai angsuran kredit Muamalat Nov,Cash,OUT,350000.0,Financing
transaksi tidak dikenal tgl 16/02/26,Cash,OUT,18000.0,Other
trf bayar petani andi untuk pupuk urea tgl 27-01-2025,Transfer,OUT,21658100.0,COGS
tf cicil pembayaran barang ud pelangi,Transfer,OUT,320000.0,COGS
AUTODEBET 09/12 BY ADM USAHA MARET 2026,Bank_Mutation,OUT,20000.0,Operating_Expense
BAYAR 185433 TRF ANTAR REK SENDIRI BSI-BANK SULTRA,Bank_Mutation,OUT,6500000.0,Transfer_Internal
DEBET LISTRIK BENGKEL 22/09/26 600000.00,Bank_Mutation,OUT,600000.0,Operating_Expense
Kas: angsuran pokok KUR BSI periode Agu,Cash,OUT,410000.0,Financing
BBM kendaraan usaha 5-07-2025,Transfer,OUT,1500000.0,Operating_Expense
modal awal kasir 10-02-2026,Cash,IN,3910000.0,Transfer_Internal
iuran kebersihan jan,Transfer,OUT,19700.0,Operating_Expense
Kas: TB Tiga Saudara 190000 a.n Firman Baso,Cash,OUT,190000.0,COGS
QRIS kirim ke Safitri no.F-423,QRIS,OUT,300000.0,Other
QR adjustment 6463,QRIS,OUT,231200.0,Other
TRSF DB AUTODEBET KSP MITRA USAHA 4700000.00,Bank_Mutation,OUT,4700000.0,Financing
pencairan dana penjualan GoFood,Transfer,IN,313000.0,Revenue
INV 4718 TOKEN LISTRIK TK F-742,Invoice,OUT,700000.0,Operating_Expense
TF bayar PLN 23/03 ref R38689,Transfer,OUT,200000.0,Operating_Expense
BI-FAST bayar KUR BSI 1200000,Transfer,OUT,1200000.0,Financing
DEBET SWA RUKO BULANAN,Bank_Mutation,OUT,4600000.0,Operating_Expense
Bayar QRIS by adm usaha periode Apr,QRIS,OUT,255000.0,Operating_Expense
DEBET 783817 UANG KELUAR TANPA NOTA (BULAN MARET),Bank_Mutation,OUT,6000.0,Other
pulsa dan paket data x2 qris,QRIS,IN,18000.0,Revenue
AUTODEBET TARIK TUNAI ATM CIMB NIAGA 9000000.00,Bank_Mutation,OUT,9000000.0,Transfer_Internal
DANA TITIPAN 150RB TGL 6 SEP 2025,Bank_Mutation,IN,150000.0,Other
TRANSFER KELUAR KEMBALIKAN UANG RP 600.000 TANPA KET,Bank_Mutation,OUT,600000.0,Other
TRSF DB TARIK TUNAI UTK KAS KECIL,Bank_Mutation,OUT,2500000.0,Transfer_Internal
trf masuk terima pembayaran jasa isi pulsa,Transfer,IN,880000.0,Revenue
QR PINDAH DANA REK BCA KE SALDO DANA USAHA,QRIS,OUT,70000.0,Transfer_Internal
uang tunai honor rahim bulan desember,Cash,OUT,7500000.0,Operating_Expense
ongkos angkut santan kelapa dari depot utama,Cash,OUT,323000.0,COGS
Pmbyrn QRIS setoran tidak teridentifikasi,QRIS,IN,1950000.0,Other
PNM Mekaar cair 27000000 tgl 2-05-2025,Transfer,IN,27000000.0,Financing
bayar cash order katering pelanggan satika acara rapat kantor,Cash,IN,246000.0,Revenue
Faktur pembelian rokok agen Fitri,Invoice,OUT,6000000.0,COGS
Hasil sewa barista 23-03-2026,Transfer,IN,301800.0,Revenue
Pmb QRIS dr Hendra utk lampu LED,QRIS,IN,326000.0,Revenue
CR SWITCHING 1212/FTFVA/WS63495 DEPOSIT OMZET HARIAN DANAMON,Bank_Mutation,IN,260000.0,Transfer_Internal
tf antar rekening milik sendiri,Transfer,IN,39000000.0,Transfer_Internal
Bayar cash upah antar jemput laundry 6 Nov 2025 tgl 6 Nov 2025,Cash,IN,900000.0,Revenue
ISI SALDO LINKAJA BISNIS,Transfer,OUT,6000000.0,Transfer_Internal
QRIS SHOPEEPAY PELANGGAN LAMPU LED,QRIS,IN,170000.0,Revenue
PEMBYRN 08/12 UANG JAJAN ANAK,Bank_Mutation,OUT,170000.0,Other
KR OTOMATIS CAIR RP 325.300 BSI NO NT-3932,Bank_Mutation,IN,325300.0,Financing
By berobat keluarga - 14/08,Transfer,OUT,39500.0,Other
cash dana kur masuk bulan februari,Cash,IN,10000000.0,Financing
Pengembalian dana transaksi INV-2025/7295,Cash,OUT,3000000.0,Other
BAYAR PETANI SITI UNTUK BENIH JAGUNG,Bank_Mutation,OUT,1200000.0,COGS
nota beli f-955 ud indah sabun mandi 21/03,Transfer,OUT,730000.0,COGS
PEMBAYARAN 587389 TARIK TUNAI BUAT MODAL KEMBALIAN,Bank_Mutation,OUT,1700000.0,Transfer_Internal
Inv 0161 pengembalian dana transaksi F-056,Invoice,OUT,50000.0,Other
TRSF E-BANKING CR SETOR CASH KE REK USAHA 1105,Bank_Mutation,IN,2050000.0,Transfer_Internal
SETORAN DANA KUR MASUK AGUSTUS 15000000.00,Bank_Mutation,IN,15000000.0,Financing
Kesalahan input M146730 bulan Mei,Cash,OUT,95000.0,Other
Tnai disetor ke rek BRI sendiri,Cash,OUT,11851500.0,Transfer_Internal
DEBET 13/09 TARIK TUNAI UTK KAS KECIL,Bank_Mutation,OUT,1150000.0,Transfer_Internal
Blibli - dana pjl diteruskan,Transfer,IN,65000.0,Revenue
AUTODEBET 25/10 PINDAH DANA REK BTN KE REK PERMATA USAHA,Bank_Mutation,OUT,21500000.0,Transfer_Internal
qr bayar kios lancar styrofoam box ikan 10 pcs (usaha perikanan),QRIS,OUT,18000000.0,COGS
PAYMENT BAYAR HJ. RUSDI 1846000.00,Bank_Mutation,OUT,1846000.0,Other
KREDIT 552174 TITIPAN BUDI LAKORO,Bank_Mutation,IN,4500000.0,Other
tarik saldo shopeepay usaha ke rkg btn,Transfer,IN,1500000.0,Transfer_Internal
NOTA PEMINDAHAN DANA ANTAR KAS PO4135,Invoice,IN,1730000.0,Transfer_Internal
NOTA PEMBELIAN A176969 AGEN SUKRI KEJU PARUT,Invoice,OUT,3700000.0,COGS
TRSF E-BANKING DB 23/12 LISTRIK COFFEE SHOP 1308,Bank_Mutation,OUT,25000.0,Operating_Expense
pembayaran gelang untuk ulang tahun - saldi,Invoice,IN,2890000.0,Revenue
NOTA PASAR SENTRAL RAHA TGL 11 NOV 2025 GARAM DAN PENEYDAP,Invoice,OUT,2100000.0,COGS
Faktur #54688 Fadli es kopi lunas (Apr),Invoice,IN,2300000.0,Revenue
DEBET koreksi transaksi SO/12/124,Bank_Mutation,OUT,2000000.0,Other
penutupan pnjmn bpr mitra kolaka f-076,Transfer,OUT,455000.0,Financing
TRF KE TOKO CAHAYA,Bank_Mutation,OUT,390000.0,COGS
TRF LLG DB BENSIN 15/01 1101100.00,Bank_Mutation,OUT,1101100.0,Operating_Expense
tunai uang lembur tasrif,Cash,OUT,2950000.0,Operating_Expense
BI-FAST DB 778501 UANG SAKU KELUARGA,Bank_Mutation,OUT,203000.0,Other
bayar dress scan QRIS tgl 8 Feb,QRIS,IN,135000.0,Revenue
retribusi pasar sep,Cash,OUT,250000.0,Operating_Expense
Faktur #50784 Pak Herman foto produk lunas ref U69229,Invoice,IN,16400000.0,Revenue
tiket mudik kluarga,Transfer,OUT,13000.0,Other
prive mar,Transfer,OUT,85000.0,Other
TRSF E-BANKING CR CAIR PINJAMAN PNM MEKAAR AKAD 4970,Bank_Mutation,IN,29000000.0,Financing
TRF KELUAR PEMBYRN AGEN JUMRIAH 05/03,Bank_Mutation,OUT,1800000.0,COGS
pelaggan Bahar Sari lunas,Transfer,IN,7000000.0,Revenue
nota mutasi kas internal e447468,Invoice,OUT,7500000.0,Transfer_Internal
ANGSURAN KE-4 PINJMAN PNM ULAMM NO INV-2026/0373,Bank_Mutation,OUT,7302000.0,Financing
TRSF CR 02/05 investasi Dewi untuk usaha salon muslimah,Bank_Mutation,IN,2060000.0,Financing
freight stok agen arman,Cash,OUT,30500.0,COGS
Nota INV-2026/1510 tagihan TB Mitra Lancar SO/11/619 bahan produksi,Invoice,OUT,320000.0,COGS
TARIK CASH,Bank_Mutation,OUT,1000000.0,Transfer_Internal
PEBYRN POKOK PNJMN BPR SULTRA MANDIRI,Cash,OUT,605500.0,Financing
QRIS servis laptop kerja,QRIS,OUT,35000.0,Operating_Expense
TRF LLG CR 2603/FTSCY/WS17993 PEMBAYARAN PESANAN ONLINE SHOPEEFOOD INV-2026/9493,Bank_Mutation,IN,2050000.0,Revenue
PAYMENT 2810/BIFAST/WS72425 AMBIL BARANG SUSU KENTAL MANIS DARI PT SUMBER BARU 3 DUS 480000.00,Bank_Mutation,OUT,480000.0,COGS
Transfer masuk cair saldo Lazada tgl 15,Transfer,IN,890000.0,Revenue
kas: deposit omzet harian BNI no.1131,Cash,OUT,9000000.0,Transfer_Internal
Cash pengembalian pajak,Cash,IN,150000.0,Other
belanja bahan banner pagi 1 Sep 2025,Cash,OUT,1790000.0,COGS
sabun cuci lantai & pembersih,Transfer,OUT,548100.0,Operating_Expense
Penerimaan kas jual dress 28/06/25 tgl 28/06/25,Cash,IN,45000.0,Revenue
trf masuk dana masuk dari rek utama ke rkg opersional,Transfer,IN,225000.0,Transfer_Internal
belanja mentega dan gula halus,Cash,OUT,62000.0,COGS
m-banking angsuran pinjaman modal ke Mbak Yusuf,Transfer,OUT,900000.0,Financing
Invoice NT-3122 bayar agen Vina untuk krim facial,Invoice,OUT,1020000.0,COGS
QR penerimaan 2354 a.n Anwar Utami,QRIS,IN,100000.0,Other
modal masuk dari Ridwan Tamrin bagi hasil,Bank_Mutation,IN,4800000.0,Financing
autodebet angs pnm mekaar,Cash,OUT,2890000.0,Financing
CASHBACK GOPAY,Bank_Mutation,IN,7000000.0,Other
QR ongkos pengerjaan desain grafis tgl tgl 5,QRIS,IN,306000.0,Revenue
DEBET 05/06 BANNER TOKO BARU,Bank_Mutation,OUT,125000.0,Operating_Expense
belanja bahan hrn biji kopi & cup plastik dan tutup,Cash,OUT,150000.0,COGS
beli sayur dan bawang di pasar,Cash,OUT,1250000.0,COGS
Terima trf cair pinjaman BPR Mitra Kolaka akad INV-2026/2933,Transfer,IN,6035800.0,Financing
tnai tagihan pln november,Cash,OUT,210000.0,Operating_Expense
Invoice #12522 penjualan kue kering kepada Rusdi Malik,Invoice,IN,4800000.0,Revenue
pesanan katering mira suparman acara arisan ibu-ibu,Transfer,IN,6000000.0,Revenue
PEMBAYARAN 1610/FTSCY/WS84685 BAYAR CICILAN PINJAMAN BANK SULTRA,Bank_Mutation,OUT,100000.0,Financing
tf dari rek sendiri 500000 - 13 Sep,Transfer,IN,500000.0,Transfer_Internal
KRD 0612/BIFAST/WS80028 PAYOUT GOFOOD PENJUALAN LAUNDRY EXPRESS,Bank_Mutation,IN,3600000.0,Revenue
pjl tunai soto ayam,Cash,IN,700000.0,Revenue
Jual air galon cash 3 pcs,Cash,IN,75000.0,Revenue
BAYAR CASH PENGEMBALIAN PAJAK,Cash,IN,16000.0,Other
BI-FAST CR bayaran Dewi Baso,Bank_Mutation,IN,9800000.0,Revenue
Terima trf pendapatan order perpisahan kelas bu Tasrif,Transfer,IN,488100.0,Revenue
trf ekspedisi bahan baku agen Wati,Transfer,OUT,455000.0,COGS
Inv C154060 biaya listrik dan air Oktober,Invoice,OUT,1400000.0,Operating_Expense
TT MASUK 26/12 SETORAN TUNAI TELLER MUAMALAT 4361100.00,Bank_Mutation,IN,4361100.0,Transfer_Internal
Invoice INV-2026/3711 restock etalase sabun cair,Invoice,OUT,2100000.0,COGS
Pembayaran QRIS ukiran kayu Erni Kusuma,QRIS,IN,331100.0,Revenue
PEMBAYARAN MAKLON PRODUK 3X,Bank_Mutation,IN,92900.0,Revenue
Tf masuk hadiah undian,Transfer,IN,1480000.0,Other
bayaran made no #70858,Transfer,IN,41000.0,Revenue
TRF MASUK DR TIARA BAYAR ROTI,Transfer,IN,1000000.0,Revenue
stok plastik klip 1 lusin,Cash,OUT,25000.0,COGS
CR SWITCHING SETOR TUNAI KE REK BRI (USAHA ANYAMAN) 10000000.00,Bank_Mutation,IN,10000000.0,Transfer_Internal
Kas: bayar sewa tempat usaha Jan,Cash,OUT,415000.0,Operating_Expense
Saldo tabungan usaha dipindah ke rek Mandiri no.F-285,Transfer,IN,26000000.0,Transfer_Internal
cash kredit cair BNI (toko kue),Cash,IN,2200000.0,Financing
TT MASUK 20/05 kiriman keluarga periode Okt no INV-2025/7417,Bank_Mutation,IN,2100000.0,Other
Pencairan pembiayaan KSP Mitra Usaha utk mdl usaha,Transfer,IN,43000000.0,Financing
trx keluar belum jelas tgl 10 sep,Transfer,OUT,20000.0,Other
TF BAYAR KOS ANAK JANUARI 2026,Transfer,OUT,75000.0,Other
Slip setoran CIMB Niaga INV-2025/7895,Invoice,IN,600000.0,Transfer_Internal
Tunai pmbelian pack plastik pembungkus,Cash,OUT,67000.0,COGS
pencaran kur bni,Transfer,IN,4250000.0,Financing
SCAN QRIS PINDAH DANA REK PERMATA KE SALDO OVO USAHA,QRIS,OUT,160000.0,Transfer_Internal
pbl perlengkapan dapur 2 dus - tgl 23,Transfer,OUT,1400000.0,COGS
pelanggan Tasrif krm uang beli brownies,Transfer,IN,1200000.0,Revenue
kirim bayar first media rp 110.000,Transfer,OUT,110000.0,Operating_Expense
M-banking bayar tagihan supplier agen Rizal,Transfer,OUT,4000000.0,COGS
Pembelian manik-manik untuk galeri kerajinan,Cash,OUT,315000.0,COGS
ONGKOS KIRIM PEMBL MANIK-MANIK,Cash,OUT,23000.0,COGS
kas: order dus ukuran m ke pasar sentral wua-wua,Cash,OUT,850000.0,COGS
PINDAH DANA REK BSI KE REK BANK SULTRA USAHA,Transfer,OUT,600000.0,Transfer_Internal
"DB SWITCHING 773757 TF MUAMALAT KE BNI 3,5JT NO.#79137",Bank_Mutation,OUT,3500000.0,Transfer_Internal
m-banking masuk modal masuk dari melati mansur bagi hasil,Transfer,IN,3460000.0,Financing
Invoice 2726 langganan Zoom,Invoice,OUT,55000.0,Operating_Expense
bayar cash gaji kry september,Cash,OUT,105000.0,Operating_Expense
DEBET bayar agen Rahayu 14300000.00,Bank_Mutation,OUT,14300000.0,COGS
BUNGA GIRO BTN BULAN AGUSTUS,Bank_Mutation,IN,20000.0,Other
qris top up saldo linkaja usaha dari rek mandiri,QRIS,OUT,980000.0,Transfer_Internal
bayar cash pendapatan hrn dapur kue 2802,Cash,IN,500000.0,Revenue
PEMBAYARAN 694101 SEWA LOUNDRY PERIODE AGUSTUS,Bank_Mutation,OUT,3400000.0,Operating_Expense
terima krd usaha raykat mandiri,Cash,IN,9000000.0,Financing
TRSF DB listrik lapak ikan 15/04,Bank_Mutation,OUT,210000.0,Operating_Expense
TRSF E-BANKING CR SETORAN TUNAI NO.NT-2337,Bank_Mutation,IN,1670000.0,Transfer_Internal
realisasi kredit koperasi tani makmur m222645,Transfer,IN,30000000.0,Financing
bayar cash bayar teknisi servis mesin espresso,Cash,OUT,5503700.0,Operating_Expense
denda parkir,Cash,OUT,600000.0,Other
Ongkos servis grinder kopi periode Apr,Transfer,OUT,155000.0,Operating_Expense
Penerimaan permak Rusdi tgl 14 Sep 2025,Transfer,IN,254000.0,Revenue
TRSF DB 1908/BIFAST/WS38071 CICIL PINJAMAN KOPERASI MEI,Bank_Mutation,OUT,700000.0,Financing
UANG TUNAI TRANSAKSI TIDAK DIKENAL NO SO/01/560,Cash,OUT,18000.0,Other
PEMBAYARAN REFUND TIDAK JELAS 900000 900000.00,Bank_Mutation,OUT,900000.0,Other
Uang tnai retribusi lapak 24-01-2026,Cash,OUT,600000.0,Operating_Expense
REFUND TRANSAKSI TIDAK JELAS,Bank_Mutation,IN,55000.0,Other
Tunai bayar teknisi servis oven,Cash,OUT,1797400.0,Operating_Expense
Invoice angsuran PNM Mekaar PO2923 no.PO2923,Cash,OUT,1150000.0,Financing
TUNAI PELANGGAN NASIR - SERVIS BESAR,Cash,IN,160000.0,Revenue
trf hasan wijaya bayar pesanan sagu lempeng (umkm olahan),Transfer,IN,44000.0,Revenue
top up dompet digital usaha DANA ref 62187633,Transfer,OUT,8900000.0,Transfer_Internal
Inv F-384 iklan Facebook April 2025,Invoice,OUT,386000.0,Operating_Expense
bayar waode nia firdaus maret tgl 11/08,Transfer,IN,2140000.0,Revenue
TRF LLG DB 03/10 penarikan tunai teller Muamalat,Bank_Mutation,OUT,312000.0,Transfer_Internal
DB SWITCHING TAGIHAN PLN PERIODE JAN 80000.00,Bank_Mutation,OUT,80000.0,Operating_Expense
QRIS merchant biaya marketing Oktober,QRIS,OUT,2300000.0,Operating_Expense
AUTODEBET 191772 UANG LEMBUR TUKANG SETRIKA REF 372X571,Bank_Mutation,OUT,1700000.0,Operating_Expense
CR SWITCHING SHOPEE - DANA PENJUALAN DITERUSKAN,Bank_Mutation,IN,1000000.0,Revenue
PEMBAYARAN PENYESUAIAN SALDO,Bank_Mutation,OUT,175000.0,Other
TRSF CR 532283 TRANSFER MASUK DARI NILA - 5-07-2026 3420000.00,Bank_Mutation,IN,3420000.0,Revenue
TGH PLN,Bank_Mutation,OUT,149000.0,Operating_Expense
TRANSFER KELUAR PENUTUPAN PNJMN KOPERASI SEJAHTERA BERSAMA NT-4420,Bank_Mutation,OUT,18400000.0,Financing
TRANSFER KELUAR 520706 BELANJA KERTAS NASI 6 BUAH,Bank_Mutation,OUT,2900000.0,COGS
TRF LLG CR 08/12 DROPPING PINJAMAN MDL KERJA,Bank_Mutation,IN,29000000.0,Financing
BI-FAST CR KONTRAK SUPLAI PISANG PT MITRA MEI,Bank_Mutation,IN,900000.0,Revenue
TRSF CR 231847 CR 911X195 TANPA KETERANGAN,Bank_Mutation,IN,460000.0,Other
nota 0371 kembalikan uang 17k tanpa ket,Invoice,OUT,17000.0,Other
kesalahan input f-874,Transfer,IN,102000.0,Other
BI-FAST DB TRF ANTAR REKENING SENDIRI CIMB NIAGA-MANDIRI,Bank_Mutation,OUT,19000000.0,Transfer_Internal
BAYAR CASH RESTOCK TOPLES 500ML DR AGEN WAHYU,Cash,OUT,45500.0,COGS
Isi kas kecil dari reekning,Cash,IN,312700.0,Transfer_Internal
BI-FAST DB PENUTUPAN PINJAMAN BMT AL-AMIN #58863,Bank_Mutation,OUT,10100000.0,Financing
TRSF CR droping BMT Al-Amin 2002,Bank_Mutation,IN,12000000.0,Financing
trx keluar belum jelas (agustus 2025),Cash,OUT,9000.0,Other
kas: hasil dagang tgl 13,Cash,IN,122400.0,Revenue
"bahan ikan tenggiri habis, beli lagi 20 kg",QRIS,OUT,14500.0,COGS
trf salah kirim alfian setiawan,Transfer,IN,506600.0,Other
Kirim bayar Haji Hasan a.n Haji Hasan,Transfer,OUT,85000.0,Other
Invoice INV-2025/8826 bayar cicilan pinjaman KUR BRI,Invoice,OUT,1400000.0,Financing
Cash beli daun pandan anyam grosir 10 ikat tgl 15,Cash,OUT,414000.0,COGS
kulakan rotan 50 kg,Transfer,OUT,20000.0,COGS
Bayar QRIS restock plastik pembungkus dari tk Mitra,QRIS,OUT,28300.0,COGS
TRSF E-BANKING DB 17/06 koreksi transaksi NT-9746,Bank_Mutation,OUT,2500000.0,Other
QR penerimaan jasa panen Budi Suparman,QRIS,IN,45000.0,Revenue
DB SWITCHING 1401/FTSKN/WS93768 PEMBELIAN KOTAK NASI & LABEL HARGA,Bank_Mutation,OUT,315000.0,COGS
CR SWITCHING 12/05 DROPPING PINJAMAN MODAL KERJA,Bank_Mutation,IN,3151600.0,Financing
Krm ke rekening sendiri BNI,Transfer,OUT,1800000.0,Transfer_Internal
cash bayar ojol antar barang,Cash,OUT,150000.0,Operating_Expense
Trf masuk koreksi mutasi 0101,Transfer,IN,500000.0,Other
UANG LEMBUR DARMIN,Cash,OUT,3290000.0,Operating_Expense
Servis lampu toko,Cash,OUT,32000.0,Operating_Expense
TF BAYAR ANWAR TGL 20 AGU 2026,Transfer,OUT,39000.0,Other
m-banking Kios Cemerlang Plastik lunas,Transfer,OUT,20100000.0,COGS
TT MASUK 13/08 QRIS LINKAJA CUST LAMPU LED,Bank_Mutation,IN,6000.0,Revenue
transfer masuk ongkos pengerjaan maklon produk,Transfer,IN,100000.0,Revenue
BELI SPAREPART MOTOR GROSIR 5 ITEM,Transfer,OUT,200000.0,COGS
UPAH HRN KAPSTER,Bank_Mutation,OUT,2800000.0,Operating_Expense
BI-FAST CR SALDO DOMPET DIGITAL USAHA DIPINDAH KE BANK,Bank_Mutation,IN,456000.0,Transfer_Internal
KRD PENJUALAN KERIPIK PISANG KE PENGEPUL UD PRIMA GROSIR,Bank_Mutation,IN,4700000.0,Revenue
TRANSFER KELUAR REFUND N293597 REF 24192499,Bank_Mutation,OUT,800000.0,Other
Bayar air bulan November,Transfer,OUT,2730000.0,Operating_Expense
Invoice PO1623 pembayaran PLN periode Mei,Invoice,OUT,65000.0,Operating_Expense
PEBMAYARAN 06/04 TARIK TUNAI BUAT MODAL KEMBALIAN 4-05-2026,Bank_Mutation,OUT,305000.0,Transfer_Internal
Bhn baku tinta plotter,Cash,OUT,100900.0,COGS
tarik tunai atm bank sultra no.so/02/806,Cash,IN,8000000.0,Transfer_Internal
qris merchant bayar jasa jasa fotokopi dari pelanggan sukri,QRIS,IN,73000.0,Revenue
uang tunai asuransi jiwa pribadi jun,Cash,OUT,280000.0,Other
kembalikan pinjaman ke mbak dedi,Transfer,OUT,250000.0,Financing
trx masuk belum jelas 16 mei 2025,Transfer,IN,4800000.0,Other
kirim pembayaran pokok pinj bpr sultra mandiri,Transfer,OUT,17000000.0,Financing
settlement qris 28-03-2025,QRIS,IN,8000.0,Revenue
TRSF DB TK FAJAR 16.586.100 NO.INV-2026/1368,Bank_Mutation,OUT,16586100.0,COGS
transfer masuk dari cust Budi pmb servis besar,Transfer,IN,12000000.0,Revenue
Penarikan tunai teller CIMB Niaga,Cash,IN,140000.0,Transfer_Internal
trf swa ruko bulanan,Transfer,OUT,800000.0,Operating_Expense
AUTODEBET BIAYA LAYANAN BLIBLI MEI,Bank_Mutation,OUT,245000.0,Operating_Expense
BI-FAST DB TOP UP SALDO SHOPEEPAY USAHA DARI REK BSI,Bank_Mutation,OUT,740000.0,Transfer_Internal
TT MASUK pinjaman dari Tono Malik untuk modal,Bank_Mutation,IN,2400000.0,Financing
Kirim PDAM Juli,Transfer,OUT,900000.0,Operating_Expense
Trf belanja lem kayu pagi 0810,Transfer,OUT,55000.0,COGS
uang tunai laku kopi tubruk 10 biji tgl 22/04,Cash,IN,800000.0,Revenue
TRANSFER KELUAR 11/10 ASURANSI JIWA PRIBADI NOVEMBER 2025 185000.00,Bank_Mutation,OUT,185000.0,Other
"Scan QRIS dana titipan 1,4jt",QRIS,IN,1400000.0,Other
pengembalian dana investor ainun,Cash,OUT,2400000.0,Financing
TRANSFER KELUAR 2112/FTFVA/WS75902 BAYAR WA ODE SARI UPAH KERJA 12/01 NO.#9287,Bank_Mutation,OUT,8200000.0,Operating_Expense
Faktur pbl air mineral agen Wati,Transfer,OUT,900000.0,COGS
belanja pupuk NPK pagi 0806 tgl 0806,Cash,OUT,11000.0,COGS
Transfer bayar PLN Rp899.900 tgl 05/05/26,Transfer,OUT,899900.0,Operating_Expense
trf ke Depot Setia pembelian peralatan rumah tangga,Transfer,OUT,205000.0,COGS
Bukti transfer antar rekening F-297,Invoice,IN,4650000.0,Transfer_Internal
M-BANKING UANG MAKAN KARYAWAN DESEMBER,Transfer,OUT,3670000.0,Operating_Expense
Bayar tagihan XL Agustus,Cash,OUT,100000.0,Operating_Expense
Transfer ekspedisi bahan baku agen Agus (periode Feb),Transfer,OUT,65000.0,COGS
bayar qris koreksi mutasi 9 jun,QRIS,IN,34500.0,Other
ORDER PARTAI SALE PISANG DARI GROSIR SUMBER REJEKI,Bank_Mutation,IN,7000000.0,Revenue
KR OTOMATIS 2806/LLG/WS95617 REVERSAL F-559,Bank_Mutation,IN,1220000.0,Other
TRF LLG CR SETOR TUNAI RP 180.000,Bank_Mutation,IN,180000.0,Transfer_Internal
Unknown trx NT-7989,Cash,IN,64000.0,Other
Trf masuk pinjaman lunak dr Aswin Malik,Transfer,IN,3800000.0,Financing
Modal masuk dari Erni Latif bagi hasil,Transfer,IN,8000000.0,Financing
M-banking gaji asisten bln Januari,Transfer,OUT,7000000.0,Operating_Expense
transfer antar rekening sendiri BNI-Muamalat,Transfer,IN,46700000.0,Transfer_Internal
CR SWITCHING 2503/FTSKN/WS68507 BUKALAPAK - DANA PENJUALAN DITERUSKAN NO F-611,Bank_Mutation,IN,410000.0,Revenue
TRF LANGGANAN GOOGLE WORKSPACE BULAN OKTOBER,Transfer,OUT,35000.0,Operating_Expense
cash jasa sewa barista tb gemilang anugerah lunas,Cash,IN,700000.0,Revenue
BI-FAST CR SUMARNI TF RP23.500 (SEPTEMBER 2025),Bank_Mutation,IN,23500.0,Revenue
cicilan pnm ulamm a.n sartika tamrin,QRIS,OUT,890000.0,Financing
uang tunai stock stiker label produk 10 pcs,Cash,OUT,500000.0,COGS
DB SWITCHING SERVIS TIMBANGAN DIGITAL 34000.00,Bank_Mutation,OUT,34000.0,Operating_Expense
perbaikan atap depot 06/07/26,Transfer,OUT,1500000.0,Operating_Expense
bi-fast bayar gaji pgw 3 orang,Transfer,OUT,1700000.0,Operating_Expense
tarik tunai ATM BSI,Cash,IN,1000000.0,Transfer_Internal
Tf dari rek sendiri 7.500.000 Mei,Transfer,IN,7500000.0,Transfer_Internal
"tnai stock jualan kabel dan colokan habis, tambah 5 lusin",Cash,OUT,63700.0,COGS
QRIS gaji kasir Apr,QRIS,OUT,1650000.0,Operating_Expense
PEMBAYARAN 133271 PELUNASAN NOTA AGEN FITRI E324769,Bank_Mutation,OUT,700000.0,COGS
QRIS beli biji kopi di pasar,QRIS,OUT,18000.0,COGS
Beras 5kg x3 QRIS (Oktober 2025),QRIS,IN,6000.0,Revenue
TRF LLG CR SETOR TUNAI RP460RB,Bank_Mutation,IN,460000.0,Transfer_Internal
tarikan atm bni,Cash,IN,200000.0,Transfer_Internal
Termin pembayaran proyek jahit seragam UD Sejahtera,Transfer,IN,8000000.0,Revenue
QR POTONG REKENING BCA ANGSURAN NO 7520,QRIS,OUT,4700000.0,Financing
qris bhn baku manik-manik,QRIS,OUT,333000.0,COGS
TRF BAYAR AIR MEI 2026,Transfer,OUT,40000.0,Operating_Expense
QRIS masuk penjualan anyaman,QRIS,IN,205000.0,Revenue
Tranfer TB Wangi Plastik A368183,Transfer,OUT,210000.0,COGS
Upah pak Safitri minggu 2,Transfer,OUT,150000.0,Operating_Expense
pmb pokok pembiaaan Bank Sultra 11/09/25,Cash,OUT,3300000.0,Financing
TRF LLG DB 01/03 EKSPEDISI BAHAN BAKU AGEN REZEKI PANGAN,Bank_Mutation,OUT,110000.0,COGS
Transfer Invoice grosir Cahaya C220815 vernis (galeri kerajinan),Transfer,OUT,4300000.0,COGS
pengembalian dana transaksi #97350,Cash,OUT,239800.0,Other
TRANSFER MASUK PENCAIRAN SALDO TIKTOK SHOP TGL 28,Bank_Mutation,IN,670000.0,Revenue
PEMBAYARAN UANG MAKAN KARYAWAN PERIODE OKT,Bank_Mutation,OUT,136100.0,Operating_Expense
SETORAN 101625 SETORAN CASH,Bank_Mutation,IN,110000.0,Transfer_Internal
m-banking pembayaran angsuran pembiayaan f-302 no.f-302,Transfer,OUT,215000.0,Financing
TRF LLG DB 14/03 SPONSOR EVENT AQIQAH 260000.00,Bank_Mutation,OUT,260000.0,Operating_Expense
TRF LLG DB 23/09 ANGS PIJNAMAN KSP MITRA USAHA KE-12,Bank_Mutation,OUT,4100000.0,Financing
transfer masuk penjualan ikan tongkol ke pengepul UD Utama no K344810,Transfer,IN,4350000.0,Revenue
bi-fast pembayaran grosir bersama 19 jul - 19 jul,Transfer,OUT,3400000.0,COGS
trf bunga kredit Muamalat periode Okt,Transfer,OUT,700000.0,Financing
AUTODEBET 748528 TRANSFER ANTAR REKENING SENDIRI MANDIRI-MUAMALAT,Bank_Mutation,OUT,24000000.0,Transfer_Internal
BI-FAST DB TOP UP DOMPET DIGITAL USAHA LINKAJA,Bank_Mutation,OUT,2820000.0,Transfer_Internal
cash dana masuk tanpa keterangan no inv-2026/3668,Cash,IN,15000.0,Other
TRSF E-BANKING CR 19/06 ONGKOS PENGERJAAN LAYANAN PANGGILAN APRIL,Bank_Mutation,IN,3400000.0,Revenue
terima trf pembayaran pesanan ganti aki - Bu Dewi,Transfer,IN,1257100.0,Revenue
Gaji kasir Des ref C40738,Cash,OUT,140000.0,Operating_Expense
Transfer pembayaran Rp7rb,Transfer,OUT,7000.0,Other
penjualan tgl 13 QRIS nasi kuning,QRIS,IN,30000.0,Revenue
m-banking masuk withdraw saldo shopeepay usaha,Transfer,IN,250000.0,Transfer_Internal
setor tunai 70rb,Cash,OUT,70000.0,Transfer_Internal
TRSF KELUAR RP 70.000 TANPA CATATAN (KAFE KECIL),Cash,OUT,70000.0,Other
TRANSFER KELUAR 16/03 SEWA LAPAK PASAR NOVEMBER 2025,Bank_Mutation,OUT,1000000.0,Operating_Expense
BI-FAST DB BELANJA STIKER LABEL PRODUK 1 SET,Bank_Mutation,OUT,275000.0,COGS
uang tunai beli box kue utk produk tgl tgl 1,Cash,OUT,1500000.0,COGS
"kemasan paper bag habis, beli 20 pcs",QRIS,OUT,3700000.0,COGS
bi-fast bayar first media apr,Transfer,OUT,2020000.0,Operating_Expense
TRF LLG DB 12/07 TIKET MUDIK KELUARGA,Bank_Mutation,OUT,705800.0,Other
Pindah dana rek Danamon ke rek BSI usaha,Transfer,OUT,4000000.0,Transfer_Internal
TRSF CR 1505/FTSKN/WS38389 TRF NURHAYATI MALIK BAYAR PESANAN LAMPU LED,Bank_Mutation,IN,410000.0,Revenue
pnidahkan uang laci ke kas besar tgl 20,Cash,OUT,600000.0,Transfer_Internal
trf masuk modal kemitraan waode nia abdullah,Transfer,IN,22500000.0,Financing
tambah stok kertas art carton 3 rim,Cash,OUT,90000.0,COGS
AUTODEBET SUMBANGAN HAJATAN AINUN BADO,Bank_Mutation,OUT,4550000.0,Other
Inv NT-1268 refund masuk NT-9884,Invoice,IN,124600.0,Other
KREDIT TRANSFER KUR BRI 3.320.000,Bank_Mutation,IN,3320000.0,Financing
tf dr rek sendiri 17000000,Transfer,IN,17000000.0,Transfer_Internal
PEMBAYARAN PINDAH DANA REK CIMB NIAGA KE SALDO OVO USAHA,Bank_Mutation,OUT,90000.0,Transfer_Internal
pesanan katering darmin acara ulang tahun,Transfer,IN,1700000.0,Revenue
biaya admin rekening usaha okt,Invoice,OUT,50000.0,Operating_Expense
terima trf penjualan grosir balancing ke reseller hendra susanto,Transfer,IN,15000000.0,Revenue
QRIS merchant settle invoice supplier UD Sejahtera Mei Mei,QRIS,OUT,800000.0,COGS
Pindahkan uang laci ke kas besar tgl 7 ref X2578,Cash,OUT,450000.0,Transfer_Internal
BAYAR AIR PERIODE DES,Bank_Mutation,OUT,215200.0,Operating_Expense
top up saldo shopeepay usaha dr rek bank sultra,Transfer,OUT,4900000.0,Transfer_Internal
TRF LLG CR 1111/FTSKN/WS46511 SETORAN TUNAI (USAHA PERTANIAN) 130000.00,Bank_Mutation,IN,130000.0,Transfer_Internal
PEMBAYARAN POKOK PINJAMAN PNM MEKAAR,Bank_Mutation,OUT,12400000.0,Financing
PAJAK BUNGA TABUNGAN BRI,Transfer,OUT,40000.0,Other
beli barang jualan bhn seragam 20 meter,Cash,OUT,250000.0,COGS
serah terima kas antar shift pagi,Cash,IN,1200000.0,Transfer_Internal
Invoice agen Budi PO9230 kardus dan lakban 20/06,Invoice,OUT,660000.0,COGS
KREDIT USAHA CAIR PERMATA NO INV-2026/6686,Bank_Mutation,IN,25000000.0,Financing
PEMBAYARAN RUTIN RP 1.065.800,QRIS,OUT,1065800.0,Other
Nota F-602 cicil pembayaran barang agen Rusdi,Invoice,OUT,13462800.0,COGS
m-banking masuk dana kur masuk februari 2026,Transfer,IN,9000000.0,Financing
qris merchant bayar tagihan supplier agen hasrul,QRIS,OUT,5000000.0,COGS
pelanggan bayar cumi pakai qris dana 1108,QRIS,IN,15000.0,Revenue
CR SWITCHING PELUNASAN ORDER RESELLER ERNI A.N IRFAN,Bank_Mutation,IN,250000.0,Revenue
Faktur F-148 hutang dagang UD Cahaya lunas,Invoice,OUT,1100000.0,COGS
BI-FAST DB 516109 pembayaran agen Salma tgl 4,Bank_Mutation,OUT,900000.0,COGS
Terima modal mitra usaha Nila Malik,Transfer,IN,12000000.0,Financing
Tgh Biznet,Transfer,OUT,250000.0,Operating_Expense
TT MASUK 172510 DANA KUR MASUK JULI,Bank_Mutation,IN,8900000.0,Financing
M-banking angsuran kredit BRI bulan September,Transfer,OUT,425000.0,Financing
NOTA L631545 BAYAR ANGSURAN KE PETUGAS BMT AL-AMIN,Invoice,OUT,2060000.0,Financing
komisi ShopeeFood order B485040,Cash,OUT,20000.0,Operating_Expense
solar pickup ops,Cash,OUT,150000.0,Operating_Expense
"Trf ke agen Nila Rp1,1jt (Mei)",Transfer,OUT,1100000.0,COGS
BI-FAST DB PINDAH BUKU MANDIRI KE CIMB NIAGA SENDIRI,Bank_Mutation,OUT,12400000.0,Transfer_Internal
pelanggan bayar kelapa pakai QRIS ShopeePay,QRIS,IN,10000.0,Revenue
"tarik cash Bank Sultra 1,1jt no.INV-2025/0499",Cash,IN,1100000.0,Transfer_Internal
SETORAN REVERSAL MASUK 7260 BULAN JULI,Bank_Mutation,IN,8000.0,Other
BI-FAST DB 1305/BIFAST/WS62566 SISIHKAN DANA KE TABUNGAN USAHA PERMATA,Bank_Mutation,OUT,16500000.0,Transfer_Internal
tf honor koki april,Transfer,OUT,490000.0,Operating_Expense
Modal masuk dari Agus Suparman bagi hasil,Cash,IN,6000000.0,Financing
PAYMENT TARIKAN ATM CIMB NIAGA,Bank_Mutation,OUT,60000.0,Transfer_Internal
qr bayar permata oktober 2025 499k,QRIS,OUT,499000.0,Financing
Cash bunga giro Mandiri bulan Maret,Cash,IN,11000.0,Other
Pembayaran agen Tiara 1709,Cash,OUT,556400.0,COGS
trf masuk masuk 220k an Ibu Hamdan,Transfer,IN,220000.0,Revenue
transfer upah bu fadli minggu 8,Transfer,OUT,305000.0,Operating_Expense
Tarik tunai rkg usaha Danamon,Cash,IN,650000.0,Transfer_Internal
DB SWITCHING PMBYRN POKOK PEMBIAYAAN KUR BNI 1603,Bank_Mutation,OUT,4900000.0,Financing
tf setoran angsuran rp 8.700.000,Transfer,OUT,8700000.0,Financing
ongkos angkut plastik grosir dari kios bahrai group,Transfer,OUT,1400000.0,COGS
TRSF E-BANKING CR PENCAIRAN PEMBIAYAAN MURABAHAH BNI,Bank_Mutation,IN,6400000.0,Financing
pembayaran pesanan sate ayam - ismail,Transfer,IN,9500000.0,Revenue
bayar cicilan kur bulan februari,Transfer,OUT,180000.0,Financing
Beli bahan produksi benang tenun (usaha kerajinan),Cash,OUT,990000.0,COGS
BI-FAST DB BELI PEWARNA KAIN GROSIR 5 BOTOL,Bank_Mutation,OUT,5100000.0,COGS
BI-FAST DB selisih rekonsliiasi Mei 2026 25-06-2026,Bank_Mutation,OUT,300000.0,Other
PEMBAYARAN 946543 PELUNASAN PINJAMAN KOPERASI TANI MAKMUR,Bank_Mutation,OUT,1900000.0,Financing
tf bayar hutang mdl yunus rosidi,Transfer,OUT,10300000.0,Financing
TRANSFER KELUAR bayar Koperasi Tani Makmur Rp600rb,Bank_Mutation,OUT,600000.0,Financing
Kas kecil keluar ke kasir 2,Cash,OUT,1000000.0,Transfer_Internal
Pinjaman dari Saharuddin untuk modal,Transfer,IN,40860400.0,Financing
TRSF E-BANKING CR dana Bank Sultra masuk 1600000.00,Bank_Mutation,IN,1600000.0,Financing
Scan QRIS retur dana 9213,QRIS,IN,3510000.0,Other
mdl masuk dari akbar lakoro bagi hasil,Transfer,IN,9000000.0,Financing
qris beli biji kopi ke pasar sentral,QRIS,OUT,440000.0,COGS
transfer antar akun internal,Transfer,OUT,4200000.0,Transfer_Internal
trf masuk Laode Rusman Latif (tas rotan),Transfer,IN,14566100.0,Revenue
Kesalahan input F-041,Cash,IN,720000.0,Other
bayar gaji pgw 3 orang,Transfer,OUT,3622200.0,Operating_Expense
Faktur INV-2025/5618 perpanjang swa 3 bulan,Invoice,OUT,13900000.0,Operating_Expense
BI-FAST DB cicil pinjaman koperasi Februari,Bank_Mutation,OUT,1350000.0,Financing
angsuran Koperasi Nelayan Bahari 9 Jan 2026 a.n Bu Dewi,Cash,OUT,27000000.0,Financing
Nota pbl SO/01/647 petani Tiara pupuk kandang,Invoice,OUT,3700000.0,COGS
bayar cicilan 9.500.000 a.n Ibu Sumarni,Transfer,OUT,9500000.0,Financing
tunai beli pengharum ruangan cucian di pasar,Cash,OUT,13000.0,COGS
pembayaran qris sumbangan hajatan wa ode sari,QRIS,OUT,185000.0,Other
Dana kembali order dibatalkan NT-460,Transfer,IN,7000.0,Other
TRF LLG DB TRF KE DEPOT MITRA 784.400 JUNI,Bank_Mutation,OUT,784400.0,COGS
TRSF E-BANKING DB TRF PNM MEKAAR 350000 350000.00,Bank_Mutation,OUT,350000.0,Financing
AUTODEBET TARIK DANA REKENING USAHA JADI CASH,Bank_Mutation,OUT,15000000.0,Transfer_Internal
Trf masuk penjualan tenun ke pengepul Depot Lestari,Transfer,IN,15000000.0,Revenue
kas: biaya kirim bahan baku gas elpjii 3kg tabung isi,Cash,OUT,31500.0,COGS
PJL PARTAI BESAR SALE PIANG PT WANGI,Bank_Mutation,IN,27900000.0,Revenue
TRANSFER KELUAR 1407/FTSCY/WS28524 HUTANG DAGANG AGEN SAFITRI LUNAS,Bank_Mutation,OUT,420000.0,COGS
scan qris bayar mas nurul oktober 2025,QRIS,OUT,20000.0,Operating_Expense
SEOTRAN PENYETORAN HASIL DAGANG KE REKENING USAHA,Bank_Mutation,IN,1300000.0,Transfer_Internal
Pembayaran QRIS bayar gaji pegawai 2 orang 19/04/25,QRIS,OUT,230000.0,Operating_Expense
biaya kirim bahan baku kancing dan resleting,Transfer,OUT,150000.0,COGS
BI-FAST CR kredit cair BRI no.#24541,Bank_Mutation,IN,10000000.0,Financing
BI-FAST DB UNKNOWN TRX #30958 (BENGKEL MOTOR) 240000.00,Bank_Mutation,OUT,240000.0,Other
trf bayar cicilan kur oktober 2025 3 mei 2025,Transfer,OUT,1400000.0,Financing
Kirim pelunasan nota agen Tasrif 2733,Transfer,OUT,22548900.0,COGS
BI-FAST perawatan rutin mesin kasir,Transfer,OUT,206000.0,Operating_Expense
ambil cash dari rek mandiri usaha,Cash,IN,4481500.0,Transfer_Internal
M-BANKING MUTASI KELUAR KE TABUNGAN DANA CADANGAN,Transfer,OUT,760000.0,Transfer_Internal
UANG TNAI BY KEBERSIHAN TOKO,Cash,OUT,17000.0,Operating_Expense
cetak mika kue bermerk no.inv-2025/0082,QRIS,OUT,30000.0,COGS
Kirim beli bibit kakao grosir 100 pohon,Transfer,OUT,12000000.0,COGS
kiriman andi no po2256,Transfer,IN,1420000.0,Revenue
TRSF CR 0201/LLG/WS33768 penjualan fotocopy via QRIS,Bank_Mutation,IN,8000.0,Revenue
ud rezeki bersama krm uang beli kemeja,Transfer,IN,110000.0,Revenue
TRSF DB REFUND ORDER BATAL NT-309,Bank_Mutation,OUT,8000.0,Other
TRF KE PASAR BARU POMALAA PEMBELIAN CAIRAN PENDINGIN,Bank_Mutation,OUT,4300000.0,COGS
KR OTOMATIS 06/02 DEPOSIT TUNAI KE REK SENDIRI 12000000.00,Bank_Mutation,IN,12000000.0,Transfer_Internal
TRSF E-BANKING DB transaksi tidak dikenal no SO/01/602,Bank_Mutation,OUT,650000.0,Other
cash plastik grosir 8 porsi no.#56000,Cash,IN,1850000.0,Revenue
TT MASUK SALDO DOMPET DIGITAL USAHA DIPINDAH KE BANK 100000.00,Bank_Mutation,IN,100000.0,Transfer_Internal
M-banking masuk suntikan dana mitra Nasir Nugraha,Transfer,IN,13000000.0,Financing
PEMBAYARAN MASUK S10601,Bank_Mutation,IN,31000.0,Other
pmb invoice inv-2026/4946 cv maju pratama,Transfer,IN,500000.0,Revenue
QRIS merchant belanja pribadi 1804,QRIS,OUT,250000.0,Other
pmb pokok pembiayaan ksp bina sejahtera 10/02,Cash,OUT,160000.0,Financing
TRSF DB 10/05 PDAM JUL NO.F-994,Bank_Mutation,OUT,1800000.0,Operating_Expense
pelunasan pinjaman Bank Sultra,Transfer,OUT,16000000.0,Financing
KREDIT TERIMA PINDAHAN DANA DR REK DANAMON USAHA,Bank_Mutation,IN,19000000.0,Transfer_Internal
trf ke pasar inpres mandonga pembelian kayu jati - 24/02/25,Transfer,OUT,153700.0,COGS
Invoice #49921 Toko Rezeki Pangan paid,Invoice,IN,195000.0,Revenue
PAYMENT GJ KAPSTER PERIODE NOV,Bank_Mutation,OUT,6000000.0,Operating_Expense
TRANSFER KELUAR 0808/FTFVA/WS98084 BYR AGS PEMBIAYAAN INV-2025/7364 (LAPAK IKAN),Bank_Mutation,OUT,375000.0,Financing
KRD SETOR PENDAPATAN HARIAN KE BANK NO 6716,Bank_Mutation,IN,1700000.0,Transfer_Internal
nota belanja stok kaos polos agen zulkifli,Invoice,OUT,1700000.0,COGS
nota belanja kayu jati agen vina,Invoice,OUT,486800.0,COGS
AUTODEBET ongkir antar order Yanti,Bank_Mutation,OUT,24000.0,Operating_Expense
PEMBAYARAN 272266 SUMBANGAN ACARA KAMPUNG,Bank_Mutation,OUT,105000.0,Other
uang tunai pembayaran bulanan,Cash,OUT,3150000.0,Other
tf masuk tanpa nama pengirim,Transfer,IN,400000.0,Other
autodebet telkomsel oktober a.n haji sumarni,Transfer,OUT,350000.0,Operating_Expense
pbl bhn produksi santan kelapa - tgl 11,Cash,OUT,415000.0,COGS
pinjaman keluarga yunus modal usaha,Transfer,IN,2000000.0,Financing
m-banking gaji mekanik periode apr a.n wahyu abdullah,Transfer,OUT,1800000.0,Operating_Expense
Transfer infaq masjid,Transfer,OUT,600000.0,Other
Invoice PO6731 bayar agen Kasmiati untuk minuman kemasan tgl 06/05,Invoice,OUT,18000000.0,COGS
Servis blender rusak 10-10-2025,Cash,OUT,4000000.0,Operating_Expense
iuran rt periode jan,Cash,OUT,706300.0,Other
Kulakan lem kayu 3 kaleng,Cash,OUT,33000.0,COGS
qris merchant transaksi tidak dikenal,QRIS,OUT,5000.0,Other
BI-FAST DB BIAYA KIRIM PAKET KE CUST TRAVEL,Bank_Mutation,OUT,253000.0,Operating_Expense
BI-FAST DB 529132 angsuran Oktober (Oktober) 38000000.00,Bank_Mutation,OUT,38000000.0,Financing
TF bayar cicilan 500.000,Transfer,OUT,500000.0,Financing
PAYMENT SPANDUK PROMO LAUNDRY,Bank_Mutation,OUT,480000.0,Operating_Expense
SWA LAPAK PASAR PERIODE MEI,Cash,OUT,2390000.0,Operating_Expense
dana kur masuk februari 2026,Cash,IN,37300000.0,Financing
TT MASUK QRIS MASUK PENJUALAN KOPI BUBUK 5000.00,Bank_Mutation,IN,5000.0,Revenue
TARIK TUNAI REK USAHA DANAMON,Cash,IN,10000000.0,Transfer_Internal
Bonus Halim,Cash,OUT,210000.0,Operating_Expense
m-banking masuk cair pinjaman bpr mitra kolaka akad 7812,Transfer,IN,10000000.0,Financing
PMB AMBIL TNAI DR REK CIMB NIAGA USAHA,Bank_Mutation,OUT,6000000.0,Transfer_Internal
TRSF DB UANG MAKAN KARYAWAN FEBRUARI 2025,Bank_Mutation,OUT,6100000.0,Operating_Expense
FAKTUR S149965 PELUNASAN PINJAMAN PNM MEKAAR NO 2499,Invoice,OUT,104200.0,Financing
nota #97781 bayar kontrakan usaha jun,Invoice,OUT,300900.0,Operating_Expense
Bayar cash modal awal kasir 24 Okt 2025,Cash,IN,700000.0,Transfer_Internal
Wifi kantin Mei,Transfer,OUT,130000.0,Operating_Expense
Penerimaan kredit usaha rakyat BNI (kios perdagangan),Transfer,IN,9000000.0,Financing
Transfer tghn UD Jaya 1154 bahan produksi (periode Mei),Transfer,OUT,3950000.0,COGS
bayar paket nasi box scan qris,QRIS,IN,290000.0,Revenue
TRSF E-BANKING DB PEMBAYARAN POKOK PEMBIAYAAN PNM ULAMM 04/06,Bank_Mutation,OUT,2900000.0,Financing
refund PO443,Transfer,OUT,180000.0,Other
RETUR DANA KE PEMBELI #17523,Invoice,OUT,80000.0,Other
Transfer masuk 1.000.000 dari bu Jumriah 2208,Transfer,IN,1000000.0,Revenue
m-banking masuk bayar tomat pesanan arisan ibu-ibu pelanggan tasrif,Transfer,IN,1200000.0,Revenue
pnjualan 2303 qris web company profile,QRIS,IN,16000.0,Revenue
Inv #33610 kembalikan uang 205000 tanpa keterangan,Invoice,OUT,205000.0,Other
cair pinjaman bmt al-amin akad f-616,Transfer,IN,29100000.0,Financing
SETORAN UANG MUKA PLASTIK GROSIR RATNA,Bank_Mutation,IN,377400.0,Revenue
transfer masuk,Transfer,IN,19000.0,Other
Trasfer masuk tarik saldo OVO milik usaha,Transfer,IN,2300000.0,Transfer_Internal
tambahan modal dr investor dedi rosidi,Transfer,IN,15219200.0,Financing
ENDORSE SELEBGRAM LOKAL NO B744440,Bank_Mutation,OUT,900000.0,Operating_Expense
Angsuran ke-4 pinjaman Koperasi Nelayan Bahari,Cash,OUT,170000.0,Financing
kas kecil keluar ke kasir sore,Cash,OUT,1540100.0,Transfer_Internal
Biaya jasa panen dibayar bu Laode Rusman,Cash,IN,2500000.0,Revenue
PEMBAYARAN 0912/LLG/WS98669 KULAK TINTA PRINTER 1 SET 602100.00,Bank_Mutation,OUT,602100.0,COGS
Uang tunai angs pokok Kopdit Harapan periode Okt,Cash,OUT,1200000.0,Financing
uang tunai debet otomatis tidak dikenal (toko),Cash,OUT,65000.0,Other
Uang tnai sewa tempat 1601,Cash,OUT,350000.0,Operating_Expense
invoice inv-2025/3675 refund tidak jelas rp 170.000 - 28 jun 2025,Invoice,OUT,170000.0,Other
Faktur 4995 bayar cicilan KUR Juli,Invoice,OUT,450000.0,Financing
denda tilang,Cash,OUT,1000000.0,Other
servis blender,Cash,OUT,420000.0,Operating_Expense
BI-FAST REFUND TIDAK JELAS 870RB,Transfer,OUT,870000.0,Other
Pembayaran kelapa untuk arisan ibu-ibu - pelanggan Budi periode Nov,Invoice,IN,460000.0,Revenue
nota Toko Sumber Baru tgl tgl 15 kapas dan tisu bulan Februari,Invoice,OUT,2640000.0,COGS
tf sumbangan hajatan anwar anshari ref 734x933,Transfer,OUT,3020400.0,Other
DB SWITCHING ambil tunai dari rek BCA usaha,Bank_Mutation,OUT,50000.0,Transfer_Internal
Lina Bado Rp160.700,Invoice,OUT,160700.0,Other
retur dana ke pembeli 0065,Transfer,OUT,28000.0,Other
pengembalian dana transaksi inv-2026/8072,QRIS,OUT,26000.0,Other
PAYMENT TRF BMT AL-AMIN 33.000.000,Bank_Mutation,OUT,33000000.0,Financing
bayar kekurangan kardus dan lakban Kios Berkah,Transfer,OUT,192800.0,COGS
TRSF CR KIRIMAN KELUARGA BLN AGUSTUS,Bank_Mutation,IN,260000.0,Other
bayar QRIS transfer ke ShopeePay usaha sendiri,QRIS,OUT,8000000.0,Transfer_Internal
Hasil jualan tomat sore ini,Cash,IN,185000.0,Revenue
tagihan internet bulan November Indosat no.SO/11/740,Transfer,OUT,475000.0,Operating_Expense
transfer pelunasan nota UD Laut Biru SO/06/822 - tgl 11,Transfer,OUT,1500000.0,COGS
QR iklan Facebook periode Sep,QRIS,OUT,3940000.0,Operating_Expense
QRIS merchant transaksi tidak dikenal - 05/01,QRIS,OUT,15000.0,Other
TRSF E-BANKING DB 2003/FTFVA/WS21020 KIRIM UANG KE GROSIR NUSANTARA,Bank_Mutation,OUT,580000.0,COGS
Kas: terima krd usaha rakyat BRI,Cash,IN,4273200.0,Financing
SETORAN 692770 TRANSFER ANTAR REKENING SENDIRI BANK SULTRA-CIMB NIAGA NO.F-378,Bank_Mutation,IN,800000.0,Transfer_Internal
ANGS PNJMN KSP MITRA USAHA KE-8,Bank_Mutation,OUT,6362200.0,Financing
bayar cash refund order batal 5089,Cash,OUT,12000.0,Other
inv #86912 pembayaran fotocopy untuk perpisahan kelas - tb abadi ref 93982898,Invoice,IN,1890200.0,Revenue
bayar cash modal kembalian kasir 14 mei ref r19248,Cash,OUT,50000.0,Transfer_Internal
BI-FAST DB DENDA PARKIR 35000.00,Bank_Mutation,OUT,35000.0,Other
Stok mika kue 5 porsi,Cash,OUT,70000.0,COGS
Kas: bayar bunga pnjmn Koperasi Sejahtera Bersama Jan,Cash,OUT,6000000.0,Financing
bayar hutang modal Akbar Anshari,Cash,OUT,600000.0,Financing
trf keluar Rp3.200.000 tanpa catatan tgl 0210,QRIS,OUT,3200000.0,Other
transfer Kopdit Harapan 660800 ref 57921015,Transfer,IN,660800.0,Financing
TRSF CR HADIAH ARISAN 56000.00,Bank_Mutation,IN,56000.0,Other
TRANSFER KELUAR 425189 pembayaran pokok pembiayaan KUR BSI 23 Jun,Bank_Mutation,OUT,1700000.0,Financing
Trf antar rek sendiri Mandiri-Permata,Transfer,IN,239000.0,Transfer_Internal
BI-FAST DB PENGELUARAN LAIN 2 JUN 2026 (SALON),Bank_Mutation,OUT,185000.0,Other
Setor hasil jualan ke rek Danamon,Cash,OUT,8000000.0,Transfer_Internal
Bayar air Okt,Transfer,OUT,531000.0,Operating_Expense
KR OTOMATIS SETORAN BELUM TERIDENTIFIKASI PO8536,Bank_Mutation,IN,2400000.0,Other
DEBET SUMBANGAN HAJATAN MARLINA NUGRAHA 700000.00,Bank_Mutation,OUT,700000.0,Other
invoice #62599 penjualan sabun cuci kepada wa ode sari,Invoice,IN,1700000.0,Revenue
bayar QRIS PDAM Maret 2026,QRIS,OUT,133000.0,Operating_Expense
bi-fast cicil pinjaman koperasi juli,Transfer,OUT,12900000.0,Financing
bayar cash belanja pribadi 15/06/26,Cash,OUT,15000.0,Other
trf masuk dana masuk dari Danamon,Transfer,IN,500000.0,Financing
Swa usaha perikanan periode Sep,Invoice,OUT,6000000.0,Operating_Expense
PENCAIRAN PEMBIAYAAN MURABAHAH BCA,Bank_Mutation,IN,18000000.0,Financing
BI-FAST DB 22/10 DENDA PARKIR,Bank_Mutation,OUT,32000.0,Other
pelunasan pesanan haji haerul,Transfer,IN,9000000.0,Revenue
TRF LLG CR INVOICE PNJUALAN CABAI PERIODE MAR,Bank_Mutation,IN,1400000.0,Revenue
cetak kemasan vakum bermerk,Transfer,OUT,60000.0,COGS
KEDIT 796971 QRIS ASWIN SAPUTRA BELI TELUR 230000.00,Bank_Mutation,IN,230000.0,Revenue
tf MASUK 06/12 pencairan saldo Blibli 14/07/26,Bank_Mutation,IN,270000.0,Revenue
Setor pendapatan harian ke bank bln Oktober,Cash,OUT,500000.0,Transfer_Internal
bayar qris ongos kurir 2305,QRIS,OUT,26000.0,Operating_Expense
PAYMENT 12/10 PAKET DATA WIFI.ID,Bank_Mutation,OUT,330000.0,Operating_Expense
DEBET withdraw cash BNI 18 Jun 2026,Bank_Mutation,OUT,1100000.0,Transfer_Internal
CR SWITCHING hasil penjualan disetor ke bank 07/11/25,Bank_Mutation,IN,9500000.0,Transfer_Internal
ANGSURAN POKOK KSP BINA SEJAHTERA BULAN JANUARI,Transfer,OUT,480000.0,Financing
Ongkos kirim pmbelian pemutih,Transfer,OUT,60000.0,COGS
pemeliharaan peralatan mesin cuci,Cash,OUT,270000.0,Operating_Expense
TRF LLG DB 1407/FTSKN/WS88658 BY LAYANAN GRABFOOD BLN APRIL 16000.00,Bank_Mutation,OUT,16000.0,Operating_Expense
TRSF DB 616827 ISI SALDO OVO BISNIS,Bank_Mutation,OUT,272000.0,Transfer_Internal
qris prive juni,QRIS,OUT,24000.0,Other
KR OTOMATIS 04/05 PENGEMBALIAN DANA DARI TOKO ONLINE PO5919,Bank_Mutation,IN,1100000.0,Other
Trf masuk penerimaan kredit usaha rakyat Permata,Transfer,IN,17516600.0,Financing
transfer ke rek operasional bank sultra juni 2026,Transfer,OUT,700000.0,Transfer_Internal
Inv F-848 denda keterlambatan angsuran Koperasi Nelayan Bahari,Invoice,OUT,17000000.0,Financing
Pembyrn QRIS cetak brosur 250 lembar,QRIS,OUT,1800000.0,Operating_Expense
trf UD Mandiri PO4093,Transfer,OUT,470000.0,COGS
swa gerobak mei 2026,Transfer,OUT,990000.0,Operating_Expense
AUTODEBET krm ke UD Maju Niaga Rp 9.100.000,Bank_Mutation,OUT,9100000.0,COGS
DANA KUR MASUK NOVEMBER A.N MBAK ALFIAN,Bank_Mutation,IN,12500000.0,Financing
faktur pembelian kardus dan lakban agen ramli,Invoice,OUT,180000.0,COGS
TRSF E-BANKING DB SERVIS MOTOR PRIBADI (BULAN MARET),Bank_Mutation,OUT,600000.0,Other
pmbyrn rutin,Transfer,OUT,100000.0,Other
SETORAN DEPOSIT OMZET HRN CIMB NIAGA,Bank_Mutation,IN,700000.0,Transfer_Internal
Restock plastik pembungkus dari grosir Sentosa a.n Kasmiati Pratama,Transfer,OUT,256000.0,COGS
m-banking bayar sewa tempat usaha Oktober,Transfer,OUT,487000.0,Operating_Expense
Tarik cash buat kas,Cash,IN,100000.0,Transfer_Internal
PAYMENT 442168 SERVIS LAMPU TOKO RUSAK 21/05 TGL 21/05,Bank_Mutation,OUT,3430000.0,Operating_Expense
Selisih kas 0911,Invoice,IN,145900.0,Other
PEMBAYARAN BONGKAR MUAT BIJI KOPI CV MAKMUR,Bank_Mutation,OUT,460000.0,COGS
top up saldo gopay usaha dr rek btn,Transfer,OUT,600000.0,Transfer_Internal
TRSF E-BANKING CR 1107/LLG/WS55373 TF ANTAR REKENING MILIK SENDIRI,Bank_Mutation,IN,150000.0,Transfer_Internal
PELUNASAN NOTA GROSIR DAMAI SO/11/709 BULAN OKTOBER,Bank_Mutation,OUT,11000000.0,COGS
TRSF E-BANKING DB 550063 BIAYA PERPANJANG IZIN USAHA DESEMBER 2025,Bank_Mutation,OUT,50000.0,Operating_Expense
Kas: pendapatan harian kios 23 Agu 2025,Cash,IN,120000.0,Revenue
nota f-153 lunas kredit modal kerja dnaamon,Invoice,OUT,574200.0,Financing
pemindahan dana dr rkg utama ke rekening ops,Transfer,OUT,2500000.0,Transfer_Internal
TRSF E-BANKING DB BAYAR AIR FEBRUARI REF 15547387,Bank_Mutation,OUT,700000.0,Operating_Expense
TT MASUK SETOR TNAI CDM DANAMON 25000000.00,Bank_Mutation,IN,25000000.0,Transfer_Internal
DB SWITCHING 1511/BIFAST/WS73462 KADO ULANG TAHUN RINA KUSUMA (BULAN JANUARI),Bank_Mutation,OUT,1100000.0,Other
trf masuk invoice penjualan creambath januari,Transfer,IN,2521700.0,Revenue
BI-FAST DB 829653 TRF ANTAR REKENING SENDIRI BNI-DANAMON 42300000.00,Bank_Mutation,OUT,42300000.0,Transfer_Internal
unknown trx l473558 (april 2026),Transfer,OUT,2830000.0,Other
SETOR TUNAI RP1.032.000 TGL 0908,Cash,OUT,1032000.0,Transfer_Internal
BAYAR QRIS TOP UP DOMPET DIGITAL USAHA OVO,QRIS,OUT,380000.0,Transfer_Internal
Bukalapak - dana penjualan diteruskan,Transfer,IN,1400000.0,Revenue
TRANSFER SUPPLIER GROSIR CEMERLANG ORDER A620825,Cash,OUT,17000000.0,COGS
AMBIL TUNAI DARI REK MUAMALAT USAHA,Bank_Mutation,OUT,275000.0,Transfer_Internal
Trf pembayaran angsuran pembiayaan E985849 Des,Transfer,OUT,660000.0,Financing
DP order keju parut ke Depot Anuegrah (bulan Mei),Transfer,OUT,11400000.0,COGS
lazada withdraw hasil jualan kepiting,Transfer,IN,2100000.0,Revenue
Tarik saldo LinkAja usaha ke rekening BSI,Transfer,IN,220000.0,Transfer_Internal
kas: uang keamanan usaha kue periode jun,Cash,OUT,330000.0,Operating_Expense
TRSF E-BANKING DB 202083 TikTok ads 03/08/26 113000.00,Bank_Mutation,OUT,113000.0,Operating_Expense
Invoice PO1471 pelunasan kredit modal kerja Permata,Invoice,OUT,2740000.0,Financing
tarik cash rkg usaha bni,Cash,IN,150000.0,Transfer_Internal
qris ikan cakalang periode des,QRIS,IN,150000.0,Revenue
spanduk promo toko kue,QRIS,OUT,4400000.0,Operating_Expense
belanja kbthn rumah tangga,Cash,OUT,80000.0,Other
Penjualan 04/03 QRIS perlengkapan dapur,QRIS,IN,7500.0,Revenue
agen dewi rp5jt,Transfer,OUT,5000000.0,COGS
QRIS MERCHANT TITIPAN SALDI 11/08/25,QRIS,OUT,56400.0,Other
Retur dana ke pemblei NT-9975 April 2025,Invoice,OUT,12000.0,Other
TRF LLG CR HADIAH UNDIAN NO SO/10/702,Bank_Mutation,IN,40000.0,Other
refund pelanggan tidak teridentifikasi,Cash,OUT,5000.0,Other
terima trf pencairan pembiayaan murabahah bni,Transfer,IN,2000000.0,Financing
Ongkos kirim pembelian bahan banner,Transfer,OUT,900000.0,COGS
TRSF CR pjl brownies via QRIS,Bank_Mutation,IN,15000.0,Revenue
pembayaran pokok pembiayaan kopdit harapan 10 mei - 10 mei,Transfer,OUT,150000.0,Financing
cash beli pewangi laundry 2 jerigen utk stock - 13-09-2025,Cash,OUT,16000.0,COGS
tf pemeliharaan peralatan kmopor,Transfer,OUT,1300000.0,Operating_Expense
WITHDRAW TUNAI BTN 13/10 (LAUNDRY KILOAN),Bank_Mutation,OUT,98300.0,Transfer_Internal
DEBET 708532 PELUNASAN PINJAMAN BPR MITRA KOLAKA,Bank_Mutation,OUT,180000.0,Financing
Transfer masuk withdraw saldo OVO usaha,Transfer,IN,440000.0,Transfer_Internal
Uang tunai bensin motor operasional,Cash,OUT,700000.0,Operating_Expense
nota pembelian t500540 agen safitri grosir kemeja,Invoice,OUT,180000.0,COGS
faktur nt-9247 - agen fitri - stok kaos polos 3 lusin,Invoice,OUT,6000000.0,COGS
invoice inv-2025/3877 pemeliharaan peralatan laptop kerja,Invoice,OUT,1200000.0,Operating_Expense
nota jual pulsa 20 pcs an. tk kencana,Transfer,IN,300000.0,Revenue
Perlu konfirmasi pengirim 0085,QRIS,IN,11000000.0,Other
TRSF E-BANKING DB 161060 ANGSURAN KE-1 PINJAMAN KOPERASI TANI MAKMUR,Bank_Mutation,OUT,5000000.0,Financing
TRSF E-BANKING CR 0101/LLG/WS67956 OVERBOOKING REK SENDIRI DARI BRI,Bank_Mutation,IN,320000.0,Transfer_Internal
TF bayar kos anak periode Jun,Transfer,OUT,150000.0,Other
TRF LLG DB 17/09 TARIKAN ATM,Bank_Mutation,OUT,290000.0,Transfer_Internal
GRABFOOD - DANA PENJUALAN DITERUSKAN,Bank_Mutation,IN,803100.0,Revenue
tarik dana rekening usaha jadi cash,Cash,IN,14000000.0,Transfer_Internal
KREDIT 845618 SETOR CASH KE REK USAHA 2605,Bank_Mutation,IN,3300000.0,Transfer_Internal
TRSF E-BANKING CR 227424 PENYETORAN HASIL DAGANG KE REKENING USAHA,Bank_Mutation,IN,13000000.0,Transfer_Internal
BIAYA ATM BULANAN PERMATA,Invoice,OUT,200000.0,Operating_Expense
TRSF DB BELANJA STYROFOAM BOX 10 PCS,Bank_Mutation,OUT,455000.0,COGS
Voucher pindah kas INV-2026/0548 tgl 09/09/26,Invoice,IN,155000.0,Transfer_Internal
bayar tagihan supplier agen bahar,Transfer,OUT,3350000.0,COGS
BI-FAST CR 686340 setor tunai 5900000,Bank_Mutation,IN,5900000.0,Transfer_Internal
bayar listrik januari,QRIS,OUT,430000.0,Operating_Expense
uang tunai cair kredit modal kerja kur bri,Cash,IN,15500000.0,Financing
uang tunai uang keamanan toko kelontong periode des,Cash,OUT,8000.0,Operating_Expense
Transfer antar bank Rp160.000 bulan September,Transfer,OUT,160000.0,Transfer_Internal
omzet hari ini 13 mar 2026,Cash,IN,480000.0,Revenue
SETORAN 613356 setoran tunai teller Mandiri a.n Ratih,Bank_Mutation,IN,3480000.0,Transfer_Internal
BAYAR QRIS PENDAPATAN JASA JASA PENGEMASAN,QRIS,IN,286000.0,Revenue
bayar kekurangan beras toko pelangi elektrik,QRIS,OUT,1200000.0,COGS
bayar cumi pesanan acara kantor desa rahayu ndoke,Transfer,IN,319000.0,Revenue
bayar bni bln agustus rp23jt ref 22418940,Transfer,OUT,23000000.0,Financing
KREDIT 0705/FTSCY/WS88543 REWARD GOPAY TGL 20 JUL,Bank_Mutation,IN,53200.0,Other
pembayaran qris parkir & bensin kirim pesanan,QRIS,OUT,267000.0,Operating_Expense
TRSF E-BANKING DB TRF PNM ULAMM RP 2.700.000,Bank_Mutation,OUT,2700000.0,Financing
KR OTOMATIS 0304/FTSKN/WS98830 IKAN BAKAR X1 QRIS,Bank_Mutation,IN,44300.0,Revenue
Kas: ongkos kurir tgl 17,Cash,OUT,459900.0,Operating_Expense
uang tunai pengembalian dana investor Hasan Sudirman,Cash,OUT,8920000.0,Financing
Trf tambah stok ayam potong 5 kg,Transfer,OUT,1800000.0,COGS
krm angsuran kur muamalat bulan 3,Transfer,OUT,700000.0,Financing
terima trf pendapatan pesanan arisan ibu-ibu bu firman,Transfer,IN,1850000.0,Revenue
Angsuran pokok Pegadaian periode Okt,Transfer,OUT,8500000.0,Financing
tarik tunai rekening usaha Permata,Cash,IN,700000.0,Transfer_Internal
relisasi krd koperasi tani makmur c645665 tgl 03/02/26,Transfer,IN,7000000.0,Financing
m-banking masuk tiktok shop - dana pnjualan diteruskan,Transfer,IN,4700000.0,Revenue
Restock etalase sirup no.3671,QRIS,OUT,12000000.0,COGS
m-banking masuk hadiah unian,Transfer,IN,400000.0,Other
trf ibu hamdan bayar pesanan potong rambut,Transfer,IN,900000.0,Revenue
setor kas penjualan ke Mandiri,Cash,OUT,990000.0,Transfer_Internal
ongkir pos indonesia psn n232922,Cash,OUT,80000.0,Operating_Expense
inv #93508 token listrik toko #70388,Invoice,OUT,1350000.0,Operating_Expense
INVOICE PBL BAHAN P489031,Invoice,OUT,4750000.0,COGS
Transfer PDAM bulan Juli,Transfer,OUT,1700000.0,Operating_Expense
BI-FAST CR 22/05 TRX MASUK BELUM JELAS 1308 NO.6074,Bank_Mutation,IN,250000.0,Other
bi-fast endorse selebgram lokal ref 50093828,Transfer,OUT,60000.0,Operating_Expense
angsuran pokok koperasi nelayan bahari oktober 2025,Cash,OUT,125000.0,Financing
TRF LLG CR 0112/LLG/WS58853 DANA PIHAK KETIGA BELUM TERIDENTIFIKASI,Bank_Mutation,IN,18500000.0,Other
PAYMENT 02/04 RESTOCK DUS UKURAN M DARI AGEN NUR 150000.00,Bank_Mutation,OUT,150000.0,COGS
Terima trf terima Rp325rb dari Lestari,Transfer,IN,325000.0,Revenue
BI-FAST DB 1606/LLG/WS44796 PMBELIAN MIKA KUE & STYROFOAM BOX,Bank_Mutation,OUT,180000.0,COGS
Bayar cash sewa rumah makan periode Juli 2026,Cash,OUT,600000.0,Operating_Expense
bayar qris uang jajan anak,QRIS,OUT,465000.0,Other
token listrik toko po2215,QRIS,OUT,20600.0,Operating_Expense
hasil jualan ikan segar sore ini,Cash,IN,1408300.0,Revenue
TRANSFER BAYAR CICILAN KUR PERIODE NOV,Transfer,OUT,305000.0,Financing
pembelian mika kue & box pizza,Invoice,OUT,325000.0,COGS
CR SWITCHING 2511/FTFVA/WS45516 dana masuk dr rekening utama ke rkg ops,Bank_Mutation,IN,135000.0,Transfer_Internal
cash bayar cicilan pinj kopdit harapan,Cash,OUT,16000000.0,Financing
m-banking masuk pembaayran dari pelanggan akbar 377.500,Transfer,IN,377500.0,Revenue
Penjualan souvenir via QRIS no.PO6343,QRIS,IN,160000.0,Revenue
trf ke rek ops bni,Transfer,OUT,600000.0,Transfer_Internal
belanja pewangi laundry pagi 2305,Cash,OUT,42000.0,COGS
Faktur PO2389 byr batik utk acara kantor desa - Tasrif,Invoice,IN,15000000.0,Revenue
AUTODEBET tarik cash buat modal kembalian,Bank_Mutation,OUT,72000.0,Transfer_Internal
Transfer stiker promo lapak baju,Transfer,OUT,4000000.0,Operating_Expense
transfer pulsa operasional 1.650.000 19/09/25,Transfer,OUT,1650000.0,Operating_Expense
wifi usaha anyaman periode Feb,Cash,OUT,1500000.0,Operating_Expense
inv po3735 biaya perpanjang izin usaha,Invoice,OUT,10000.0,Operating_Expense
SCAN QRIS PENERIMAAN K422288 (BUTIK),QRIS,IN,6000.0,Other
TRF LLG CR 295223 QRIS DANA CUST TOMAT A.N SARTIKA UTAMI,Bank_Mutation,IN,8700.0,Revenue
BI-FAST DB 1807/LLG/WS84547 BIAYA PERPANJANG IZIN USAHA TGL 17/05 600000.00,Bank_Mutation,OUT,600000.0,Operating_Expense
penjualan 08/11 qris kue lapis,QRIS,IN,150000.0,Revenue
SETORAN 560519 REFUND TRANSAKSI TIDAK JELAS,Bank_Mutation,IN,105000.0,Other
Beli masker wajah dr tk Rezeki,Transfer,OUT,100000.0,COGS
Transfer masuk dana masuk untuk dicek,Transfer,IN,350000.0,Other
TRF LLG DB BAYAR ANGSURAN KE PETUAGS BPR MITRA KOLAKA,Bank_Mutation,OUT,550000.0,Financing
DB SWITCHING 05/09 DP ORDER IKAN TONGKOL KE GROSIR SINAR TGL 20/09,Bank_Mutation,OUT,34000000.0,COGS
KREDIT 0601/FTSKN/WS39915 INVESTASI HAERUL SYAM UNTUK USAHA KIOS KECIL,Bank_Mutation,IN,4200000.0,Financing
SETORAN uang masuk ? no INV-2025/7758,Bank_Mutation,IN,39000.0,Other
QRIS Budi Halim beli cukur,QRIS,IN,405000.0,Revenue
Penerimaan kas penjualan mie instan 19 Mei 2025,Cash,IN,300000.0,Revenue
bi-fast nota retur t849049,Transfer,OUT,65000.0,Other
tf masuk dr nur bayar cukur,Transfer,IN,90000.0,Revenue
Pembayaran QRIS bayar air periode Agu periode Agu,QRIS,OUT,700000.0,Operating_Expense
bongkar muat masker wajah grosir andalan,Transfer,OUT,21000.0,COGS
bi-fast isi saldo merchant gopay,Transfer,OUT,699000.0,Transfer_Internal
pembl brg dagang juni ref e66252,Cash,OUT,17000000.0,COGS
Kontrak suplai hiasan dinding tk Prima November,Transfer,IN,4500000.0,Revenue
DEBET TARIK CASH ATM BTN,Bank_Mutation,OUT,1100000.0,Transfer_Internal
TRANSFER MASUK settlement QRIS 20/02/26 58900.00,Bank_Mutation,IN,58900.0,Revenue
Cicil pinjaman Bu Wahyu Agutus,Cash,OUT,882200.0,Financing
Nota INV-2025/2603 beli brg jualan deterjen 2 dus,Invoice,OUT,11459600.0,COGS
PEMBAYARAN TOKEN LISTRIK TOKO SO/06/616,Bank_Mutation,OUT,125000.0,Operating_Expense
Invoice angs KSP Bina Sejahtera PO1796,Invoice,OUT,3870000.0,Financing
terima trf dana masuk dari rekening sendiri,Transfer,IN,12000000.0,Transfer_Internal
TRANSFER SEWA RUKO BULANAN,Transfer,OUT,6720100.0,Operating_Expense
TRF LLG DB 429425 GANTI KOMPONEN BLENDER,Bank_Mutation,OUT,33000.0,Operating_Expense
TT MASUK 0603/LLG/WS50242 NOTA PLG HAMADN TGL 15-05-2025,Bank_Mutation,IN,1900000.0,Revenue
BI-FAST autodebet Indosat bln September 26-07-2026,Transfer,OUT,299000.0,Operating_Expense
TRSF E-BANKING DB PEMBAYARAN AGEN RUSDI 7 FEB 2025 BULAN OKTOBER,Bank_Mutation,OUT,20000000.0,COGS
SETORAN TRANSFER DARI ADIK,Bank_Mutation,IN,25500.0,Other
Pmbelian pack kemasan vakum,Transfer,OUT,237100.0,COGS
Nota SO/02/130 unknown trx INV-2026/5333 - 24/06/25,Invoice,IN,165000.0,Other
tunai closing kasir 2403 total penjualan,Cash,IN,1560000.0,Revenue
BELANJA SABUN CAIR PAGI 13 JAN 2026 - 13 JAN 2026,Cash,OUT,60000.0,COGS
bayar ojol antar barang,Transfer,OUT,32000.0,Operating_Expense
gaji operator april 2026 a.n salma saputra,Transfer,OUT,6667700.0,Operating_Expense
pmbelian barang dagang bulan Desember,Transfer,OUT,787700.0,COGS
TRANSFER KELUAR 1708/LLG/WS76649 WITHDRAW TUNAI BANK SULTRA 0909 800000.00,Bank_Mutation,OUT,800000.0,Transfer_Internal
transfer masuk wati hamzah lunas 11/03 - 11/03,Transfer,IN,14900.0,Revenue
setor 1.069.800 ke bank,Cash,OUT,1069800.0,Transfer_Internal
TRSF E-BANKING CR 20/10 DANA MASUK DARI REKENING SENDIRI 1400000.00,Bank_Mutation,IN,1400000.0,Transfer_Internal
TRF LLG DB 211324 BONUS MULYADI,Bank_Mutation,OUT,4380000.0,Operating_Expense
Invoice F-414 bayar bagi hasil pembiayaan BPR Mitra Kolaka,Invoice,OUT,16000000.0,Financing
pembayraan upah pelayan - 4-01-2025,Cash,OUT,5000000.0,Operating_Expense
M-BANKING MASUK IKAN TUNA TERJUAL KE TK SEJAHTERA NO.SO/05/508,Transfer,IN,8000000.0,Revenue
transfer restock cup plastik 16oz dr agen rizal,Transfer,OUT,50000.0,COGS
cash plg mbak tono - cuci selimut,Cash,IN,10000.0,Revenue
BI-FAST CR dana titipan Rp270.000,Bank_Mutation,IN,270000.0,Other
Terima trf pencairan plafon kredit Kopdit Harapan,Transfer,IN,3100000.0,Financing
TRSF E-BANKING DB 08/06 PERBAIKAN ATAP DEPOT 3500000.00,Bank_Mutation,OUT,3500000.0,Operating_Expense
PAYMENT 24/12 BELI BRG JUALAN MULSA PLASTIK 2 ROLL A.N ASWIN,Bank_Mutation,OUT,832100.0,COGS
Tunai pelanggan Ilham - laundry express,Cash,IN,10000.0,Revenue
Pembayaran QRIS penerimaan INV-2025/6443,QRIS,IN,180000.0,Other
trf ke cv tiga saudara unaaha 350.000 a.n nasir hamzah,Transfer,OUT,350000.0,COGS
TRANSFER MASUK 28/12 PINDAH BUKU DARI BANK SULTRA KE BRI SENDIRI,Bank_Mutation,IN,1700000.0,Transfer_Internal
m-banking gaji penjahit periode agu tgl 9-02-2026,Transfer,OUT,174000.0,Operating_Expense
pelanggan bayar kue lapis pakai qris dana,QRIS,IN,20000.0,Revenue
invoice cv bahari trading m761494 kapas dan tisu,Invoice,OUT,3600000.0,COGS
KR OTOMATIS PEMBULATAN 11/02/26,Bank_Mutation,IN,500000.0,Other
Cash trucking rantai dan gear agen Sukri,Cash,OUT,21000.0,COGS
TRF MASUK PENCAIRAN PEMBIAYAAN MURABAHAH PERMATA,Transfer,IN,13634500.0,Financing
BI-FAST CR 375955 BIAYA ISI PULSA DIBAYAR PAK HASAN,Bank_Mutation,IN,2100000.0,Revenue
COD cair GrabFood #2172,Transfer,IN,500000.0,Revenue
Cash solar pickup operasional,Cash,OUT,25000.0,Operating_Expense
Bunga tabungan CIMB Niaga,Transfer,IN,400000.0,Other
internet bulanan wifi.id,Cash,OUT,60000.0,Operating_Expense
Trf masuk refund 900rb,Transfer,IN,900000.0,Other
pembayaran QRIS kakao Yunus,QRIS,IN,5500.0,Revenue
pemindahan dana dari rekening utama ke rekening operasional,Transfer,OUT,900000.0,Transfer_Internal
Biaya perpanjang izin usaha,Invoice,OUT,250000.0,Operating_Expense
TRF LLG CR 153146 PEMBAYARAN DARI UD KARYA SUMBER REJEKI RP30RB,Bank_Mutation,IN,30000.0,Revenue
CR SWITCHING PEMBAYARAN UKIRAN KAYU DARI ARIFIN VIA CIMB NIAGA,Bank_Mutation,IN,6500000.0,Revenue
belanja bahan harian susu bubuk & pewarna makanan,Cash,OUT,3000000.0,COGS
inv inv-2025/4520 refund tidak jelas rp310.000,Invoice,OUT,310000.0,Other
Kiriman Ramli Rosidi - tgl 2,Transfer,IN,12000.0,Revenue
cetak toples 500ml bermerk,QRIS,OUT,750000.0,COGS
transfer masuk dari sarlin,Transfer,IN,3860000.0,Revenue
PAYMENT Ibu Irfan 30k,Bank_Mutation,OUT,30000.0,Other
BIAYA FOTOKOPI BERKAS USAHA,Transfer,OUT,116700.0,Operating_Expense
biaya tidak jelas 13.000,Bank_Mutation,OUT,13000.0,Other
cash pembelian telur untuk bakery rumahan,Cash,OUT,1100000.0,COGS
QRIS mechant pengeluaran lain tgl 18,QRIS,OUT,1450000.0,Other
TRF LLG DB 532668 BAYAR SEWA RUKO KE UD FAJAR,Bank_Mutation,OUT,900000.0,Operating_Expense
DEBET REFUND CUST TIDAK TERIDENTIFIKASI 900000.00,Bank_Mutation,OUT,900000.0,Other
biaya administrasi lain,Transfer,OUT,700000.0,Other
UANG MASUK ? 13-08-2025,Transfer,IN,15000.0,Other
pembelian brg dagang agustus,Cash,OUT,60000.0,COGS
AUTODEBET BY BEROBAT KELUARGA,Bank_Mutation,OUT,8021900.0,Other
langganan adobe,Cash,OUT,15000.0,Operating_Expense
belanja bhn hrn pisang mentah & minyak goreng bulan Februari,Cash,OUT,330000.0,COGS
kas: bensin motor ops,Cash,OUT,55000.0,Operating_Expense
jual pisang ke tengkulak Mira Yahya,Cash,IN,830000.0,Revenue
DB SWITCHING 131566 BUNGA KREDIT BSI SEPTEMBER 07/04,Bank_Mutation,OUT,600000.0,Financing
BI-FAST CR SETORAN TIDAK TERIDENTIFIKASI 1340000.00,Bank_Mutation,IN,1340000.0,Other
BI-FAST CR TUNAI DISETOR KE REK MANDIRI SENDIRI NO SO/03/676,Bank_Mutation,IN,505500.0,Transfer_Internal
setoran kasir ke kas besar,Cash,OUT,65000.0,Transfer_Internal
TERIMA TF DEWI NDOKE - POTONG RAMBUT,Bank_Mutation,IN,1116400.0,Revenue
withdraw tunai bank sultra 12/09,Cash,IN,900000.0,Transfer_Internal
debet otomatis tidak dikenal no.#8701,Cash,OUT,1800000.0,Other
QRIS MERHANT LAPAK IKAN CUMI,QRIS,IN,62000.0,Revenue
qris angs pinjaman koperasi sejahtera bersama ke-5 no 9213,QRIS,OUT,135000.0,Financing
TRSF DB TRANSFER KE TABUNGAN USAHA BRI,Bank_Mutation,OUT,300000.0,Transfer_Internal
TRSF DB biaya agkut stok 1203 200000.00,Bank_Mutation,OUT,200000.0,COGS
tunai disetor ke rek cimb niaga sendiri,Cash,OUT,700000.0,Transfer_Internal
TRSF E-BANKING CR 0110/FTFVA/WS10336 pindah dana rek Danamon ke rek Bank Sultra usaha,Bank_Mutation,IN,47000000.0,Transfer_Internal
beli pel dan pembersih salon kecantikan,Cash,OUT,1000000.0,Operating_Expense
kirim isi saldo dana bisnis,Transfer,OUT,370000.0,Transfer_Internal
Tunai kracis pasar 26/05,Cash,OUT,23000.0,Operating_Expense
Uang tunai iklan FB ads November 2025,Cash,OUT,175000.0,Operating_Expense
BI-FAST CR SETORAN TNAI,Bank_Mutation,IN,81000.0,Transfer_Internal
bayar qris autodebet pdam jul,QRIS,OUT,1143700.0,Operating_Expense
bayar cash angs pinjaman kur bri ke-12 no.5007,Cash,OUT,2700000.0,Financing
Ambil uang di ATM Rp 1.107.300,Cash,IN,1107300.0,Transfer_Internal
tf antar rek milik sendiri,Transfer,IN,9000000.0,Transfer_Internal
first media 204.100,Cash,OUT,204100.0,Operating_Expense
Transfer masuk pencairan pembiayaan murabahah BCA,Transfer,IN,8600000.0,Financing
TRSF E-BANKING DB 294350 ANGSURAN KE-3 PINJAMAN BANK SULTRA,Bank_Mutation,OUT,1700000.0,Financing
PEMBELIAN BARANG DAGANG APR,Cash,OUT,600000.0,COGS
transfer penyesuaian akhir bln oktober a.n made,Transfer,OUT,1000000.0,Other
By kebersihan toko,Cash,OUT,384300.0,Operating_Expense
Pinjam modal ke Safitri Kurniawan,Cash,IN,2200000.0,Financing
m-banking by admin rekening usaha periode des,Transfer,OUT,243000.0,Operating_Expense
Faktur pembelian plastik grosir agen Zulkifli,Invoice,OUT,2600000.0,COGS
servis kompresor rusak 3 sep,Transfer,OUT,4950000.0,Operating_Expense
CICIL PNJMN RAHAYU NDOKE AGUSTUS 2026,Bank_Mutation,OUT,591600.0,Financing
M-banking karcis pasar 1409,Transfer,OUT,150000.0,Operating_Expense
Bayar cash bayar sampah Feb ref 601Y165,Cash,OUT,300000.0,Operating_Expense
bayar QRIS sebar leaflet 1305,QRIS,OUT,43000.0,Operating_Expense
Transfer cetak kartu nama,Transfer,OUT,1600000.0,Operating_Expense
Invoice NT-5206 bayar listrik Februari 2025,Invoice,OUT,1090000.0,Operating_Expense
Paket data Indihome,QRIS,OUT,490000.0,Operating_Expense
tunai ekspedisi bahan baku agen La Ode Ahmad,Cash,OUT,800000.0,COGS
Pindahkan uang laci ke kas besar 17 Agu,Cash,OUT,1450000.0,Transfer_Internal
Debet otomatis tidak dikenal,Cash,OUT,90000.0,Other
CR SWITCHING PENCAIRAN PEMBIAYAAN KUR BRI U/ MDL USAHA,Bank_Mutation,IN,32000000.0,Financing
Lnasi pinjaman Pak Halim,Transfer,OUT,2800000.0,Financing
Angs pokok BMT Al-Amin periode Jul,Transfer,OUT,12000000.0,Financing
tunai ags ke-6 pnjmn bpr mitra kolaka,Cash,OUT,4390000.0,Financing
voucher pindah kas F-864,Invoice,OUT,275000.0,Transfer_Internal
uang tunai ambil pribadi pemilik,Cash,OUT,2800000.0,Other
TRSF E-BANKING DB 524171 TARIK CASH,Bank_Mutation,OUT,60000.0,Transfer_Internal
CASH SERVIS MOTOR PRIBADI,Cash,OUT,7500000.0,Other
tf bayar kos anak bulan september,Transfer,OUT,49000.0,Other
Uang makan kry bulan Januari,Cash,OUT,3200000.0,Operating_Expense
DP SEWA LAPAK KEDAI KOPI,Bank_Mutation,OUT,16500000.0,Operating_Expense
PAYMENT PELUNASAN KRD MODAL KERJA BTN,Bank_Mutation,OUT,21000000.0,Financing
Gaji Arifin periode Agu,Transfer,OUT,179000.0,Operating_Expense
BI-FAST DB SISIHAKN DANA KE TABUNGAN USAHA CIMB NIAGA,Bank_Mutation,OUT,449700.0,Transfer_Internal
scan QRIS order styrofoam box ke agen Yusuf,QRIS,OUT,680000.0,COGS
Scan QRIS refund tidak jelas 100k,QRIS,OUT,100000.0,Other
QRIS masuk penjualan cuci selimut,QRIS,IN,157000.0,Revenue
Uang tnai bayar hutang modal Rizal,Cash,OUT,10500000.0,Financing
kas: infaq masjid,Cash,OUT,15500.0,Other
"TRSF E-BANKING DB 12/08 KEMASAN CUP SEALER HABIS, BELI 4 BOX",Bank_Mutation,OUT,3900000.0,COGS
PELUNASAN NOTA AGEN DEWI PO1752 - 19/04,Cash,OUT,1827100.0,COGS
TRSF E-BANKING DB BIAYA KIRIM PAKET KE PELANGGAN JNE,Bank_Mutation,OUT,150000.0,Operating_Expense
AUTODEBET LISTRIK STUDIO DESAIN 26/03,Bank_Mutation,OUT,28000.0,Operating_Expense
PAYMENT servis dryer 39000.00,Bank_Mutation,OUT,39000.0,Operating_Expense
TRSF E-BANKING CR 0512/LLG/WS33796 DANA KEMBALI ORDER DIBATALKAN INV-2026/2606,Bank_Mutation,IN,310000.0,Other
tarik tunai buat kas - 1402,Cash,IN,1800000.0,Transfer_Internal
Bayar kekurangan bumbu dapur CV Anugerah Konawe,Transfer,OUT,1600000.0,COGS
belanja minyak goreng pagi 20/11,Transfer,OUT,40000.0,COGS
inv nt-8713 pendapatan pesanan syukuran yunus,Invoice,IN,600000.0,Revenue
QR bongkar muat pupuk urea grosir Makmur no.INV-2025/9807,QRIS,OUT,1000000.0,COGS
BUKTI TRANSFER ANTAR REKENING INV-2026/8455,Invoice,OUT,488000.0,Transfer_Internal
cash plg cust made - nasi goreng,Cash,IN,190000.0,Revenue
Dana masuk Lestari no.F-520,Transfer,IN,80000.0,Revenue
Nota F-668 langganan Adobe,Invoice,OUT,274100.0,Operating_Expense
sumbangan hajatan nasir bado,Transfer,OUT,135000.0,Other
QRIS pengembalian dana NT-2504,QRIS,IN,85000.0,Other
Kontrak suplai kangkung CV Mutiara Juli,Transfer,IN,4450000.0,Revenue
Uang tunai pelunasan krd mdl kerja BTN,Cash,OUT,44000000.0,Financing
upah perawatan rambut 24 jul ref h89544,Cash,IN,115000.0,Revenue
BI-FAST DB TARIKAN ATM,Bank_Mutation,OUT,210200.0,Transfer_Internal
UANG KEMBALIAN DARI BANK MUAMALAT,Cash,IN,1400000.0,Transfer_Internal
KREDIT INVESTASI BU AGUS UNTUK USAHA KIOS KECIL,Bank_Mutation,IN,1757500.0,Financing
bayar rias pengantin scan qris,QRIS,IN,254100.0,Revenue
bayar cash bayar sup agen arman susu bubuk no.7362,Cash,OUT,6000000.0,COGS
qris ongkos servis rak display periode jul,QRIS,OUT,2400000.0,Operating_Expense
Bayar cash stok barang dagangan sabun mandi,Cash,OUT,125000.0,COGS
terima pembayaran jasa cuci kiloan,Transfer,IN,232000.0,Revenue
PELUNASAN ORDER KIOS BERSAMA,Bank_Mutation,IN,301000.0,Revenue
Tunai bayar grosir Prima,Cash,OUT,110000.0,COGS
M-banking sebar leaflet 20/06,Transfer,OUT,215000.0,Operating_Expense
dana titipan 100k,Cash,IN,100000.0,Other
kas: jual latte ke pelanggan tetap,Cash,IN,1220000.0,Revenue
Cash dana KUR BRI masuk ref 337Y823,Cash,IN,750000.0,Financing
TRANSFER MASUK SALDO TABUNGAN USAHA DIPINDAH KE REK DANAMON,Bank_Mutation,IN,440000.0,Transfer_Internal
penjualan grosir anyaman ke reseller Ibu Ikbal,Transfer,IN,2050000.0,Revenue
hasil pnjualan disetor ke bank 06/02/26,Cash,OUT,2880000.0,Transfer_Internal
BI-FAST CR 502912 DANA TITIPAN 7.500.000,Bank_Mutation,IN,7500000.0,Other
TRSF E-BANKING CR 0205/BIFAST/WS34292 QRIS MERCHANT PRODUKSI MAKANAN OLAHAN SALE PISANG 294000.00,Bank_Mutation,IN,294000.0,Revenue
pembayaran qris prive bulan maret,QRIS,OUT,2970000.0,Other
transfer salah kirim Bapak Alfian,Transfer,IN,120000.0,Other
cash transaksi tidak dikenal,Cash,OUT,10000.0,Other
Cust Ridan lunas 16 Jun 2026 (warung),Transfer,IN,48900.0,Revenue
trf kembalikan pinjaman ke Wulan Putri,Transfer,OUT,1000000.0,Financing
TRSF DB SISIHKAN DANA KE TABUNGAN USAHA PERMATA,Bank_Mutation,OUT,190000.0,Transfer_Internal
QRIS DANA PELANGGAN LAMPU LED - 05/04/26,QRIS,IN,8000.0,Revenue
PAYMENT CICILAN KOPDIT HARAPAN,Bank_Mutation,OUT,7000000.0,Financing
Penjualan jaket via QRIS,QRIS,IN,111000.0,Revenue
m-banking masuk tarik saldo DANA milik usaha,Transfer,IN,4330300.0,Transfer_Internal
tunai tambah stok gula pasir 50 kg,Cash,OUT,2100000.0,COGS
TRSF DB HUTANG DAGANG CV BERKAH LUNAS 300000.00,Bank_Mutation,OUT,300000.0,COGS
voucher pindah kas inv-2026/0809,Invoice,OUT,1650000.0,Transfer_Internal
pengembalian dana transaksi S784073,Invoice,OUT,260000.0,Other
"PINDAH DANA RP10,5JT",Transfer,IN,10500000.0,Transfer_Internal
DB SWITCHING 28/01 BAYAR BAGI HASIL PEMBIAYAAN KUR BNI (USAHA IKAN) 17500000.00,Bank_Mutation,OUT,17500000.0,Financing
terima trf terima #38591,Transfer,IN,1794100.0,Other
BI-FAST CR 716520 TF ANTAR REKENING MILIK SENDIRI,Bank_Mutation,IN,405000.0,Transfer_Internal
HASIL PENUJALAN DISETOR KE BANK 10/02/26 TGL 10/02/26,Bank_Mutation,IN,4000000.0,Transfer_Internal
Slip setoran Danamon #78791,Invoice,IN,12000000.0,Transfer_Internal
deposit tunai ke rek sendiri,Cash,OUT,1400000.0,Transfer_Internal
Dana masuk dari rekening utama ke rekening operasional,Transfer,IN,310000.0,Transfer_Internal
biaya penyesuaian,Invoice,OUT,2200000.0,Other
Uang tunai bayar sampah September 2025,Cash,OUT,75000.0,Operating_Expense
Inv PO8334 bayar kekurangan tinta plotter agen Salma,Invoice,OUT,2300000.0,COGS
PAYMENT KIRIM KE REK SENDIRI RP 4.100.000 BULAN DESEMBER 4100000.00,Bank_Mutation,OUT,4100000.0,Transfer_Internal
SETORAN 0901/FTSCY/WS30339 TRANSFER MASUK DARI PELANGGAN YANTI PEMBAYARAN SAGU LEMPENG JAN,Bank_Mutation,IN,22000.0,Revenue
cash upah harian melati,Cash,OUT,4100000.0,Operating_Expense
PMB QRIS BAYAR GJ PEGAWAI 5 ORANG,QRIS,OUT,127000.0,Operating_Expense
KREDIT PMB ORDER CETAK UNDANGAN - BU SALMA,Bank_Mutation,IN,24000.0,Revenue
BAYAR FIRMAN AGUSTUS TGL 23 JUN,Bank_Mutation,OUT,430100.0,Operating_Expense
PEMBAYARAN QRIS SUP KONRO JUMRIAH,QRIS,IN,10000.0,Revenue
cash bayar kos anak jan,Cash,OUT,25000.0,Other
CASH SWA RUKO BULANAN (TOKO SERBA ADA),Cash,OUT,16000000.0,Operating_Expense
TT MASUK TRF PELANGGAN RAHAYU BAYAR ORDER PERALATAN RUMAH TANGGA,Bank_Mutation,IN,390000.0,Revenue
Pmb QRIS dr Darmin utk facial,QRIS,IN,55000.0,Revenue
Unknown trx 4955,Transfer,OUT,6000000.0,Other
CASH PEMASUKAN LAPAK BAJU 11-07-2025,Cash,IN,1340000.0,Revenue
M-banking pembayaran bulanan tgl 17,Transfer,OUT,10000.0,Other
DEBET TARIK TUNAI 160.000,Bank_Mutation,OUT,160000.0,Transfer_Internal
TT MASUK 481100 HASIL PNJUALAN DISETOR KE BANK 09/05/26,Bank_Mutation,IN,500000.0,Transfer_Internal
terima trf bayar jasa antar belanja dari pelanggan saharuddin,Transfer,IN,4896700.0,Revenue
QR arisan RT Februari 2025,QRIS,OUT,2450000.0,Other
QRIS merchant barbershop creambath,QRIS,IN,99000.0,Revenue
trsf pelunasan dipercepat KUR BSI,Transfer,OUT,1600000.0,Financing
TF settle invoice supplier Depot Sentosa April 2026,Transfer,OUT,1400000.0,COGS
krm ke cv mandiri trading 24jt a.n salma kurniawan,Cash,OUT,24000000.0,COGS
dana bmt al-amin masuk,Transfer,IN,4800000.0,Financing
Faktur NT-9410 autodebet angsuran PNM Mekaar,Invoice,OUT,155000.0,Financing
faktur inv-2026/8854 order partai creambath dari depot tiga saudara muna,Invoice,IN,16689000.0,Revenue
TRSF CR terima modal mitra usaha Laode Rusman Yahya,Bank_Mutation,IN,16636300.0,Financing
Nota kulak minuman kemasan S495045,Invoice,OUT,4700000.0,COGS
DB SWITCHING 1412/FTSKN/WS75538 TARIK TUNAI ATM MANDIRI,Bank_Mutation,OUT,1800000.0,Transfer_Internal
bayar cash bayar koperasi nelayan bahari rp17.000.000,Cash,OUT,17000000.0,Financing
OJEK ONLNIE KRM 10 PAKET,Bank_Mutation,OUT,60000.0,Operating_Expense
Pembelian kain batik 30 meter,QRIS,OUT,3400000.0,COGS
Cicil pinjaman Bu Firman April,Transfer,OUT,900000.0,Financing
dp sewa lapak warung makan,Transfer,OUT,12000000.0,Operating_Expense
SERVIS MOTOR PRIBADI REF C4554,Bank_Mutation,OUT,10000000.0,Other
"KRD SETOR CASH 16,5JT",Bank_Mutation,IN,16500000.0,Transfer_Internal
TRF BAYAR KONTRAKAN USAHA AGUSTUS,Transfer,OUT,3550000.0,Operating_Expense
TRF LLG DB 1111/FTSKN/WS33518 TRANSFER KE LINKAJA USAHA SENDIRI,Bank_Mutation,OUT,64600.0,Transfer_Internal
TRANSFER KELUAR 25/10 BAYAR HUTANG MODAL MBAK WATI,Bank_Mutation,OUT,802900.0,Financing
TF infaq masjid bln Agustus,Transfer,OUT,1950000.0,Other
bayar pesanan cuci selimut 2 10 pcs rina,Invoice,IN,250000.0,Revenue
KAS: PEMBELIAN PLASTIK KEMASAN LAUNDRY 3 PAK,Cash,OUT,115000.0,COGS
TRANSFER KELUAR 19/10 PENUTUPAN PINJAMAN BMT AL-AMIN 9612,Bank_Mutation,OUT,1850000.0,Financing
setoran angsuran mingguan koperasi nelayan bahari a.n vina,Cash,OUT,478000.0,Financing
kirim penyesuaian saldo,Transfer,OUT,17500.0,Other
trf internet bulanan biznet,Transfer,OUT,150000.0,Operating_Expense
Terima trf Hj. Halim bayar Rp60rb,Transfer,IN,60000.0,Revenue
transfer masuk dari Hasrul Jaya pebayaran ikan segar,Transfer,IN,4600000.0,Revenue
Slip setoran BCA NT-8917,Invoice,IN,427000.0,Transfer_Internal
TRSF E-BANKING DB PEMBAYARAN UPAH MEKANIK,Bank_Mutation,OUT,260000.0,Operating_Expense
TRSF DB bayar les anak,Bank_Mutation,OUT,431000.0,Other
PINDAH BUKU DARI BTN KE BRI SENDIRI,Transfer,IN,10000000.0,Transfer_Internal
bayar QRIS bayar les anak,QRIS,OUT,3400000.0,Other
qr ekspedisi bhn baku nelayan vina,QRIS,OUT,1140000.0,COGS
zakat bulan Juni,Cash,OUT,13000.0,Other
Trsf perbaikan atap usaha kerajinan,Transfer,OUT,130300.0,Operating_Expense
Tunai pencairan kredit mdl kerja Koperasi Tani Makmur,Cash,IN,20600200.0,Financing
Invoice #40411 Kak Tasrif paid,Invoice,IN,11000000.0,Revenue
terima transfer bahar purnama - minyak goreng,Transfer,IN,23000.0,Revenue
Pembayaran goregnan dari Sarlin Sudirman via Muamalat no.SO/04/268,Transfer,IN,100000.0,Revenue
Bayar air periode Jan,Cash,OUT,79000.0,Operating_Expense
angsuran kur bni bulan 2,Transfer,OUT,1231300.0,Financing
tiara syam lunas tgl 10,Transfer,IN,70000.0,Revenue
inv f-119 bayar pokok pembiayaan bpr sultra mandiri 27/10 ref 475x248,Invoice,OUT,16500000.0,Financing
QRIS retock deterjen (toko bahan pokok),QRIS,OUT,37000.0,COGS
krm lunas nota ud damai tektil f-067,Transfer,OUT,1200000.0,COGS
Uang dari teman,Cash,IN,15000.0,Other
M-BANKING MASUK PEMBAYAARN HAIR COLORING DARI PAK SALMA VIA BRI,Transfer,IN,110000.0,Revenue
pengembalian dana investor Firman Hamzah,Cash,OUT,9000000.0,Financing
PAYMENT TARIKAN ATM,Bank_Mutation,OUT,500000.0,Transfer_Internal
faktur a841253 by listrik dan air periode nov,Invoice,OUT,33000.0,Operating_Expense
DB SWITCHING PENUTUPAN PINJAMAN PEGAADIAN PO3917,Bank_Mutation,OUT,47000000.0,Financing
Koreksi transaksi N42227,Cash,OUT,1800000.0,Other
faktur so/07/405 pengiriman bahan dari toko sumber baru trading via kurir tk,Invoice,OUT,85000.0,COGS
trf masuk dana talnagan modal Bu Indra,Transfer,IN,38500000.0,Financing
PEMBYRN SETORAN ANGSURAN MINGGUAN BMT AL-AMIN,Bank_Mutation,OUT,14500000.0,Financing
bayar cash sri utk alat tulis,Cash,IN,115000.0,Revenue
TRF MASUK DANA MASUK DARI REKENING SENDIRI JAN,Transfer,IN,3950000.0,Transfer_Internal
pindahkan uang laci ke kas besar 5 Jan 2025,Cash,OUT,1550000.0,Transfer_Internal
TRSF DB 06/11 BAYAR TAGIHAN TELKOMSEL DESEMBER 145000.00,Bank_Mutation,OUT,145000.0,Operating_Expense
QRIS merchant iuran warga periode Des,QRIS,OUT,50000.0,Other
KR OTOMATIS PENJUALAN PARTAI BESAR TOPI ANYAMAN CV MANDIRI BAHARI,Bank_Mutation,IN,275000.0,Revenue
Bensin 1 Jun ref C48048,QRIS,OUT,15100.0,Operating_Expense
PEMBAYARAN QRIS PULSA OPERASIONAL 45.000,QRIS,OUT,45000.0,Operating_Expense
DB SWITCHING ANGS POKOK KUR MANDIRI BULAN OKTOBER,Bank_Mutation,OUT,9800000.0,Financing
pemasukan toko serba ada 1505,Cash,IN,1150000.0,Revenue
DB SWITCHING 0801/FTFVA/WS14913 SELISIH REKONSILIASI PERIODE JUN,Bank_Mutation,OUT,1450000.0,Other
Uang cash angs ke-5 pinjaman KUR BNI,Cash,OUT,590000.0,Financing
Transfer keluar 41.000 tanpa catatan,Cash,OUT,41000.0,Other
terima trf pinjaman dari Anwar Susanto untuk modal,Transfer,IN,3200000.0,Financing
setoran kas ke tabungan BTN,Cash,OUT,1800000.0,Transfer_Internal
kirim debet otomatis tidak dikenal (januari),Transfer,OUT,285000.0,Other
"Trf masuk kas masuk dari tabungan 21,8jt tgl 3",Transfer,IN,21800000.0,Transfer_Internal
scan qris perbaikan ac,QRIS,OUT,30700.0,Operating_Expense
bayar qris krd tanpa berita,QRIS,IN,5100.0,Other
krm restock gula halus ref 241y419,Transfer,OUT,717800.0,COGS
TRSF DB 773839 TARIK TUNAI REKENING USAHA BTN,Bank_Mutation,OUT,3800000.0,Transfer_Internal
kiriman pelanggan Wahyu,Transfer,IN,205000.0,Revenue
Kas: angsuran ke-12 pinjaman KUR BNI,Cash,OUT,235000.0,Financing
pengembalian dana tgl 12,Transfer,OUT,100000.0,Other
trf masuk dropping KSP Bina Sejahtera,Transfer,IN,38000000.0,Financing
Byr upah Herman,Cash,OUT,2700000.0,Operating_Expense
TRSF E-BANKING CR 0212/FTFVA/WS26079 PENYETORAN HASIL DAGANG KE REKENING USAHA,Bank_Mutation,IN,1880500.0,Transfer_Internal
Setor kas 220k (percetakan digital),Cash,OUT,220000.0,Transfer_Internal
TUNAI ONGKOS SERIVS RAK DISPLAY JUN,Cash,OUT,900000.0,Operating_Expense
Pengembalian dana transaksi NT-9770,QRIS,OUT,1300000.0,Other
Pembayaran order online Lazada D97348,Transfer,IN,1050000.0,Revenue
trf ke Grosir Mutiara pembelian kertas art carton,Transfer,OUT,1600000.0,COGS
Terima trsf Marlina - web company profile no.PO6218,Transfer,IN,50000.0,Revenue
kas: endorse selebgram lokal,Cash,OUT,2350000.0,Operating_Expense
trsf masuk titipan Yunus Mustari,Transfer,IN,285000.0,Other
PEMBAYARAN ANGSURAN PEMBIAYAAN PO7939,Transfer,OUT,2700000.0,Financing
hasil jualan barang elektronik kecil sore ini,Cash,IN,774900.0,Revenue
Kas: pmbelian pack label harga,Cash,OUT,1222200.0,COGS
PEMBAYARAN POKOK PINJAMAN KOPERASI SEJAHTERA BERSAMA,Bank_Mutation,OUT,105000.0,Financing
m-banking masuk ongkos edit video jumriah,Transfer,IN,1700000.0,Revenue
trf bayar swa ruko ke Kios Surya,Transfer,OUT,550000.0,Operating_Expense
TRF BAYAR GAJI PGW 1 ORANG,Transfer,OUT,2700000.0,Operating_Expense
ongkos angkut kopi sachet renceng dr cv tani elektrik no inv-2026/2198,Transfer,OUT,18600.0,COGS
Bayar QRIS beli pupuk kadang dari petani Yanti,QRIS,OUT,180300.0,COGS
ongkos pengerjaan jasa setrika,Transfer,IN,65000.0,Revenue
kas: laku souvenir 3 biji,Cash,IN,1350000.0,Revenue
setoran tunai rek usaha Mandiri,Cash,OUT,113000.0,Transfer_Internal
setor omzet 1606 ke rekening Permata,Cash,OUT,12500000.0,Transfer_Internal
TT MASUK TIKTOK SHOP WITHDRAW HASIL JUALAN KUE KERING 2400000.00,Bank_Mutation,IN,2400000.0,Revenue
PELUNASAN KREDIT MODAL KERJA PERMATA,Bank_Mutation,OUT,150000.0,Financing
PEMBYRN 2012/FTSCY/WS39313 CICIL PINJ KOPERASI DES 16000000.00,Bank_Mutation,OUT,16000000.0,Financing
QR pengembalian dana transaksi PO1494,QRIS,OUT,141700.0,Other
bi-fast bayar bagi hasil pembiayaan kur bni,Transfer,OUT,15953100.0,Financing
PAYMENT 248146 PEMBAYARAN RUTIN (DESEMBER),Bank_Mutation,OUT,9000.0,Other
hutang dagang cv maju lunas,Cash,OUT,1400000.0,COGS
setor omzet 28/05/25 ke rkg muamalat,Cash,OUT,1873300.0,Transfer_Internal
DEBET 1112/BIFAST/WS25039 setoran angsuran 495k,Bank_Mutation,OUT,495000.0,Financing
krm listrik jasa digital 2808,Transfer,OUT,34000.0,Operating_Expense
DEBET ANGSURAN BPR SULTRA MANDIRI 23 APR APR,Bank_Mutation,OUT,3400000.0,Financing
trf iuran arisan keluarga,Transfer,OUT,60000.0,Other
bayar sewa ruko ke ud sinar kemasan,Cash,OUT,500000.0,Operating_Expense
qris merchant isi saldo gopay bisnis (tambal ban),QRIS,OUT,900000.0,Transfer_Internal
CR SWITCHING 12/04 PENARIKAN SALDO PENJUAL LAZADA,Bank_Mutation,IN,2130000.0,Revenue
pmb ke agen saharuddin inv nt-7162,Transfer,OUT,6000000.0,COGS
Pembayaran QRIS pmb rutin tgl 1306,QRIS,OUT,35600.0,Other
pemeliharaan peralatan etalase kaca,Cash,OUT,3400000.0,Operating_Expense
TRSF DB TRF PEGADAIAN RP450.000 REF 79177417 450000.00,Bank_Mutation,OUT,450000.0,Financing
scan QRIS denda tilang,QRIS,OUT,7000.0,Other
TRSF E-BANKING DB BAYAR ANGSURAN KE PETUGAS KOPERASI TANI MAKMUR,Bank_Mutation,OUT,320000.0,Financing
PMB PINDAH BUKU PERMATA KE MUAMALAT SENDIRI (PERIODE MEI),Bank_Mutation,OUT,1100000.0,Transfer_Internal
DEBET 2710/FTFVA/WS42875 ANGSURAN KE-6 PINJAMAN KOPDIT HARAPAN,Bank_Mutation,OUT,11694000.0,Financing
TRSF DB 302099 INVOICE KOREKSI INV-2025/1721 DESEMBER,Bank_Mutation,OUT,90000.0,Other
bayar qris ekspedisi bahan baku grosir sumber rejeki,QRIS,OUT,175700.0,COGS
TRF LLG DB PELUNASAN DIPERCEPAT KUR BANK SULTRA,Bank_Mutation,OUT,1200000.0,Financing
terima trf bunga tabungan BSI Sepetmber,Transfer,IN,1730000.0,Other
bi-fast beli pestisida ke pasar sentral,Transfer,OUT,2050000.0,COGS
Transfer ke Mandiri atas nama sendiri,Transfer,OUT,226000.0,Transfer_Internal
BI-FAST CR PENCAIRAN PEMBIAYAAN MURABAHAH BCA,Bank_Mutation,IN,24000000.0,Financing
BAYAR CICILAN KUR JAN,Bank_Mutation,OUT,600000.0,Financing
GrabFood withdraw hasil jualan es teh,Bank_Mutation,IN,310000.0,Revenue
biaya adm usaha September,Transfer,OUT,1778800.0,Operating_Expense
Pelanggan Yanti kirim uang beli dodol,Transfer,IN,245000.0,Revenue
bayar QRIS bayar Saldi bulan Juli no.L774400,QRIS,OUT,75000.0,Operating_Expense
BI-FAST CR 26/03 uang muka tidak jelas peruntukan,Bank_Mutation,IN,405000.0,Other
pembayaran bahan baku rantai dan gear - agen Yanti,Transfer,OUT,17580100.0,COGS
TRSF E-BANKING CR 462351 pendapatan pesanan wisuda pak Sumarni,Bank_Mutation,IN,26424000.0,Revenue
PINJ KELUARGA SUMARNI MODAL USAHA,Transfer,IN,5424500.0,Financing
Cicil pinjaamn koperasi periode Mar,Invoice,OUT,1050000.0,Financing
cash uang dari teman no.inv-2026/7945,Cash,IN,773700.0,Other
KR OTOMATIS PINJAMAN LUNAK DR MAS JUMRIAH A.N MAS JUMRIAH,Bank_Mutation,IN,9381900.0,Financing
BI-FAST DB PELUNASAN NOTA AGEN BINTANG GROSIR #36376,Bank_Mutation,OUT,27000000.0,COGS
KR OTOMATIS 559057 DROPING KOPERASI SEJAHTERA BERSAMA 5 APR 7000000.00,Bank_Mutation,IN,7000000.0,Financing
terima pindahan dana dari rek BNI usaha,Transfer,IN,690000.0,Transfer_Internal
AUTODEBET 176985 PENGIRIMAN BAHAN DARI UD PRIMA KENDARI VIA TRAVEL,Bank_Mutation,OUT,50000.0,COGS
kirim ke Toko Tani Rp 6.000.000,Transfer,OUT,6000000.0,COGS
susu kaleng x6 qris (toko sembako),QRIS,IN,260000.0,Revenue
TT MASUK 674064 TERIMA PEMBAYARAN JASA PERMAK,Bank_Mutation,IN,39500.0,Revenue
kirim bayar ags ke petugas ksp bina sejahtera,Transfer,OUT,5500000.0,Financing
scan qris pengeluaran lain 21/09/26 21/09/26,QRIS,OUT,6000.0,Other
penjualan tunai kopi tubruk,Cash,IN,1200000.0,Revenue
TRSF E-BANKING DB PEMBAYARAN KE AGEN SALDI INV F-644,Bank_Mutation,OUT,1200000.0,COGS
transfer bayar cicilan 1800000,Transfer,OUT,1800000.0,Financing
NOTA SO/09/846 PEMELIHARAAN PERALATAN AC,Invoice,OUT,5500000.0,Operating_Expense
Penjualan ikan tongkol ke Sarlin Rosidi lunas tunai,Cash,IN,49000.0,Revenue
PEMBAYARAN KIRIM UANG KE GROSIR REZEKI,Bank_Mutation,OUT,178000.0,COGS
TARIK TUNAI UTK KAS KECIL REF 90153799,Bank_Mutation,OUT,831000.0,Transfer_Internal
uang keamanan usaha kerajinan Mei,Cash,OUT,60000.0,Operating_Expense
Biaya kebersihan tk,Cash,OUT,66000.0,Operating_Expense
Saldo tabungan usaha dipindah ke rek Permata,Transfer,IN,20000000.0,Transfer_Internal
qr pembayaran masuk 45754506,QRIS,IN,125000.0,Other
SETORAN PENCAIRAN PINJAMAN BANK SULTRA,Bank_Mutation,IN,22000000.0,Financing
Transfer angsuran KUR Permata bulan 6,Transfer,OUT,570000.0,Financing
bi-fast ig ads promosi usaha oleh-oleh,Transfer,OUT,3600000.0,Operating_Expense
KIRIM CICIL PINJAMAN ASWIN SAPUTRA BULAN AGUSTUS,Transfer,OUT,4678100.0,Financing
top up dompet digital usaha DANA tgl 1 Jul,Transfer,OUT,400000.0,Transfer_Internal
AUTODEBET AMBIL BARANG MANIK-MANIK DARI AGEN SRI 2 KG,Bank_Mutation,OUT,11377600.0,COGS
Isi kas kecil dari rkg,Cash,IN,900000.0,Transfer_Internal
DEBET 224437 TRF KE REK BANK SULTRA A.N USAHA SENDIRI,Bank_Mutation,OUT,150000.0,Transfer_Internal
KAS: BELANJA KEBUTUHAN RUMAH TANGGA,Cash,OUT,14000.0,Other
beli kertas foto dari Toko Cahya Muna,Cash,OUT,115200.0,COGS
terima trf pencairan pinj pnm mekaar,Transfer,IN,32000000.0,Financing
Bayar teknisi servis laptop kerja,Transfer,OUT,5100000.0,Operating_Expense
PEMBAYARAN QRIS BAYAR BANK SULTRA PERIODE JUL 3.400.000,QRIS,OUT,3400000.0,Financing
bayar tb karya u/ busi,Transfer,OUT,5500000.0,COGS
Trf masuk penjualan grosir ganti kampas rem ke reseller TB Damai,Transfer,IN,3000000.0,Revenue
nota kulak hijab dari supplier so/03/787,Invoice,OUT,3340000.0,COGS
PEMBAYARAN 1308/FTSKN/WS73493 TRANSFER KELUAR,Bank_Mutation,OUT,1250000.0,Other
BAYARAN PELANGGAN MULYADI,Transfer,IN,121000.0,Revenue
TRSF CR TERIMA PINDAHAN DANA DARI REK BTN USAHA TGL 04/07/26,Bank_Mutation,IN,3300000.0,Transfer_Internal
Uang cash dana masuk dr BTN,Cash,IN,4560000.0,Financing
TRSF CR PINDAH BUKU DR BNI KE CIMB NIAGA SENDIRI,Bank_Mutation,IN,3100000.0,Transfer_Internal
bayar sapmah bln maret tgl 28/04,Transfer,OUT,35000.0,Operating_Expense
Nota belanja shampoo profesional agen Sri,Invoice,OUT,1100000.0,COGS
TRSF CR TF KAK AINUN SISA PEMBAYARAN CAKE POP,Bank_Mutation,IN,740000.0,Revenue
TF DANAMON KE BANK SULTRA RP 600.000 (MARET 2025),Transfer,OUT,600000.0,Transfer_Internal
TRF LLG DB 20/07 UPAH WATI MIGGU 12,Bank_Mutation,OUT,145000.0,Operating_Expense
TRSF CR 1906/BIFAST/WS57542 TRSF MASUK DR MADE PEMBYRN CUCI BED COVER,Bank_Mutation,IN,11000000.0,Revenue
trf stok paper bag 6 buah (April),Transfer,OUT,40000.0,COGS
MASUK DARI CIMB NIAGA KRD,Bank_Mutation,IN,15285800.0,Financing
Inv #70132 pembayaran rutin Rp 3.400.000 a.n Ratih Wijaya,Invoice,OUT,3400000.0,Other
PAYMENT 04/04 ANGS PNJMN KOPERASI SEJAHTERA BERSAMA KE-3,Bank_Mutation,OUT,5900000.0,Financing
invoice so/11/163 refund tidak jelas 2800000,Invoice,OUT,2800000.0,Other
penerimaan 0198,QRIS,IN,8000000.0,Other
TERIMA TRF DANA KUR MASUK OKT,Transfer,IN,8000000.0,Financing
DROPPING PINJAMAN MODAL KERJA,Bank_Mutation,IN,2479100.0,Financing
PAYMENT DENDA KETERLAMBATAN ANGSURAN PEGADAIAN,Bank_Mutation,OUT,125000.0,Financing
uang dr teman Mei,Transfer,IN,1700000.0,Other
BI-FAST DB 0901/FTSKN/WS47391 CICIL PINJ SITI DESEMBER,Bank_Mutation,OUT,315000.0,Financing
invoice grosir damai nt-5171 pupuk kandang,Invoice,OUT,674800.0,COGS
UANG TUNAI HONOR WAHYU AUSTUS,Cash,OUT,12000000.0,Operating_Expense
uang tnai retock mika kue dr agen jamal,Cash,OUT,400000.0,COGS
Bayar Agen Pelangi daun pandan anyam 10 ikat,Transfer,OUT,8500000.0,COGS
setor tunai rp 55.000 no #70130,Cash,OUT,55000.0,Transfer_Internal
cash perbaikan atap usaha pertanian,Cash,OUT,150000.0,Operating_Expense
trf masuk koreksi transaksi so/11/444,Transfer,IN,48000.0,Other
TT MASUK SETOR PENDAPATAN HRN KE BANK,Bank_Mutation,IN,900000.0,Transfer_Internal
faktur b131090 cicil pnjmn koperasi januari,Invoice,OUT,14500000.0,Financing
tunai hasil jualan tas rotan sore ini,Cash,IN,65000.0,Revenue
invoice pembelian bahan b225240,Invoice,OUT,2100000.0,COGS
kiriman dari ayah,Transfer,IN,20000.0,Other
KREDIT TERMIN PEMBAYARAN PROYEK JASA FOTOKOPI UD SEJAHTERA,Bank_Mutation,IN,11500000.0,Revenue
mdl belanja deterjen 2,Transfer,OUT,280000.0,COGS
kas: jual kepiting ke tengkulak sartika,Cash,IN,14200000.0,Revenue
BI-FAST DB TIKTOK ADS TGL 8,Bank_Mutation,OUT,1400000.0,Operating_Expense
beli bubuk cokat di pasar,Cash,OUT,130000.0,COGS
kredit cair mandiri,Cash,IN,1400000.0,Financing
ambil uang di atm 455k,Cash,IN,455000.0,Transfer_Internal
penjualan mie instan ke Wahyu lunas tunai,Cash,IN,58000.0,Revenue
Pengeluaran prbadi pemilik 60.000,Transfer,OUT,60000.0,Other
BAYAR CASH DROPING KUR BRI 7 OKT,Cash,IN,15000000.0,Financing
payout gofood penjualan ganti kampas rem,Transfer,IN,1350000.0,Revenue
BI-FAST DB 0207/FTSKN/WS22995 RETUR DANA KE PMBELI NT-2242,Bank_Mutation,OUT,24000.0,Other
TRSF CR 421913 UD TANI TRANSFER PEMBAYARAN 3 JAMBU METE,Bank_Mutation,IN,10500000.0,Revenue
Trucking deterjen CV Fajar Motor,Cash,OUT,600000.0,COGS
Retur dana ke pembeli B856329 (bakery rumahan),QRIS,OUT,4614500.0,Other
belanja pribadi 18-01-2025,QRIS,OUT,500000.0,Other
QRIS bensin motor ops,QRIS,OUT,190000.0,Operating_Expense
hasil QRIS 26-01-2026,QRIS,IN,80000.0,Revenue
biaya tidak jelas 44.000,Transfer,IN,44000.0,Other
mdl kembalan kasir 0512 (produksi makanan olahan),Cash,OUT,1100000.0,Transfer_Internal
Transfer bayar cicilan pinjaman Kopdit Harapan no 9040,Transfer,OUT,610000.0,Financing
Kas kecil keluar ke kasir pagi,Cash,OUT,475000.0,Transfer_Internal
CAIR PEMBIAYAAN MURABAHAH BRI,Bank_Mutation,IN,5083100.0,Financing
TRSF E-BANKING DB BIAYA ANGKUT STOK 5 JAN,Bank_Mutation,OUT,57000.0,COGS
Dana masuk tanpa keterangan 27/08/26,Cash,IN,30000.0,Other
qris merchant reversal masuk 5967,QRIS,IN,1320000.0,Other
cash hadiah undian a.n Nasir Abdullah,Cash,IN,280000.0,Other
tf iuran warga juni,Transfer,OUT,24000.0,Other
DEBET TARIK TUNAI UTK KAS KECIL,Bank_Mutation,OUT,190000.0,Transfer_Internal
TRSF E-BANKING DB 2705/LLG/WS27354 MDR QRIS PERIODE MAR,Bank_Mutation,OUT,9000.0,Operating_Expense
BI-FAST CR DANA KUR MASUK JUNI,Bank_Mutation,IN,14000000.0,Financing
Invoice pjl donat Jan,Invoice,IN,50000.0,Revenue
thr karyawan periode jul ref a99116,Cash,OUT,5800000.0,Operating_Expense
TRSF DB ambil cash dr rek BSI usaha 90000.00,Bank_Mutation,OUT,90000.0,Transfer_Internal
PEMBAYARAN 21/03 ONGKOS KIRIM BELI BHN PENGAWET IKAN TGL 21,Bank_Mutation,OUT,130000.0,COGS
Terima trf terima pinjaman dari Koperasi Nelayan Bahari Desember,Transfer,IN,5000000.0,Financing
SETORAN 1201/BIFAST/WS92801 TERIMA PINJAMAN DR KOPERASI NELAYAN BAHARI,Bank_Mutation,IN,6000000.0,Financing
pembayaran supplier Depot Harapan pengharum ruangan cucian,Transfer,OUT,7000000.0,COGS
FAKTUR NT-9474 PENGMBALIAN DANA INV-2026/9591 (SALON MUSLIMAH),Invoice,IN,3300000.0,Other
TRSF DB 17/07 BIAYA ANGKUT STOK 10 AGU 101000.00,Bank_Mutation,OUT,101000.0,COGS
tunai ambil brg sabun mandi dari agen anwar 1 dus,Cash,OUT,5000000.0,COGS
"stok jualan gula pasir habis, tambah 50 kg",Transfer,OUT,150000.0,COGS
Pemeliharaan peralatan genset ref 87148014,Transfer,OUT,510000.0,Operating_Expense
AUTODEBET 24/02 AMBIL TUNAI DARI REK DAANMON USAHA,Bank_Mutation,OUT,160000.0,Transfer_Internal
Ambil tunai dari rek BTN usaha,Cash,IN,2484300.0,Transfer_Internal
cash omzet hari ini 19 des,Cash,IN,1090000.0,Revenue
pindah saldo ovo ke rek danamon snediri,Transfer,IN,82000.0,Transfer_Internal
bayar agen halim,QRIS,OUT,700000.0,COGS
TRF LLG CR PENERIMAAN MODAL MITRA USAHA BU AINUN,Bank_Mutation,IN,27200000.0,Financing
Kirim hutang dagang agen Tiara lunas,Transfer,OUT,170000.0,COGS
TRSF CR bonus bank BRI,Bank_Mutation,IN,190000.0,Other
ivoice d785720 autodebet angs bmt al-amin,Invoice,OUT,4100000.0,Financing
transfer beli brg dagangan kain batik dr grosir,Transfer,OUT,1500000.0,COGS
TRF LLG DB 09/05 WAODE NIA NUGRHAA 7K TGL 1202,Bank_Mutation,OUT,7000.0,Other
transfer masuk reward dana,Transfer,IN,5600000.0,Other
PMBYRN BAHAR KE REK USAHA ROTI BAKAR,Transfer,IN,100000.0,Revenue
Uang tnai kado ulang tahun Sri Ndoke,Cash,OUT,50000.0,Other
BAYAR QRIS PENERIMAAN 2034 TGL 14/07,QRIS,IN,75000.0,Other
TERIMA TRF SUNTIKAN DANA MITRA PAK RIZAL,Transfer,IN,18500000.0,Financing
Setor kas usaha ke rkg,Cash,OUT,16000000.0,Transfer_Internal
Terima trf jasa isi pulsa Ramli lunas,Transfer,IN,26000.0,Revenue
BI-FAST CR 06/01 INVESTASI WATI BADO UNTUK USAHA KEDAI KOPI,Bank_Mutation,IN,5500000.0,Financing
ojek online kirim 3 paket,Transfer,OUT,14000.0,Operating_Expense
TRSF CR QRIS OVO PELANGGAN BALANCING,Bank_Mutation,IN,255000.0,Revenue
iuran rt bulan agustus,Cash,OUT,27000.0,Other
BI-FAST DB TOP UP DOMPET DIGITAL USAHA GOPAY A.N RUSDI,Bank_Mutation,OUT,102000.0,Transfer_Internal
kulak pupuk urea 10 sak,Transfer,OUT,115000.0,COGS
hasil penjualan disetor ke bank tgl 13,Cash,OUT,600000.0,Transfer_Internal
BI-FAST JASA KEBERSIHAN FEB,Transfer,OUT,8000.0,Operating_Expense
PINJAMAN USAHA TAHAP 2 CAIR KSP MITRA USAHA A.N BU FITRI,Bank_Mutation,IN,30000000.0,Financing
Faktur NT-9225 pembayaran bhn baku pemutih - PT Prima,Invoice,OUT,700000.0,COGS
TF DR REK SENDIRI RP350.000 6 JUL,Transfer,IN,350000.0,Transfer_Internal
AUTODEBET 0704/LLG/WS13242 bayar cicilan pinjaman KUR BNI,Bank_Mutation,OUT,9000000.0,Financing
faktur f-996 transfer keluar,Invoice,OUT,155000.0,Other
TRF LLG CR 294691 SALDO GOFOOD MASUK REKENING PENJUALAN ONLINE,Bank_Mutation,IN,185000.0,Revenue
Bayar cash uang sewa tempat ke Bahar Jaya Januari 2025,Cash,OUT,1380000.0,Operating_Expense
M-banking masuk investasi Fadli untuk usaha toko pakaian,Transfer,IN,13000000.0,Financing
PAYMENT lunas kredit modal kerja BTN,Bank_Mutation,OUT,1900000.0,Financing
SETORAN 609040 PEMBAYARAN INVOICE INV-2025/8687 SALMA NUGRAHA,Bank_Mutation,IN,582200.0,Revenue
DEBET 733380 AMBIL UANG DI ATM UTK KAS USAHA,Bank_Mutation,OUT,100000.0,Transfer_Internal
Agen Makmur transfer pembayaran 10 beras 5kg - 25 Okt,Transfer,IN,4010000.0,Revenue
uang tunai pengiriman bahan dari nelayan Sumarni via ojek online,Cash,OUT,25000.0,COGS
AUTODEBET ANGSURAN POKOK KSP MITRA USAHA JAN 5972700.00,Bank_Mutation,OUT,5972700.0,Financing
setor kas 17700000 tgl 26,Cash,OUT,17700000.0,Transfer_Internal
transport antar psn Hasrul tgl 15/05/26,QRIS,OUT,35000.0,Operating_Expense
trf masuk mdl kemitraan Irfan Sari,Transfer,IN,12000000.0,Financing
m-banking masuk penghasilan shopee periode 5 sep,Transfer,IN,47000.0,Revenue
Invoice pmbelian bahan T488135,Invoice,OUT,2250000.0,COGS
Penarikan tunai teller BTN no SO/02/353,Cash,IN,3400000.0,Transfer_Internal
KRD DEPOSIT OMZET HARIAN BSI 490000.00,Bank_Mutation,IN,490000.0,Transfer_Internal
TF MASUK 17/07 SETOR KAS USAHA KE REKENING REF 470Z790,Bank_Mutation,IN,5000000.0,Transfer_Internal
BI-FAST nota retur INV-2025/5581,Transfer,OUT,5300.0,Other
TRF LANGGANAN APLIKASI STOK MARET 2025,Transfer,OUT,395000.0,Operating_Expense
TT MASUK 2805/FTSCY/WS54993 PMBYRN TOKO SUMBER REJEKI KE REK USAHA AMERICANO,Bank_Mutation,IN,8000000.0,Revenue
pencairan pembiayaan pnm mekaar untuk modal usaha,Cash,IN,8000000.0,Financing
TRSF CR PENCAIRAN DANA PENJUALAN GOFOOD,Bank_Mutation,IN,30000.0,Revenue
qris merchant toko grosir kecil gula pasir,QRIS,IN,104800.0,Revenue
Beli baterai di pasar,Transfer,OUT,500000.0,COGS
TERIMA TRF UANG BELUM JELAS SUMBERNYA TGL 14,Transfer,IN,5000000.0,Other
AUTODEBET 124869 TRF ANTAR AKUN INTERNAL,Bank_Mutation,OUT,29000000.0,Transfer_Internal
PEMBAYARAN 948740 HONOR HENDRA PERIODE AGU,Bank_Mutation,OUT,2300000.0,Operating_Expense
PERPANJANG SWA 12 BULAN,Cash,OUT,700000.0,Operating_Expense
Transfer masuk hadiah arisan,Transfer,IN,900000.0,Other
Kas kecil masuk 0703,Cash,IN,100000.0,Transfer_Internal
salma kirim uang beli kopi bubuk,Transfer,IN,65000.0,Revenue
PAYMENT TARIKAN ATM Permata 1900000.00,Bank_Mutation,OUT,1900000.0,Transfer_Internal
Bayar tagihan bulanan Biznet a.n Rusdi,Transfer,OUT,33000.0,Operating_Expense
QR PBB rumah no E558234,QRIS,OUT,106500.0,Other
PENGEMBALIAN DANA DARI TOKO ONLINE P711225,Bank_Mutation,IN,7000.0,Other
TRSF E-BANKING DB PBB RUMAH,Bank_Mutation,OUT,15000.0,Other
Pembayaran antar belanja 3x,Cash,IN,50000.0,Revenue
tf antar rekening sendiri Permata-BNI,Transfer,IN,12000000.0,Transfer_Internal
TRF KELUAR TRF KE REK OPS MANDIRI,Bank_Mutation,OUT,33000000.0,Transfer_Internal
Transfer THR karyawan periode Okt,Transfer,OUT,1700000.0,Operating_Expense
pmbyrn Fadli Mustari ke rek usaha edit video tgl tgl 28,Transfer,IN,500000.0,Revenue
GoFood settlement order 8493,Transfer,IN,65000.0,Revenue
TUNAI TAMBAH STOK IKAN DR NELAYAN 50 KG,Cash,OUT,500000.0,COGS
angs kredit bca agustus,Transfer,OUT,215000.0,Financing
nota inv-2025/9380 maintenance mesin jahit bulanan,Invoice,OUT,1312100.0,Operating_Expense
angs pinjaman ksp mitra usaha ke-1,Cash,OUT,280000.0,Financing
TRSF E-BANKING CR 541643 BLIBLI SETTLEMENT ORDER F-698,Bank_Mutation,IN,2100000.0,Revenue
FAKTUR #9064 BAYAR ANGSURAN KE PETUGAS KOPDIT HARAPAN,Invoice,OUT,2442400.0,Financing
DEBET 2201/BIFAST/WS60633 DENDA KETERLAMBATAN ANGSURAN KOPERASI SEJAHTERA BERSAMA - 14 JAN,Bank_Mutation,OUT,200000.0,Financing
safitri saputra kirim uang beli keupuk ikan,Transfer,IN,115000.0,Revenue
CASH MIE INSTAN 6 PORSI,Cash,IN,15000.0,Revenue
CASH SUMBANAN HAJATAN HAERUL PURNAMA (SEP),Cash,OUT,48000.0,Other
pindah buku dari Danamon ke Mandiri sendiri,Transfer,IN,3000000.0,Transfer_Internal
angsuran pnjmn mdl ke herman suparman,Cash,OUT,442500.0,Financing
AMBIL UANG DI ATM UTK KAS USAHA,Bank_Mutation,OUT,160000.0,Transfer_Internal
BAYAR CASH BY PROVISI KREDIT MANDIRI,Cash,OUT,1810000.0,Financing
Trf PNM ULaMM Rp 13.500.000 (Juni 2026),Transfer,OUT,13500000.0,Financing
trf upah hrn kurir,Transfer,OUT,200000.0,Operating_Expense
DB SWITCHING BIAYA ADMINISTRASI LAIN NO.B578864,Bank_Mutation,OUT,800000.0,Other
KREDIT KELEBIHAN BAYAR TIDAK JELAS SO/09/116 A.N MAS SUMARNI,Bank_Mutation,IN,2800000.0,Other
pengembalian dana investor dewi halim,Transfer,OUT,1587400.0,Financing
TERIMA PEMBIAYAAN KELOMPOK PNM ULAMM,Transfer,IN,12000000.0,Financing
SETORAN TARIK SALDO LINKAJA MILIK USAHA 270000.00,Bank_Mutation,IN,270000.0,Transfer_Internal
setor tunai 17100000,Cash,OUT,17100000.0,Transfer_Internal
penjualan 15/05 qris gorengan,QRIS,IN,280000.0,Revenue
terima bordir sri,QRIS,IN,4600000.0,Revenue
Cash uang saku keluarga no.7104,Cash,OUT,12500.0,Other
PEMBAYARAN PERBAIKAN ATAP WAROP (JUNI),Bank_Mutation,OUT,315000.0,Operating_Expense
TRSF E-BANKING CR 01/06 penjualan grosir foto produk ke reseller Andi,Bank_Mutation,IN,24500000.0,Revenue
TRSF CR PEMINDAHAN DANA ANTAR RKG USAHA 3486800.00,Bank_Mutation,IN,3486800.0,Transfer_Internal
sumbangan acara kampung,Transfer,OUT,5000.0,Other
trf masuk adjustment 5644,Transfer,IN,425000.0,Other
bayar 897418 hutang dagang agen Rizal lunas,Bank_Mutation,OUT,1410000.0,COGS
Bayar QRIS PDAM periode Des,QRIS,OUT,370000.0,Operating_Expense
CR SWITCHING LUNAS PSN HALIM RAHMAN,Bank_Mutation,IN,40000.0,Revenue
transfer yanti saputra sisa pembayaran manicure,Transfer,IN,23000.0,Revenue
transfer pasar baru wua-wua so/07/997 - 6 jul 2025,Transfer,OUT,374000.0,COGS
kas: kado ulang tahun Ratih Ramadhan,Cash,OUT,900000.0,Other
TRF LLG DB 1809/FTFVA/WS45613 TAGIHAN INTERNET MAR SMARTFREN,Bank_Mutation,OUT,43000.0,Operating_Expense
qris meja 10 ganti oli,QRIS,IN,8000.0,Revenue
Faktur pbl susu UHT grosir Kencana,Invoice,OUT,700000.0,COGS
kas: cair krd mdl kerja ksp bina sejahtera (maret),Cash,IN,2100000.0,Financing
BI-FAST CR 22/02 PINJAMAN LUNAK DARI SARLIN,Bank_Mutation,IN,1450000.0,Financing
Pinjam modal ke Herman (bulan Desember),Cash,IN,2300000.0,Financing
belanja barang dagang agen suryani,Transfer,OUT,10000000.0,COGS
BAYAR TAGIHAN BUANAN INDIHOME - 2308,Transfer,OUT,364000.0,Operating_Expense
Nota TB Pelangi Pangan tgl 26/02/25 hasil tangkapan,Invoice,OUT,250000.0,COGS
PELUNASAN KRD MODAL KERJA BRI,Bank_Mutation,OUT,13785000.0,Financing
kas: kesalahan input so/07/696,Cash,OUT,420000.0,Other
TF ANTAR AKUN INTERNAL NO PO3175,Bank_Mutation,OUT,1600000.0,Transfer_Internal
trf spanduk promo toko bahan pokok,Transfer,OUT,4350000.0,Operating_Expense
DEBET 03/07 ANGSRAN KUR MUAMALAT BULAN 2,Bank_Mutation,OUT,4500000.0,Financing
Internet bulanan Smartfren,Cash,OUT,905100.0,Operating_Expense
terima trf plg pelanggan Fadli lunas,Transfer,IN,900000.0,Revenue
KR OTOMATIS SETOR KAS PENJUALAN KE MANDIRI,Bank_Mutation,IN,8800000.0,Transfer_Internal
Belanja bhn harian filter oli & rantai dan gear no.F-227,Cash,OUT,35000.0,COGS
Cashback LinkAja,Cash,IN,195900.0,Other
bayar sewa ruko ke Depot Letsari Niaga - 15/05,Cash,OUT,3358600.0,Operating_Expense
Denda keterlambatan angsuran KSP Bina Sejahtera,Cash,OUT,2200000.0,Financing
pemindahan dana dr rekening utama ke rekening operasional,Transfer,OUT,8000000.0,Transfer_Internal
NET SETTLEMENT QRIS 4-04-2025,QRIS,IN,19000.0,Revenue
BI-FAST DB 370908 ANGSURAN POKOK KOPERASI SEJAHTERA BERSAMA DESEMBER 2025,Bank_Mutation,OUT,120000.0,Financing
terima trf penyesuaian akhir bulan Juni,Transfer,IN,24500.0,Other
beli susu uht dari agen vina,Transfer,OUT,15000.0,COGS
KR OTOMATIS 462133 masuk dari Danamon kredit 350000.00,Bank_Mutation,IN,350000.0,Financing
kiriman dr ayah,Transfer,IN,79000.0,Other
listrik kantin 26 feb 2026,QRIS,OUT,425000.0,Operating_Expense
BONUS PAK TIARA,QRIS,OUT,147000.0,Operating_Expense
Perpanjang swa 10 bulan,Transfer,OUT,810000.0,Operating_Expense
transfer masuk tanpa nama pengirim - 12/08,QRIS,IN,140000.0,Other
CR SWITCHING Invoice PO7248 penjualan sambal roa kepada tk Cahaya,Bank_Mutation,IN,700000.0,Revenue
m-banking masuk faktur so/09/579 tk cahaya konawe kacang mete lunas,Transfer,IN,280000.0,Revenue
Trf bayar bunga pinjaman KUR Mandiri Maret,Transfer,OUT,3400000.0,Financing
m-banking masuk dana kembali order dibatalkan so/06/126 no so/06/126,Transfer,IN,2850000.0,Other
bayar bunga pnjmn BMT Al-Amin September,Transfer,OUT,14000000.0,Financing
qris merchant tagihan internet april 2026 indosat,QRIS,OUT,520000.0,Operating_Expense
Cash maintenance pompa air bulanan tgl 22 Jan 2026,Cash,OUT,135000.0,Operating_Expense
QRIS top up token listrik usaha perikanan,QRIS,OUT,390000.0,Operating_Expense
BELI PEL DAN PEMBERSIH KIOS KECIL,Cash,OUT,311000.0,Operating_Expense
TRSF E-BANKING DB WITHDRAW TUNAI BRI 20/04/26,Bank_Mutation,OUT,3500000.0,Transfer_Internal
SEOTRAN PINJAM MDL KE IKBAL MUSTARI,Bank_Mutation,IN,7000000.0,Financing
KRD 1611/BIFAST/WS93234 TRSF MASUK 373.800 DARI LESTARI TGL 21-07-2026,Bank_Mutation,IN,373800.0,Revenue
Setoran angsuran 318.300,Transfer,OUT,318300.0,Financing
bhn baku bahan rias,Transfer,OUT,397700.0,COGS
Saldo GrabFood masuk rkg penjualan online - 04/12/25,Transfer,IN,800000.0,Revenue
transfer tagihan Indihome,Transfer,OUT,2500000.0,Operating_Expense
Scan QRIS penerimaan jasa cetak pak Dewi,QRIS,IN,18000.0,Revenue
tarik cash 2.180.000,Cash,IN,2180000.0,Transfer_Internal
REFUND ORDER BATAL #26398 REF 52377370,Cash,OUT,24000.0,Other
cash by marketing Januari,Cash,OUT,700000.0,Operating_Expense
DEBET PEMBAYARAN AGS PEMBIAYAAN F-896,Bank_Mutation,OUT,365000.0,Financing
PAYMENT DP SEWA LAPAK USAHA OLAHAN 9000000.00,Bank_Mutation,OUT,9000000.0,Operating_Expense
Kredit tanpa berita,Transfer,IN,45000.0,Other
deposit omzet harian Bank Sultra ref T35430,Cash,OUT,200000.0,Transfer_Internal
DANA KOPERASI SEJAHTERA BERSAMA MASUK,Cash,IN,325000.0,Financing
Order paper bag ke agen Mira,Cash,OUT,90000.0,COGS
TRSF CR 2206/FTSCY/WS17373 TERIMA 8JT DARI IKBAL,Bank_Mutation,IN,8000000.0,Revenue
Nota penjualan SO/09/387 Wahyu,Invoice,IN,265400.0,Revenue
scan qris by fotokopi berkas usaha,QRIS,OUT,173700.0,Operating_Expense
TRANSFER MASUK PINDAH SALDO GOPAY KE REK BRI SENDIRI,Bank_Mutation,IN,121000.0,Transfer_Internal
transfer masuk dana kopdit harapan masuk tgl 02/05/25,Transfer,IN,572300.0,Financing
gaji nurhayati periode des,Cash,OUT,3100000.0,Operating_Expense
perlu konfirmasi pengirim 4774,Transfer,IN,125000.0,Other
CR SWITCHING 0306/FTSKN/WS90132 TRANSFER DR ADIK 3450000.00,Bank_Mutation,IN,3450000.0,Other
BI-FAST DB 08/05 TARIK TUNAI UTK KAS KECIL 0805,Bank_Mutation,OUT,4774300.0,Transfer_Internal
kas: terima pebayaran jasa jasa antar sembako,Cash,IN,900000.0,Revenue
"TF KEMASAN BOTOL 250ML HABIS, BELI 10 PCS",Transfer,OUT,105000.0,COGS
trf masuk uang dari kakak,Transfer,IN,2300000.0,Other
krd usaha cair muamalat,Transfer,IN,2800000.0,Financing
Trf masuk bayar servis motor order perpisahan kelas CV Prima,Transfer,IN,1100000.0,Revenue
CR SWITCHING 2405/LLG/WS17191 PINJAMAN LUNAK DR SUMARNI AMIR 4200000.00,Bank_Mutation,IN,4200000.0,Financing
PMBYRN ROKOK KE PASAR LAMA KOLAKA,Transfer,OUT,280000.0,COGS
By provisi kredit CIMB Niaga,Cash,OUT,15000000.0,Financing
TF Nota pbl PO3646 agen Zulkifli bambu,Transfer,OUT,2650000.0,COGS
KRD MODAL MASUK DARI RIDWAN YAHYA BAGI HASIL,Bank_Mutation,IN,23000000.0,Financing
Setoran belum teridentifikasi INV-2026/1825,Transfer,IN,285000.0,Other
Bunga krd Permata periode Apr,Transfer,OUT,100000.0,Financing
KR OTOMATIS 23/01 SETOR OMZET 8-04-2025 KE REKENING DANAMON,Bank_Mutation,IN,445100.0,Transfer_Internal
BI-FAST CR 1702/FTSKN/WS56969 WITHDRAW SALDO SHOPEEAPY USAHA (APRIL),Bank_Mutation,IN,2421500.0,Transfer_Internal
CICILAN BPR SULTRA MANDIRI,Bank_Mutation,OUT,800000.0,Financing
uang tunai restock etalase cup plastik dan tutup,Cash,OUT,9000000.0,COGS
top up dompet digital usaha linkaja (maret),Transfer,OUT,9700000.0,Transfer_Internal
TRANSFER KELUAR 11/07 PENARIKAN TUNAI TELLER BANK SULTRA,Bank_Mutation,OUT,3100000.0,Transfer_Internal
QRIS merchant kredit tanpa berita no 1569,QRIS,IN,403000.0,Other
m-banking bayar agen Sumarni bln September,Transfer,OUT,600000.0,COGS
invoice inv-2025/3158 sewa kios okt,Invoice,OUT,500000.0,Operating_Expense
Nota pembelian PO7110 agen Wulan minyak goreng,Invoice,OUT,600000.0,COGS
CASH BAYAR BAGI HASIL PEMBIAYAAN KOPDIT HARAPAN 17/09/26,Cash,OUT,240000.0,Financing
terima trf terima 355.000 dr yunus purnama (agustus 2026),Transfer,IN,355000.0,Revenue
CR SWITCHING 22/07 SETOR UANG KAS KE BANK PERMATA,Bank_Mutation,IN,25000000.0,Transfer_Internal
SETORAN 557680 HADIAH UNDIAN,Bank_Mutation,IN,7000000.0,Other
TRANSFER MASUK PESANAN KATERING TOKO MUTIARA ACARA WISUDA,Bank_Mutation,IN,16000000.0,Revenue
krm by fotokopi berkas usaha,Transfer,OUT,9000.0,Operating_Expense
BELI PEL DAN PEMEBRSIH DEPOT,Transfer,OUT,45000.0,Operating_Expense
bayar qris gelang bu ismail,QRIS,IN,12000.0,Revenue
transfer masuk pelunasan order reseller bu Aswin,Transfer,IN,8500000.0,Revenue
sebar leaflet 28/03,Transfer,OUT,850000.0,Operating_Expense
INV PO8570 PEMBELIAN KERTAS NASI & KOTAK NASI,Invoice,OUT,1230000.0,COGS
QRIS refund pelanggan tidak teridentifikasi,QRIS,OUT,550000.0,Other
BI-FAST CR 2601/BIFAST/WS52026 BUNGA TABUNGAN BANK SULTRA A.N FIRMAN UTAMI,Bank_Mutation,IN,8000000.0,Other
swa tempat 1701 (periode Mei),Cash,OUT,5500000.0,Operating_Expense
KR OTOMATIS cair pinjaman Koperasi Sejahtera Bersama akad #75484,Bank_Mutation,IN,5000000.0,Financing
TRANSFER MASUK SUNTIKAN DANA MITRA KAK INDRA,Transfer,IN,4300000.0,Financing
Perlu konfirmasi pegnirim 0461,Transfer,IN,514600.0,Other
trsf masuk bagi hasil tabungan bank sultra november,Transfer,IN,39000.0,Other
PEMBAYARAN POKOK PEMBIAYAAN KPDIT HARAPAN 25-10-2025 NO.SO/03/588,Bank_Mutation,OUT,6000000.0,Financing
restock krim facail,Cash,OUT,17000.0,COGS
qris biaya lain-lain,QRIS,OUT,2950000.0,Other
KREDIT 641220 BASRI BAYAR 1100000 NO.NT-2632,Bank_Mutation,IN,1100000.0,Revenue
cash angs ke-2 pinjaman bank sltra,Cash,OUT,475000.0,Financing
angs krd bni desmber,Cash,OUT,100000.0,Financing
pembyrn order hiasan dinding - Bu Sarlin,Transfer,IN,189000.0,Revenue
AUTODEBET beli barang jualan garam dan penyedap 2 karung,Bank_Mutation,OUT,2000000.0,COGS
bayar cash agen Wahyu Rp111rb (usaha olahan),Cash,OUT,111000.0,COGS
Pembelian cat rambut 10 tube,Cash,OUT,29000.0,COGS
dana kembali order dibatalkan B931621 a.n Mulyadi,Transfer,IN,800000.0,Other
trf masuk order katering plg Dedi acara arisan ibu-ibu,Transfer,IN,21800000.0,Revenue
faktur penjualan F-083 - ikan bakar,Invoice,IN,280000.0,Revenue
TRSF CR 134656 TRANSFER DR GIRO USAHA KE REKENING MANDIRI,Bank_Mutation,IN,650000.0,Transfer_Internal
Bayar QRIS top up dompet digital usaha ShopeePay,QRIS,OUT,1800000.0,Transfer_Internal
krm ke rek sendiri 315rb tgl 25,Transfer,OUT,315000.0,Transfer_Internal
bayar qris angsuran pokok kur mandiri mei,QRIS,OUT,1160000.0,Financing
Terima transfer Agus Abdullah - lada,Transfer,IN,5536300.0,Revenue
PAYMENT 140136 TRANSFER KE BSI ATAS NAMA SENDIRI,Bank_Mutation,OUT,28800000.0,Transfer_Internal
pembayaran qris bayar air bln febrauri,QRIS,OUT,2350000.0,Operating_Expense
Tf BSI ke BRI 405.000 a.n Melati,Transfer,OUT,405000.0,Transfer_Internal
nota pelanggan Rusdi tgl 20 Jul 2025,Invoice,IN,800000.0,Revenue
Pindah saldo DANA ke rek BCA sendiri,Transfer,IN,215000.0,Transfer_Internal
trf ke rek bsi a.n usaha sendiri,Transfer,OUT,180000.0,Transfer_Internal
uang lembur la ode ahmad no.nt-7421,Transfer,OUT,5000000.0,Operating_Expense
kulakan shampoo profesional 3 botol,Transfer,OUT,1100000.0,COGS
KR OTOMATIS BUNGA GIRO MANDIRI JANUARI,Bank_Mutation,IN,100000.0,Other
TRANSFER MASUK 2006/BIFAST/WS17930 TOKOPEDIA WITHDRAW HASIL JUALAN CUCI KILOAN,Bank_Mutation,IN,85000.0,Revenue
bi-fast bayar hutang mdl zulkifli,Transfer,OUT,5000000.0,Financing
AUTODEBET PMBELIAN PACK LABEL HARGA,Bank_Mutation,OUT,55000.0,COGS
qris meja 2 kemeja,QRIS,IN,80000.0,Revenue
Withdraw saldo LinkAja usaha,Transfer,IN,250000.0,Transfer_Internal
solar pickup operasional,Transfer,OUT,850000.0,Operating_Expense
DP swa lapak sanggar tenun ref 36968268,Transfer,OUT,11000000.0,Operating_Expense
Bayar cicilan KUR Agustus,Transfer,OUT,182000.0,Financing
BI-FAST pelunasan nota agen Halim NT-8232,Transfer,OUT,400000.0,COGS
DB SWITCHING HONOR YUSUF MEI 2026 900000.00,Bank_Mutation,OUT,900000.0,Operating_Expense
PAYMENT 27/02 bayar cicilan KUR periode Okt,Bank_Mutation,OUT,1200000.0,Financing
laku servis ac mobil 3 biji,Cash,IN,250000.0,Revenue
NOTA BELANJA FILTER OLI GROSIR SUMBER REJEKI,Invoice,OUT,450000.0,COGS
kirim bayar agen zulkifli untuk es batu,Transfer,OUT,750000.0,COGS
HASIL JUAL DISETOR KE BANK 15/09/25 15/09/25,Bank_Mutation,IN,650000.0,Transfer_Internal
banner tk baru,Transfer,OUT,290000.0,Operating_Expense
Cash soto ayam 2 porsi,Cash,IN,940000.0,Revenue
TRANSFER MASUK SETORAN TUNAI TELLER BTN 1022400.00,Bank_Mutation,IN,1022400.0,Transfer_Internal
TT MASUK PINDAH BUKU DARI MUAMALAT KE BSI SENDIRI TGL 1406,Bank_Mutation,IN,1290000.0,Transfer_Internal
Tf dari rek sendiri 220k a.n Kartini Nugraha,Transfer,IN,220000.0,Transfer_Internal
PAYMENT KADO ULANG TAHUN BAPAK SUKRI,Bank_Mutation,OUT,7000000.0,Other
TF perbaikan pompa air,Transfer,OUT,90000.0,Operating_Expense
Biaya berobat keluarga,Cash,OUT,18100.0,Other
TRF LLG DB GAJI KARYAWAN DESEMBER - 08/03/25,Bank_Mutation,OUT,9500000.0,Operating_Expense
TT MASUK SETOR TUNAI RP 610.000 (NOVEMBER 2025) 610000.00,Bank_Mutation,IN,610000.0,Transfer_Internal
Invoice F-190 pembayaran pokok pembiayaan BPR Mitra Kolaka 14/04,Invoice,OUT,375000.0,Financing
TRSF DB BY ADM LAIN,Bank_Mutation,OUT,70000.0,Other
cash gula pasir 2 porsi,Cash,IN,50000.0,Revenue
Bonus Arman,Cash,OUT,900000.0,Operating_Expense
kirim ke depot rezeki muna 9300000,Transfer,OUT,9300000.0,COGS
AUTODEBET 1210/FTFVA/WS85652 PDAM JANUARI,Bank_Mutation,OUT,1150000.0,Operating_Expense
Kiriman Yusuf Wijaya,Transfer,IN,2876300.0,Revenue
qr bayar rahayu purnama,QRIS,OUT,1920000.0,Other
Tf antar rekening sendiri BCA-BRI,Transfer,OUT,3100000.0,Transfer_Internal
Biaya kirim bahan baku mulsa plastik bulan September,Transfer,OUT,1500000.0,COGS
DB SWITCHING 10/09 PENYESUAIAN AKHIR BLN PERIODE MAR,Bank_Mutation,OUT,49400.0,Other
angsuran pokok KUR BRI September 2026,Transfer,OUT,150000.0,Financing
Pelunasan krd modal kerja BNI,Transfer,OUT,130000.0,Financing
BI-FAST CR SALDO TABUNGAN USAHA DIPINDAH KE REK PERMATA,Bank_Mutation,IN,1800000.0,Transfer_Internal
uang cash angs pnjmn mdl ke suryani,Cash,OUT,3450000.0,Financing
Invoice Agen Mutaira 9905 perlengkapan dapur,Transfer,OUT,3020000.0,COGS
KR OTOMATIS 0809/FTFVA/WS72176 NET SETTLEMENT QRIS TGL 8,Bank_Mutation,IN,28000.0,Revenue
tunai jual peralatan rumah tangga ke pelanggan tetap (toko kelontong),Cash,IN,2300000.0,Revenue
SITI TF RP187.000 TGL TGL 14,Bank_Mutation,IN,187000.0,Revenue
pembayaran qris pindah dana rek bank sultra ke saldo gopay usaha a.n irfan purnama,QRIS,OUT,5000000.0,Transfer_Internal
cash servis oven,Cash,OUT,150000.0,Operating_Expense
PAYMENT DENDA KETERLAMBATAN ANGSURAN KSP MITRA USAHA,Bank_Mutation,OUT,9000000.0,Financing
cash kredit cair Muamalat - 28/03/26,Cash,IN,850000.0,Financing
qr listrik dapur kue 28/01,QRIS,OUT,45000.0,Operating_Expense
DP order vernis ke grosir Cahaya,Transfer,OUT,340000.0,COGS
tf pembayaran ke agen damai inv nt-5217,Transfer,OUT,100000.0,COGS
bayar cash belanja brg dagang PT Tani,Cash,OUT,9000000.0,COGS
trf masuk dana masuk dari bsi,Transfer,IN,3500000.0,Financing
TOP UP SALDO OVO USAHA DARI REK DANAMON,Transfer,OUT,760000.0,Transfer_Internal
Beli pel dan pembersih warung,Transfer,OUT,34000.0,Operating_Expense
INV F-374 BELI BRG DAGANGAN MIE BASAH DR GROSIR,Invoice,OUT,5500000.0,COGS
Koreksi salah transfer 3873,Transfer,OUT,50000.0,Other
BAYAR LINA WIJAYA MEI 2025,Bank_Mutation,IN,1000000.0,Revenue
Ongkos kurir tgl 7,Cash,OUT,17000.0,Operating_Expense
Pembayaran supplier agen Nuhayati benang tenun,Transfer,OUT,5431000.0,COGS
Invoice 8862 angs pinjaman KUR BRI ke-1,Invoice,OUT,250000.0,Financing
IURAN RT MAR,Cash,OUT,1500000.0,Other
TRSF DB 1609/FTSCY/WS25240 KEMBALIKAN PINJAMAN KE LAODE RUSMAN (FEBRUARI),Bank_Mutation,OUT,500000.0,Financing
isi saldo gopay bisnis,Transfer,OUT,700000.0,Transfer_Internal
Uang tunai jasa kebesrihan bulan Februari,Cash,OUT,90000.0,Operating_Expense
PEMBAYARAN CICILAN KREDIT MODAL KERJA BTN,Bank_Mutation,OUT,650000.0,Financing
Pendapatan harian toko grosir kecil tgl 7,Cash,IN,15000.0,Revenue
AUTODEBET 11/01 TOP UP DOMPET DIGITAL USAHA OVO,Bank_Mutation,OUT,330000.0,Transfer_Internal
terima pindahan dana dr rek permata usaha,Transfer,IN,10500000.0,Transfer_Internal
DEBET 320525 TARIK TUNAI RKG USAHA BANK SULTRA,Bank_Mutation,OUT,170000.0,Transfer_Internal
Trf masuk terima kredit usaha rakyat BCA,Transfer,IN,5500000.0,Financing
qr pdam periode mar no.nt-595,QRIS,OUT,1200000.0,Operating_Expense
TRSF CR 0209/FTFVA/WS43866 TRF PNM MEKAAR RP 3.200.000 25 MEI,Bank_Mutation,IN,3200000.0,Financing
cash bayar tagihan supplier tb mandiri no.f-617,Cash,OUT,1530000.0,COGS
cashback dana,Cash,IN,4600000.0,Other
CR SWITCHING 25/02 TRF MASUK WATI RP7.500.000,Bank_Mutation,IN,7500000.0,Revenue
setoran angs mingguan pnm mekaar (warung),Cash,OUT,290000.0,Financing
bayar cash cr l31593 tanpa ket no #47451,Cash,IN,37000.0,Other
TRSF DB 276821 PELUNASAN DIPERCEPAT KUR BANK SULTRA,Bank_Mutation,OUT,1000000.0,Financing
Transfer gj asisten periode Sep,Transfer,OUT,6500000.0,Operating_Expense
invoice inv-2025/7640 boost postingan shopee ads,Invoice,OUT,185000.0,Operating_Expense
tnai pelanggan Bapak Saharuddin - jagung,Cash,IN,280000.0,Revenue
TRSF DB bayar sisa pokok pinj Pegadaian,Bank_Mutation,OUT,300000.0,Financing
QR nota retur NT-3037,QRIS,OUT,38000.0,Other
trf beli krimer 2 kg utk stok,Transfer,OUT,90000.0,COGS
TRSF MASUK 201817 DANA MASUK PELNGGAN RINA - 2005,Bank_Mutation,IN,40000.0,Revenue
m-banking denda keterlambatan angsuran kur bsi tgl 3-08-2025,Transfer,OUT,8000000.0,Financing
Pinjaman usaha tahap 6 cair Kopdit Harapan,Transfer,IN,7000000.0,Financing
BI-FAST DB TARIK DANA REKENING USAHA JADI CASH - 3 SEP,Bank_Mutation,OUT,2600000.0,Transfer_Internal
KR OTOMATIS dana masuk untuk dicek,Bank_Mutation,IN,950000.0,Other
TRF MASUK 226309 PIJAM MODAL KE WATI ABDULLAH,Bank_Mutation,IN,1250000.0,Financing
TUNAI KOREKSI MUTASI 14-07-2026,Cash,IN,180000.0,Other
Kirim ke rek sendiri 11jt 18-01-2026,Transfer,OUT,11000000.0,Transfer_Internal
KUR BSI cair 740.000 no.INV-2025/0852,Cash,IN,740000.0,Financing
Kredit cair CIMB Niaga 02/02/25,Cash,IN,850000.0,Financing
bayar desain logo pesanan wisuda Ramli Mansur no.A337885,Transfer,IN,700000.0,Revenue
Nota pembelian PO1459 grosir Jaya ragi instan,Invoice,OUT,5300000.0,COGS
TT MASUK 26/02 TAMBAHAN MODAL DARI INVESTOR ERNI LAKORO,Bank_Mutation,IN,4100000.0,Financing
krd 11/01 setor tunai 750k 750000.00,Bank_Mutation,IN,750000.0,Transfer_Internal
kas: spanduk promo usaha pertanian,Cash,OUT,145000.0,Operating_Expense
TRSF DB WIFI SALON KECANTIKAN PERIODE MEI,Bank_Mutation,OUT,80000.0,Operating_Expense
KR OTOMATIS 149914 SETOR KAS USAHA KE REKENING,Bank_Mutation,IN,900000.0,Transfer_Internal
DANA MASUK DARI RKG UTAMA KE REK OPERASIONAL,Bank_Mutation,IN,300000.0,Transfer_Internal
setor tunai ke rkg bsi,Cash,OUT,500000.0,Transfer_Internal
pembelian kain meteran 2428,QRIS,OUT,996355.0,COGS
bayar nota pt toko maju 2764,Bank_Mutation,OUT,2218215.0,COGS
pembelian sayur mayur 9785,Bank_Mutation,IN,4634457.0,COGS
restock plastik kemasan 6583,Invoice,OUT,2243640.0,COGS
pembelian ayam potong 10kg 3212,QRIS,OUT,2507930.0,COGS
kulakan beras dr grosir 5016,Bank_Mutation,OUT,682449.0,COGS
stok bahan baku 8147,Cash,OUT,139764.0,COGS
pembelian gas elpiji 7186,Cash,OUT,3084856.0,COGS
pembelian bahan baku 6168,Bank_Mutation,OUT,4829773.0,COGS
bahan baku dari suplier sayur 2671,QRIS,OUT,3674846.0,COGS
pembelian stok barang 3329,Bank_Mutation,OUT,460130.0,COGS
stok bumbu dapur 1347,Cash,OUT,2163228.0,COGS
kulakan sayur mayur dr suplier sayur 5347,Transfer,IN,959405.0,COGS
bayar nota pt makmur 5998,Cash,IN,884493.0,COGS
kulakan beras dr suplier sayur 4389,QRIS,OUT,1227672.0,COGS
restock barang dagangan 9635,Transfer,OUT,2284160.0,COGS
restock bumbu dapur 6165,Invoice,OUT,1325199.0,COGS
pembelian sayur mayur 9400,Cash,IN,2364226.0,COGS
bayar nota pt suplier sayur 9529,Transfer,OUT,2866840.0,COGS
bahan baku dari pemasok a 7136,Transfer,OUT,4308401.0,COGS
restock bahan baku 3973,Cash,IN,4285949.0,COGS
bahan baku dari abc 8977,Invoice,OUT,2342137.0,COGS
bahan baku dari toko maju 3787,Invoice,OUT,3214908.0,COGS
kulakan plastik kemasan dr pemasok a 2200,Cash,OUT,1940793.0,COGS
bahan baku dari suplier sayur 7351,Invoice,IN,2918988.0,COGS
restock bumbu dapur 6506,QRIS,OUT,1350845.0,COGS
pembelian tepung terigu 2444,Cash,OUT,2278648.0,COGS
bahan baku dari grosir 1210,QRIS,OUT,3836892.0,COGS
kulakan tepung terigu dr pemasok a 9716,Transfer,IN,1344558.0,COGS
restock telur 1978,Invoice,IN,785407.0,COGS
bahan baku dari toko maju 9106,QRIS,IN,1852112.0,COGS
bahan baku dari agen jaya 9915,Bank_Mutation,OUT,2330214.0,COGS
bayar nota pt distributor utama 3519,Bank_Mutation,IN,2502385.0,COGS
restock minyak goreng 5l 7202,QRIS,OUT,87222.0,COGS
bayar nota pt makmur 1166,Cash,OUT,2489952.0,COGS
stok minyak goreng 5l 4165,Invoice,OUT,2320986.0,COGS
pembelian kain meteran 6767,QRIS,OUT,1270856.0,COGS
bahan baku dari toko maju 8115,Cash,OUT,4227366.0,COGS
bahan baku dari pemasok a 1005,QRIS,OUT,3569687.0,COGS
pembelian gas elpiji 2025,Invoice,OUT,2673553.0,COGS
restock plastik kemasan 2454,Invoice,OUT,366885.0,COGS
pembelian sayur mayur 1140,Cash,OUT,4217784.0,COGS
restock sayur mayur 2203,Bank_Mutation,OUT,4893164.0,COGS
restock telur 7622,Transfer,IN,546268.0,COGS
pembelian plastik kemasan 5301,Bank_Mutation,OUT,1805741.0,COGS
bayar nota pt makmur 6485,Bank_Mutation,IN,4801222.0,COGS
bayar nota pt grosir 1389,Invoice,OUT,4801192.0,COGS
bahan baku dari distributor utama 7865,Invoice,OUT,162740.0,COGS
pembelian telur 3359,Transfer,OUT,1978977.0,COGS
kulakan barang dagangan dr agen jaya 2284,Bank_Mutation,IN,2221368.0,COGS
bahan baku dari makmur 9498,Cash,OUT,988316.0,COGS
bayar nota pt toko maju 3394,Bank_Mutation,OUT,2125127.0,COGS
bahan baku dari toko maju 7377,Invoice,OUT,4110324.0,COGS
kulakan ayam potong 10kg dr grosir 9472,Transfer,OUT,758378.0,COGS
pembelian barang dagangan 3732,Transfer,IN,1977575.0,COGS
restock sayur mayur 8080,Invoice,OUT,2483066.0,COGS
pembelian telur 3228,Invoice,OUT,3291966.0,COGS
bayar nota pt makmur 6726,QRIS,OUT,2824240.0,COGS
bayar nota pt suplier sayur 5977,Bank_Mutation,OUT,4642445.0,COGS
bayar nota pt makmur 3598,Cash,OUT,1948808.0,COGS
restock plastik kemasan 9467,Bank_Mutation,OUT,2324071.0,COGS
restock beras 3250,QRIS,OUT,3783173.0,COGS
kulakan beras dr abc 9936,Invoice,OUT,1593760.0,COGS
bahan baku dari grosir 4684,Bank_Mutation,IN,1923614.0,COGS
restock plastik kemasan 2521,QRIS,OUT,4215784.0,COGS
kulakan beras dr agen jaya 4330,QRIS,OUT,4344094.0,COGS
kulakan kain meteran dr pemasok a 1704,Bank_Mutation,OUT,2109926.0,COGS
restock stok barang 4229,Bank_Mutation,IN,1136504.0,COGS
restock tepung terigu 1281,Cash,OUT,2788087.0,COGS
stok kain meteran 4783,Transfer,IN,366261.0,COGS
pembelian gas elpiji 6194,Transfer,OUT,2041420.0,COGS
pembelian plastik kemasan 9809,Bank_Mutation,OUT,1418736.0,COGS
stok bumbu dapur 9752,QRIS,OUT,1950084.0,COGS
stok bumbu dapur 8929,Transfer,OUT,3951391.0,COGS
bayar nota pt pemasok a 1462,Cash,OUT,1321147.0,COGS
kulakan telur dr suplier sayur 6579,QRIS,OUT,3015527.0,COGS
bayar nota pt agen jaya 9212,Invoice,OUT,4434779.0,COGS
stok gas elpiji 1097,QRIS,OUT,4546840.0,COGS
restock gas elpiji 9101,QRIS,OUT,3271802.0,COGS
kulakan telur dr abc 1859,Bank_Mutation,OUT,2477824.0,COGS
kulakan bahan produksi dr suplier sayur 6928,Cash,IN,2864852.0,COGS
bahan baku dari pemasok a 6169,Transfer,OUT,480805.0,COGS
kulakan tepung terigu dr suplier sayur 6620,Transfer,IN,3575093.0,COGS
stok bahan produksi 3960,Transfer,OUT,1795805.0,COGS
bayar nota pt makmur 7794,QRIS,OUT,534648.0,COGS
bayar nota pt toko maju 3865,Bank_Mutation,IN,4181636.0,COGS
restock sayur mayur 7037,Cash,IN,2686856.0,COGS
pembelian kain meteran 3004,Transfer,OUT,3181193.0,COGS
kulakan beras dr grosir 1899,Invoice,OUT,4302487.0,COGS
bayar nota pt makmur 7363,Invoice,IN,1105584.0,COGS
kulakan stok barang dr suplier sayur 6319,Bank_Mutation,OUT,4652720.0,COGS
stok barang dagangan 8297,Transfer,OUT,1869757.0,COGS
kulakan bahan produksi dr suplier sayur 6636,QRIS,OUT,570977.0,COGS
stok telur 8462,Transfer,OUT,270312.0,COGS
restock gas elpiji 5505,Bank_Mutation,OUT,4456990.0,COGS
kulakan bahan baku dr distributor utama 3020,Transfer,IN,1930583.0,COGS
pembelian sayur mayur 9133,Transfer,OUT,2033102.0,COGS
bahan baku dari distributor utama 8820,Invoice,OUT,808646.0,COGS
restock bahan baku 8705,Transfer,OUT,101750.0,COGS
restock ayam potong 10kg 6338,Cash,OUT,179516.0,COGS
kulakan tepung terigu dr makmur 8592,Invoice,OUT,940054.0,COGS
restock gas elpiji 5730,Invoice,OUT,3928228.0,COGS
bahan baku dari makmur 6253,Transfer,IN,2773296.0,COGS
bahan baku dari pemasok a 4728,Bank_Mutation,OUT,535756.0,COGS
bahan baku dari abc 5151,Invoice,OUT,524251.0,COGS
kulakan ayam potong 10kg dr pemasok a 6859,Cash,IN,3567441.0,COGS
bayar nota pt makmur 1212,Cash,OUT,1164071.0,COGS
bayar nota pt distributor utama 4247,Bank_Mutation,OUT,1903714.0,COGS
pembelian kain meteran 9597,QRIS,IN,2648164.0,COGS
stok bumbu dapur 9703,Transfer,OUT,3581768.0,COGS
stok kain meteran 9189,Bank_Mutation,IN,3935702.0,COGS
bayar nota pt agen jaya 5627,Cash,OUT,3798387.0,COGS
restock stok barang 2691,Bank_Mutation,IN,4601225.0,COGS
bayar nota pt toko maju 4199,Cash,OUT,4141244.0,COGS
restock stok barang 7428,Transfer,OUT,2875182.0,COGS
bayar nota pt suplier sayur 2817,Transfer,IN,641775.0,COGS
pembelian gas elpiji 8088,QRIS,OUT,3044951.0,COGS
bahan baku dari pemasok a 9475,Invoice,OUT,3195842.0,COGS
kulakan ayam potong 10kg dr suplier sayur 3204,Cash,OUT,4811846.0,COGS
stok tepung terigu 4953,Bank_Mutation,OUT,1998914.0,COGS
pembelian tepung terigu 4410,Transfer,OUT,2202076.0,COGS
pembelian sayur mayur 1423,Invoice,OUT,1744507.0,COGS
pembelian sayur mayur 6274,Invoice,OUT,4306745.0,COGS
restock bahan baku 1685,Invoice,OUT,2140973.0,COGS
stok telur 8137,Cash,OUT,4643640.0,COGS
bahan baku dari toko maju 4046,Cash,OUT,2336110.0,COGS
kulakan stok barang dr toko maju 6321,QRIS,OUT,2428976.0,COGS
stok beras 1425,Transfer,OUT,1886291.0,COGS
bahan baku dari grosir 3504,Cash,OUT,4995995.0,COGS
bayar nota pt agen jaya 7787,Invoice,IN,537686.0,COGS
stok beras 8120,Cash,OUT,4692008.0,COGS
bayar nota pt agen jaya 7391,Bank_Mutation,OUT,1575546.0,COGS
pembelian minyak goreng 5l 1697,Invoice,OUT,1484083.0,COGS
kulakan ayam potong 10kg dr suplier sayur 2750,Invoice,OUT,4710713.0,COGS
stok stok barang 8538,Transfer,OUT,1729314.0,COGS
kulakan beras dr makmur 8291,Invoice,IN,1762248.0,COGS
restock plastik kemasan 5730,Transfer,OUT,655095.0,COGS
kulakan tepung terigu dr pemasok a 1773,Transfer,IN,4674954.0,COGS
pembelian beras 2554,Bank_Mutation,OUT,284758.0,COGS
restock barang dagangan 6322,QRIS,OUT,347271.0,COGS
bahan baku dari abc 4374,QRIS,OUT,1877745.0,COGS
bayar nota pt distributor utama 7861,Invoice,OUT,669133.0,COGS
stok minyak goreng 5l 3303,QRIS,IN,3739010.0,COGS
pembelian ayam potong 10kg 2414,QRIS,OUT,1714065.0,COGS
kulakan bahan baku dr abc 3398,Cash,IN,4739932.0,COGS
stok minyak goreng 5l 8048,QRIS,OUT,3635335.0,COGS
stok barang dagangan 7630,Cash,IN,4316314.0,COGS
pembelian bahan baku 3485,Invoice,OUT,890017.0,COGS
pembelian minyak goreng 5l 2479,Cash,OUT,2419748.0,COGS
stok barang dagangan 1674,QRIS,IN,3721734.0,COGS
kulakan minyak goreng 5l dr agen jaya 4918,QRIS,OUT,3774427.0,COGS
stok bumbu dapur 8066,Bank_Mutation,IN,4785254.0,COGS
kulakan barang dagangan dr distributor utama 2464,QRIS,OUT,3408395.0,COGS
bahan baku dari makmur 5778,QRIS,OUT,2792946.0,COGS
kulakan barang dagangan dr pemasok a 6661,QRIS,OUT,4180025.0,COGS
stok bahan produksi 1997,Transfer,OUT,4565501.0,COGS
pembelian beras 2058,Transfer,OUT,2650818.0,COGS
pembelian tepung terigu 5719,Cash,OUT,934021.0,COGS
stok ayam potong 10kg 1013,Bank_Mutation,OUT,215830.0,COGS
restock bumbu dapur 9898,Invoice,OUT,4290619.0,COGS
kulakan sayur mayur dr grosir 7072,Cash,OUT,2974667.0,COGS
bahan baku dari distributor utama 7829,Invoice,OUT,2663072.0,COGS
pembelian gas elpiji 5740,Bank_Mutation,OUT,166229.0,COGS
kulakan plastik kemasan dr makmur 6743,QRIS,OUT,4737444.0,COGS
restock bumbu dapur 1047,Bank_Mutation,IN,4593526.0,COGS
bahan baku dari toko maju 2308,Cash,OUT,1195417.0,COGS
bayar nota pt distributor utama 6335,Transfer,OUT,4002806.0,COGS
bayar nota pt abc 9749,Cash,OUT,1441177.0,COGS
stok sayur mayur 2156,Invoice,OUT,1099312.0,COGS
stok tepung terigu 6869,Cash,IN,4105942.0,COGS
bayar nota pt suplier sayur 5641,Bank_Mutation,OUT,3113821.0,COGS
bahan baku dari distributor utama 7345,Invoice,IN,1121309.0,COGS
pembelian kain meteran 1509,Cash,OUT,2707103.0,COGS
bahan baku dari distributor utama 4156,QRIS,OUT,1674461.0,COGS
kulakan ayam potong 10kg dr abc 3234,Transfer,IN,4802553.0,COGS
bahan baku dari abc 5431,Bank_Mutation,IN,3385294.0,COGS
pembelian stok barang 6916,QRIS,OUT,3944615.0,COGS
pembelian kain meteran 6917,Bank_Mutation,OUT,1388578.0,COGS
stok kain meteran 7729,Cash,IN,4110152.0,COGS
pembelian gas elpiji 5259,Invoice,OUT,4716249.0,COGS
restock bumbu dapur 2955,Cash,OUT,908383.0,COGS
bahan baku dari abc 6403,QRIS,OUT,922519.0,COGS
kulakan bumbu dapur dr toko maju 8200,QRIS,OUT,2070746.0,COGS
stok bahan baku 2533,Cash,OUT,1492797.0,COGS
pembelian gas elpiji 2653,Transfer,OUT,99340.0,COGS
bayar nota pt pemasok a 6878,Cash,OUT,2123391.0,COGS
bahan baku dari distributor utama 3167,Bank_Mutation,OUT,2182633.0,COGS
bayar nota pt makmur 7805,QRIS,OUT,852688.0,COGS
stok tepung terigu 1070,Cash,IN,4316453.0,COGS
bayar nota pt distributor utama 2373,Transfer,OUT,2555472.0,COGS
stok beras 5369,Invoice,OUT,393903.0,COGS
bayar nota pt distributor utama 7391,Invoice,IN,2272695.0,COGS
kulakan stok barang dr makmur 2999,Cash,OUT,3115037.0,COGS
restock sayur mayur 5360,Cash,OUT,1714406.0,COGS
restock bahan baku 9906,Bank_Mutation,OUT,973886.0,COGS
bahan baku dari agen jaya 6084,Invoice,OUT,1216375.0,COGS
kulakan gas elpiji dr grosir 1371,Transfer,OUT,2891350.0,COGS
bahan baku dari distributor utama 6048,Cash,OUT,4765845.0,COGS
kulakan tepung terigu dr pemasok a 4472,Bank_Mutation,OUT,4698228.0,COGS
bayar nota pt makmur 7925,Bank_Mutation,IN,3965042.0,COGS
pembelian kertas hvs 3787,Cash,IN,905910.0,Operating_Expense
perawatan kendaraan operasional 4643,QRIS,OUT,1212739.0,Operating_Expense
pembelian spanduk 4110,QRIS,OUT,2698710.0,Operating_Expense
biaya tukang servis 8111,QRIS,IN,600836.0,Operating_Expense
perawatan mesin kasir 6982,QRIS,OUT,1611940.0,Operating_Expense
pembelian tinta printer 2469,QRIS,OUT,4086480.0,Operating_Expense
biaya administrasi bulanan 9764,QRIS,OUT,4186897.0,Operating_Expense
cicilan mesin kasir 1511,Transfer,OUT,2588600.0,Operating_Expense
bayar listrik bulan ini 3558,Invoice,OUT,2524599.0,Operating_Expense
perawatan mesin kasir 2615,Invoice,OUT,1303841.0,Operating_Expense
perawatan kendaraan operasional 7746,Transfer,IN,468164.0,Operating_Expense
perawatan motor kurir 7296,Transfer,IN,1730336.0,Operating_Expense
cicilan mesin kasir 3989,Invoice,OUT,2710202.0,Operating_Expense
perawatan mesin kasir 7630,QRIS,OUT,1198021.0,Operating_Expense
biaya konsultan pajak 2702,Invoice,IN,160537.0,Operating_Expense
pembelian ATK administrasi 4538,Bank_Mutation,OUT,1329611.0,Operating_Expense
bayar air pdam 5947,Transfer,OUT,3390732.0,Operating_Expense
cicilan mesin kasir 7894,QRIS,OUT,1975312.0,Operating_Expense
perawatan motor kurir 5647,Cash,OUT,4832919.0,Operating_Expense
biaya layanan gobiz 9741,Bank_Mutation,IN,1120328.0,Operating_Expense
iuran internet wifi 1038,Invoice,OUT,61177.0,Operating_Expense
iuran air pdam 9515,QRIS,OUT,3601798.0,Operating_Expense
iuran internet wifi 8439,Transfer,OUT,4540710.0,Operating_Expense
perawatan kendaraan operasional 8854,Cash,OUT,994260.0,Operating_Expense
pembelian sabun lantai 5853,Cash,OUT,3422683.0,Operating_Expense
biaya pemasaran fb ads 5656,QRIS,OUT,4815782.0,Operating_Expense
iuran retribusi pasar 4255,Cash,OUT,2473443.0,Operating_Expense
bayar listrik bulan ini 7142,Invoice,OUT,1155013.0,Operating_Expense
pembelian perlengkapan kantor 9041,Transfer,OUT,2279157.0,Operating_Expense
cicilan motor kurir 3903,QRIS,OUT,503697.0,Operating_Expense
pembelian perlengkapan kantor 4793,Cash,OUT,4789817.0,Operating_Expense
iuran parkir langganan 3224,QRIS,OUT,826213.0,Operating_Expense
iuran internet wifi 8997,QRIS,OUT,1737734.0,Operating_Expense
iuran sewa ruko 9605,Invoice,OUT,3710847.0,Operating_Expense
biaya pemasaran fb ads 6165,QRIS,OUT,2111858.0,Operating_Expense
iuran parkir langganan 5381,Cash,OUT,4612355.0,Operating_Expense
cicilan mesin kasir 8878,Transfer,IN,79458.0,Operating_Expense
bayar sewa ruko 2673,Transfer,OUT,2726303.0,Operating_Expense
perawatan mesin kasir 1864,Cash,OUT,1994733.0,Operating_Expense
perawatan mesin kasir 3354,Invoice,OUT,4161870.0,Operating_Expense
cicilan kendaraan operasional 3298,QRIS,OUT,2519462.0,Operating_Expense
bayar air pdam 7543,QRIS,OUT,3035973.0,Operating_Expense
perawatan kendaraan operasional 5080,Cash,OUT,582363.0,Operating_Expense
iuran air pdam 8961,Transfer,OUT,4512192.0,Operating_Expense
iuran listrik bulan ini 8710,QRIS,OUT,154295.0,Operating_Expense
bayar kebersihan keamanan 6737,Transfer,OUT,936360.0,Operating_Expense
perawatan mesin kasir 8188,Cash,IN,4359574.0,Operating_Expense
bayar internet wifi 7993,Bank_Mutation,IN,835479.0,Operating_Expense
perawatan motor kurir 7493,QRIS,OUT,4695856.0,Operating_Expense
cicilan kendaraan operasional 8034,Transfer,IN,3813333.0,Operating_Expense
biaya konsultan pajak 2445,QRIS,OUT,374940.0,Operating_Expense
cicilan motor kurir 8599,Invoice,OUT,3279798.0,Operating_Expense
pembelian perlengkapan kantor 1622,Transfer,OUT,2957013.0,Operating_Expense
perawatan motor kurir 6982,Transfer,OUT,4513344.0,Operating_Expense
cicilan kendaraan operasional 9982,Cash,OUT,3573009.0,Operating_Expense
perawatan mesin kasir 8800,Transfer,OUT,1162515.0,Operating_Expense
perawatan mesin kasir 6589,Transfer,OUT,745451.0,Operating_Expense
perawatan kendaraan operasional 1535,QRIS,OUT,3681498.0,Operating_Expense
bayar air pdam 8352,Cash,OUT,167605.0,Operating_Expense
bayar bengkel mobil 8021,Cash,IN,1127590.0,Operating_Expense
perawatan kendaraan operasional 6704,Invoice,OUT,1089992.0,Operating_Expense
perawatan kendaraan operasional 5410,Cash,OUT,691699.0,Operating_Expense
cicilan mesin kasir 6091,Cash,IN,4543508.0,Operating_Expense
perawatan kendaraan operasional 6668,Cash,OUT,3892588.0,Operating_Expense
bayar listrik bulan ini 2934,Transfer,OUT,3136103.0,Operating_Expense
iuran air pdam 9472,Transfer,OUT,3959989.0,Operating_Expense
pembelian spanduk 9444,Invoice,OUT,1456956.0,Operating_Expense
biaya promosi ig 9184,Invoice,OUT,4674788.0,Operating_Expense
pembelian tinta printer 4005,QRIS,OUT,1461620.0,Operating_Expense
cicilan kendaraan operasional 6391,Cash,OUT,4920818.0,Operating_Expense
perawatan motor kurir 9000,Transfer,IN,2715425.0,Operating_Expense
pembelian kopi gula kantor 2200,Bank_Mutation,IN,4040809.0,Operating_Expense
cicilan mesin kasir 7153,QRIS,OUT,4398330.0,Operating_Expense
pembelian tinta printer 5213,Invoice,OUT,4286846.0,Operating_Expense
pembelian perlengkapan kantor 7032,Invoice,IN,3350254.0,Operating_Expense
bayar sewa ruko 2350,Cash,OUT,2916444.0,Operating_Expense
pembelian kopi gula kantor 8348,Transfer,OUT,1828095.0,Operating_Expense
perawatan motor kurir 8329,Transfer,OUT,1251195.0,Operating_Expense
perawatan kendaraan operasional 7793,QRIS,OUT,4828753.0,Operating_Expense
pembelian perlengkapan kantor 5900,Cash,OUT,1702297.0,Operating_Expense
iuran parkir langganan 7167,Cash,OUT,3777064.0,Operating_Expense
perawatan motor kurir 7025,Cash,OUT,1923129.0,Operating_Expense
cicilan kendaraan operasional 6457,Cash,OUT,4870413.0,Operating_Expense
iuran air pdam 2983,Invoice,OUT,3539437.0,Operating_Expense
pembelian spanduk 7419,Bank_Mutation,OUT,4171933.0,Operating_Expense
iuran retribusi pasar 1540,QRIS,OUT,227538.0,Operating_Expense
bayar kebersihan keamanan 6178,QRIS,OUT,1817253.0,Operating_Expense
perawatan motor kurir 3485,Invoice,IN,1160632.0,Operating_Expense
cicilan mesin kasir 8728,Bank_Mutation,OUT,4282463.0,Operating_Expense
cicilan kendaraan operasional 9755,Invoice,IN,3579136.0,Operating_Expense
pembelian spanduk 3551,Transfer,OUT,2763893.0,Operating_Expense
bayar retribusi pasar 4944,Invoice,OUT,2301428.0,Operating_Expense
perawatan motor kurir 4631,Cash,OUT,4308132.0,Operating_Expense
cicilan kendaraan operasional 4225,Invoice,OUT,2192657.0,Operating_Expense
biaya promosi ig 6420,Transfer,OUT,1459919.0,Operating_Expense
biaya konsultan pajak 8322,Transfer,OUT,1791580.0,Operating_Expense
biaya pemasaran fb ads 8149,Transfer,OUT,3034146.0,Operating_Expense
perawatan motor kurir 2299,Bank_Mutation,IN,1842257.0,Operating_Expense
perawatan motor kurir 8634,Invoice,OUT,1255642.0,Operating_Expense
pembelian sabun lantai 7271,Cash,IN,2813795.0,Operating_Expense
iuran air pdam 4819,Cash,IN,2633226.0,Operating_Expense
pembelian kertas hvs 7819,Invoice,OUT,2862203.0,Operating_Expense
iuran bengkel mobil 5468,Transfer,OUT,65631.0,Operating_Expense
iuran sewa ruko 5760,Cash,OUT,2707174.0,Operating_Expense
bayar sewa ruko 7836,QRIS,OUT,422050.0,Operating_Expense
perawatan kendaraan operasional 7317,QRIS,OUT,3061341.0,Operating_Expense
iuran internet wifi 7033,Transfer,IN,3317588.0,Operating_Expense
biaya konsultan pajak 3209,Transfer,OUT,1557318.0,Operating_Expense
bayar retribusi pasar 3102,QRIS,OUT,2394960.0,Operating_Expense
bayar kebersihan keamanan 7814,QRIS,IN,2708592.0,Operating_Expense
bayar air pdam 8441,Invoice,OUT,4631573.0,Operating_Expense
cicilan mesin kasir 4801,Invoice,OUT,3963786.0,Operating_Expense
iuran sewa ruko 5861,Invoice,IN,2617160.0,Operating_Expense
bayar listrik bulan ini 6064,Cash,OUT,4057469.0,Operating_Expense
bayar bengkel mobil 1421,Cash,OUT,3680223.0,Operating_Expense
bayar air pdam 6456,Cash,OUT,256713.0,Operating_Expense
iuran air pdam 6337,Bank_Mutation,IN,3695011.0,Operating_Expense
pembelian perlengkapan kantor 4987,Cash,OUT,869343.0,Operating_Expense
pembelian sabun lantai 4531,Transfer,OUT,1602538.0,Operating_Expense
pembelian kertas hvs 8566,QRIS,OUT,2231372.0,Operating_Expense
biaya layanan gobiz 2548,Invoice,IN,636706.0,Operating_Expense
iuran listrik bulan ini 4883,QRIS,IN,3211071.0,Operating_Expense
perawatan kendaraan operasional 7790,Transfer,OUT,377748.0,Operating_Expense
bayar sewa ruko 6027,Cash,IN,3986929.0,Operating_Expense
bayar bengkel mobil 3094,Bank_Mutation,OUT,2311589.0,Operating_Expense
iuran retribusi pasar 7550,Cash,OUT,1943987.0,Operating_Expense
pembelian spanduk 6094,Cash,OUT,4605722.0,Operating_Expense
biaya promosi ig 3616,QRIS,OUT,624800.0,Operating_Expense
iuran air pdam 4152,Transfer,OUT,2090192.0,Operating_Expense
bayar kebersihan keamanan 8225,QRIS,OUT,1548038.0,Operating_Expense
iuran air pdam 4233,Bank_Mutation,OUT,4813116.0,Operating_Expense
bayar air pdam 4807,Cash,IN,1329349.0,Operating_Expense
biaya konsultan pajak 2944,Invoice,OUT,4142549.0,Operating_Expense
pembelian sapu dan pel 3903,Bank_Mutation,OUT,1058580.0,Operating_Expense
perawatan kendaraan operasional 9173,Invoice,OUT,3280293.0,Operating_Expense
perawatan mesin kasir 7638,Transfer,OUT,3775629.0,Operating_Expense
bayar sewa ruko 8074,Cash,IN,2604506.0,Operating_Expense
perawatan kendaraan operasional 5395,Transfer,OUT,2734570.0,Operating_Expense
cicilan mesin kasir 5867,Cash,OUT,525522.0,Operating_Expense
cicilan kendaraan operasional 3481,Transfer,OUT,4468324.0,Operating_Expense
iuran sewa ruko 4115,Cash,IN,191081.0,Operating_Expense
pembelian perlengkapan kantor 7718,QRIS,IN,1396281.0,Operating_Expense
iuran kebersihan keamanan 8999,Bank_Mutation,OUT,2911951.0,Operating_Expense
pembelian kertas hvs 8617,QRIS,OUT,3486306.0,Operating_Expense
cicilan mesin kasir 2180,Bank_Mutation,OUT,2384328.0,Operating_Expense
biaya tukang servis 6081,Invoice,OUT,4738913.0,Operating_Expense
pembelian spanduk 1399,Bank_Mutation,OUT,2463642.0,Operating_Expense
bayar kebersihan keamanan 6474,QRIS,IN,3183194.0,Operating_Expense
bayar bengkel mobil 8663,Cash,OUT,2908186.0,Operating_Expense
cicilan kendaraan operasional 9111,Bank_Mutation,IN,168649.0,Operating_Expense
biaya pemasaran fb ads 7107,Cash,OUT,2877403.0,Operating_Expense
pembelian tinta printer 6872,Cash,IN,4752596.0,Operating_Expense
perawatan motor kurir 5381,Cash,OUT,4564197.0,Operating_Expense
iuran internet wifi 2695,Transfer,OUT,957063.0,Operating_Expense
pembelian sabun lantai 7130,Cash,IN,377479.0,Operating_Expense
biaya promosi ig 7347,Invoice,IN,2360083.0,Operating_Expense
bayar air pdam 4936,Invoice,OUT,4895967.0,Operating_Expense
bayar retribusi pasar 4391,Invoice,OUT,1890798.0,Operating_Expense
perawatan motor kurir 3353,Cash,OUT,3401254.0,Operating_Expense
perawatan mesin kasir 4995,Bank_Mutation,OUT,1982928.0,Operating_Expense
perawatan motor kurir 7093,QRIS,IN,2062283.0,Operating_Expense
biaya layanan gobiz 5233,Invoice,OUT,2360373.0,Operating_Expense
iuran retribusi pasar 7479,Cash,OUT,2191635.0,Operating_Expense
iuran parkir langganan 1092,Bank_Mutation,OUT,3964594.0,Operating_Expense
perawatan kendaraan operasional 8778,Invoice,OUT,2755403.0,Operating_Expense
bayar sewa ruko 3535,Bank_Mutation,OUT,869416.0,Operating_Expense
iuran retribusi pasar 8287,Invoice,OUT,2566420.0,Operating_Expense
perawatan mesin kasir 6248,Cash,OUT,4502881.0,Operating_Expense
perawatan kendaraan operasional 8639,QRIS,OUT,1120649.0,Operating_Expense
cicilan motor kurir 1887,Cash,OUT,4609770.0,Operating_Expense
bayar listrik bulan ini 5251,QRIS,OUT,858300.0,Operating_Expense
bayar kebersihan keamanan 3987,Invoice,IN,4259367.0,Operating_Expense
biaya layanan gobiz 3608,Transfer,IN,1890171.0,Operating_Expense
bayar air pdam 3835,Invoice,OUT,2964104.0,Operating_Expense
perawatan motor kurir 7575,Transfer,OUT,4064055.0,Operating_Expense
iuran bengkel mobil 1922,QRIS,IN,4700371.0,Operating_Expense
biaya tukang servis 7871,Transfer,OUT,4349431.0,Operating_Expense
cicilan mesin kasir 6325,Invoice,OUT,1200210.0,Operating_Expense
bayar internet wifi 4804,QRIS,OUT,584304.0,Operating_Expense
perawatan motor kurir 5950,QRIS,OUT,1892688.0,Operating_Expense
pembelian sabun lantai 3751,Invoice,OUT,702375.0,Operating_Expense
biaya pemasaran fb ads 8492,Cash,IN,1631709.0,Operating_Expense
iuran bengkel mobil 1659,Bank_Mutation,OUT,1645321.0,Operating_Expense
pembelian tinta printer 3428,Cash,OUT,4347150.0,Operating_Expense
biaya promosi ig 4753,QRIS,OUT,1017629.0,Operating_Expense
pembelian brosur 9099,Invoice,IN,2949195.0,Operating_Expense
pembelian sabun lantai 3150,Invoice,IN,3481101.0,Operating_Expense
bayar sewa ruko 1325,Bank_Mutation,OUT,3767744.0,Operating_Expense
perawatan kendaraan operasional 2186,Cash,IN,2534456.0,Operating_Expense
iuran bengkel mobil 9806,Bank_Mutation,OUT,3983954.0,Operating_Expense
perawatan motor kurir 5768,Transfer,OUT,337374.0,Operating_Expense
perawatan kendaraan operasional 6313,Transfer,OUT,2427755.0,Operating_Expense
biaya konsultan pajak 4257,Invoice,OUT,139295.0,Operating_Expense
iuran sewa ruko 4153,Bank_Mutation,OUT,1297496.0,Operating_Expense
pembelian brosur 4177,Cash,OUT,556233.0,Operating_Expense
perawatan motor kurir 5581,Cash,OUT,110480.0,Operating_Expense
biaya pemasaran fb ads 3244,QRIS,OUT,1164151.0,Operating_Expense
iuran parkir langganan 6255,Transfer,IN,3060415.0,Operating_Expense
bayar sewa ruko 3500,QRIS,IN,2468508.0,Operating_Expense
pembelian sabun lantai 4811,Transfer,IN,324581.0,Operating_Expense
penjualan pesanan katering 8176,Bank_Mutation,IN,208791.0,Revenue
uang masuk dr pelanggan 7061,Invoice,IN,1515338.0,Revenue
transfer pelanggan pelanggan 7401,Cash,IN,3792691.0,Revenue
hasil penjualan harian 6555,Transfer,IN,2996212.0,Revenue
hasil penjualan harian 2741,Bank_Mutation,IN,4779017.0,Revenue
pembayaran paket sembako 4209,Bank_Mutation,OUT,883225.0,Revenue
penjualan paket sembako 7749,Transfer,IN,1488568.0,Revenue
pembayaran jasa perbaikan 6083,QRIS,IN,1247003.0,Revenue
pembayaran kopi susu 6416,QRIS,IN,2358613.0,Revenue
penjualan jasa perbaikan 5168,Cash,IN,1134595.0,Revenue
hasil penjualan harian 8955,Transfer,OUT,3357420.0,Revenue
penjualan kopi susu 7015,Invoice,IN,1027553.0,Revenue
pembayaran jasa perbaikan 9143,Invoice,IN,2282965.0,Revenue
transfer pelanggan customer 3177,Invoice,IN,1763847.0,Revenue
pembayaran paket sembako 8125,QRIS,IN,3935827.0,Revenue
hasil penjualan harian 1810,Bank_Mutation,IN,2979621.0,Revenue
hasil penjualan harian 6908,Cash,IN,4706256.0,Revenue
trx qris 187 9077,Bank_Mutation,IN,2315788.0,Revenue
hasil penjualan harian 4456,Transfer,OUT,3794638.0,Revenue
pembayaran sepatu 1412,Cash,IN,3148663.0,Revenue
pembayaran paket sembako 4740,QRIS,OUT,2119869.0,Revenue
pembayaran barang 3080,Invoice,IN,4765465.0,Revenue
penjualan baju gamis 8133,Invoice,OUT,3384584.0,Revenue
pembayaran kopi susu 9417,Bank_Mutation,IN,2023563.0,Revenue
trx qris 148 4119,Transfer,IN,1813448.0,Revenue
uang masuk dr customer 4719,Transfer,OUT,1185641.0,Revenue
hasil penjualan harian 3621,Invoice,IN,268848.0,Revenue
pembayaran pesanan katering 9166,Bank_Mutation,IN,1624140.0,Revenue
penjualan sepatu 4338,QRIS,IN,1064219.0,Revenue
hasil penjualan harian 7416,QRIS,IN,2319745.0,Revenue
trx qris 171 2056,Cash,IN,3556639.0,Revenue
transfer pelanggan pt xyz 7230,Cash,OUT,3451678.0,Revenue
hasil penjualan harian 3967,Invoice,IN,2881049.0,Revenue
transfer pelanggan toko kelontong 3863,Invoice,IN,2593530.0,Revenue
penjualan baju gamis 6861,Cash,IN,4871171.0,Revenue
transfer pelanggan pelanggan 4032,Invoice,IN,2476553.0,Revenue
trx qris 181 6597,Invoice,OUT,4088142.0,Revenue
trx qris 191 2799,Cash,IN,2147574.0,Revenue
uang masuk dr klien 1301,Bank_Mutation,IN,3248237.0,Revenue
transfer pelanggan pelanggan 7576,Bank_Mutation,IN,1850091.0,Revenue
uang masuk dr bapak budi 2563,Transfer,IN,642664.0,Revenue
pembayaran sepatu 4119,Bank_Mutation,IN,1078215.0,Revenue
penjualan baju gamis 4108,Cash,IN,4077051.0,Revenue
pembayaran jasa perbaikan 1377,QRIS,IN,395503.0,Revenue
uang masuk dr customer 9304,Transfer,IN,1593697.0,Revenue
pembayaran jasa perbaikan 6399,Transfer,IN,1002589.0,Revenue
transfer pelanggan bapak budi 3699,Bank_Mutation,IN,3743455.0,Revenue
hasil penjualan harian 9155,Transfer,IN,4727609.0,Revenue
hasil penjualan harian 8844,QRIS,IN,1887196.0,Revenue
transfer pelanggan bu ani 2883,Bank_Mutation,IN,2519188.0,Revenue
trx qris 113 8559,QRIS,IN,2793593.0,Revenue
uang masuk dr warung sebelah 2184,Cash,IN,4856981.0,Revenue
pembayaran jasa perbaikan 9739,Invoice,IN,3438461.0,Revenue
pembayaran barang 3292,Bank_Mutation,OUT,2122848.0,Revenue
pembayaran baju gamis 5018,QRIS,OUT,2392612.0,Revenue
pembayaran pesanan katering 5354,Cash,IN,4045425.0,Revenue
transfer pelanggan pt xyz 2556,Invoice,IN,2207559.0,Revenue
pembayaran baju gamis 1067,QRIS,IN,3802316.0,Revenue
hasil penjualan harian 5212,QRIS,IN,3642670.0,Revenue
penjualan sepatu 2892,Transfer,OUT,2558870.0,Revenue
pembayaran kopi susu 6108,Bank_Mutation,IN,2469055.0,Revenue
uang masuk dr customer 5581,QRIS,IN,4337476.0,Revenue
uang masuk dr toko kelontong 5017,QRIS,IN,3889731.0,Revenue
penjualan barang 6478,Bank_Mutation,IN,2973673.0,Revenue
trx qris 179 4429,Bank_Mutation,IN,1549151.0,Revenue
transfer pelanggan toko kelontong 8954,Invoice,IN,1831639.0,Revenue
uang masuk dr customer 1903,Bank_Mutation,OUT,1584532.0,Revenue
uang masuk dr customer 8759,QRIS,IN,2514555.0,Revenue
trx qris 125 9574,Invoice,IN,4616390.0,Revenue
hasil penjualan harian 9673,QRIS,IN,439377.0,Revenue
hasil penjualan harian 1171,Bank_Mutation,IN,4893913.0,Revenue
transfer pelanggan bu ani 6684,Transfer,IN,1060464.0,Revenue
hasil penjualan harian 3501,Transfer,OUT,1238125.0,Revenue
pembayaran paket sembako 3684,Bank_Mutation,OUT,3840457.0,Revenue
transfer pelanggan pt xyz 5255,Cash,OUT,2120820.0,Revenue
uang masuk dr klien 1298,Bank_Mutation,OUT,1439795.0,Revenue
uang masuk dr pt xyz 9214,Bank_Mutation,IN,4324181.0,Revenue
uang masuk dr pt xyz 7733,Cash,IN,4512433.0,Revenue
hasil penjualan harian 8587,Transfer,IN,2599344.0,Revenue
penjualan pesanan katering 3069,QRIS,IN,1722619.0,Revenue
trx qris 185 3258,Bank_Mutation,IN,2644943.0,Revenue
transfer pelanggan pt xyz 9736,Bank_Mutation,IN,590623.0,Revenue
hasil penjualan harian 6328,Bank_Mutation,OUT,1505297.0,Revenue
trx qris 180 5732,QRIS,IN,3788534.0,Revenue
pembayaran baju gamis 4673,Bank_Mutation,IN,648511.0,Revenue
hasil penjualan harian 8450,Cash,IN,3171687.0,Revenue
penjualan pesanan katering 2532,QRIS,IN,4034172.0,Revenue
trx qris 131 8299,Cash,IN,912152.0,Revenue
trx qris 130 7377,Transfer,IN,4929548.0,Revenue
penjualan sepatu 9788,Transfer,OUT,223350.0,Revenue
transfer pelanggan pt xyz 9994,Bank_Mutation,IN,54394.0,Revenue
hasil penjualan harian 1318,Bank_Mutation,IN,2060266.0,Revenue
hasil penjualan harian 9645,QRIS,IN,2477415.0,Revenue
uang masuk dr klien 3087,QRIS,IN,1458109.0,Revenue
pembayaran jasa perbaikan 8023,Bank_Mutation,IN,2433684.0,Revenue
pembayaran paket sembako 8554,Transfer,IN,3441754.0,Revenue
hasil penjualan harian 2988,Transfer,IN,1882220.0,Revenue
penjualan baju gamis 5061,QRIS,IN,941937.0,Revenue
uang masuk dr customer 5612,Invoice,OUT,3205163.0,Revenue
penjualan baju gamis 6175,QRIS,OUT,4792525.0,Revenue
hasil penjualan harian 8160,QRIS,IN,3183693.0,Revenue
penjualan pesanan katering 5046,Transfer,IN,957033.0,Revenue
transfer pelanggan pelanggan 9592,QRIS,IN,299672.0,Revenue
trx qris 147 7968,Bank_Mutation,IN,447757.0,Revenue
hasil penjualan harian 1571,Transfer,IN,177989.0,Revenue
penjualan barang 4660,QRIS,IN,2807695.0,Revenue
penjualan jasa perbaikan 9871,QRIS,IN,4937357.0,Revenue
pembayaran jasa perbaikan 2167,Bank_Mutation,IN,4800975.0,Revenue
pembayaran baju gamis 3760,QRIS,IN,3688944.0,Revenue
transfer pelanggan pt xyz 3153,Invoice,IN,3022952.0,Revenue
penjualan baju gamis 5641,Cash,IN,2342557.0,Revenue
uang masuk dr toko kelontong 6840,Bank_Mutation,IN,728310.0,Revenue
pembayaran jasa perbaikan 8354,Cash,IN,3521164.0,Revenue
pembayaran pesanan katering 5750,Cash,IN,743548.0,Revenue
transfer pelanggan pelanggan 4636,Bank_Mutation,IN,2938462.0,Revenue
trx qris 155 3802,Transfer,IN,3248156.0,Revenue
penjualan sepatu 5905,Invoice,IN,2249606.0,Revenue
uang masuk dr bu ani 8243,Bank_Mutation,IN,4790732.0,Revenue
pembayaran pesanan katering 1652,Bank_Mutation,OUT,4621578.0,Revenue
penjualan sepatu 3333,Bank_Mutation,IN,750008.0,Revenue
trx qris 195 2052,Invoice,OUT,2444938.0,Revenue
pembayaran barang 8532,Transfer,IN,872023.0,Revenue
pembayaran pesanan katering 3420,Invoice,IN,152414.0,Revenue
uang masuk dr bapak budi 3917,Cash,OUT,3380027.0,Revenue
transfer pelanggan pelanggan 1970,Cash,OUT,4490969.0,Revenue
uang masuk dr bu ani 8616,Cash,IN,751700.0,Revenue
trx qris 185 9628,Invoice,IN,618677.0,Revenue
transfer pelanggan warung sebelah 3979,Bank_Mutation,IN,1050213.0,Revenue
hasil penjualan harian 7908,Invoice,IN,1464595.0,Revenue
trx qris 112 1405,QRIS,OUT,1900032.0,Revenue
hasil penjualan harian 5223,Transfer,OUT,2649012.0,Revenue
pembayaran paket sembako 7286,Transfer,IN,1322242.0,Revenue
transfer pelanggan warung sebelah 9257,Cash,OUT,870410.0,Revenue
transfer pelanggan pelanggan 9779,Transfer,IN,1889105.0,Revenue
pembayaran baju gamis 4277,Bank_Mutation,IN,2459650.0,Revenue
penjualan barang 3916,Bank_Mutation,OUT,2512435.0,Revenue
trx qris 102 7593,QRIS,OUT,826797.0,Revenue
pembayaran sepatu 9143,Cash,IN,4176207.0,Revenue
transfer pelanggan klien 5633,Invoice,IN,3505669.0,Revenue
pembayaran barang 2836,QRIS,IN,2508833.0,Revenue
pembayaran barang 8729,Transfer,IN,3718518.0,Revenue
hasil penjualan harian 6329,Bank_Mutation,OUT,2835470.0,Revenue
uang masuk dr bu ani 7080,Transfer,IN,3180016.0,Revenue
hasil penjualan harian 1376,Cash,IN,1223592.0,Revenue
pembayaran sepatu 9191,QRIS,IN,1357841.0,Revenue
hasil penjualan harian 7694,Invoice,IN,4625346.0,Revenue
uang masuk dr klien 8439,QRIS,IN,1546441.0,Revenue
pembayaran baju gamis 7250,Invoice,IN,1311823.0,Revenue
uang masuk dr toko kelontong 6666,QRIS,OUT,586938.0,Revenue
uang masuk dr bu ani 4238,Invoice,IN,1832735.0,Revenue
uang masuk dr bu ani 9606,Transfer,IN,1667292.0,Revenue
hasil penjualan harian 9698,QRIS,OUT,4694848.0,Revenue
hasil penjualan harian 4297,QRIS,IN,602500.0,Revenue
pembayaran sepatu 7756,Cash,IN,4633514.0,Revenue
penjualan barang 4065,Invoice,IN,121398.0,Revenue
transfer pelanggan customer 1083,QRIS,IN,2169668.0,Revenue
penjualan kopi susu 5269,QRIS,IN,1103274.0,Revenue
trx qris 185 2341,Transfer,OUT,1339230.0,Revenue
uang masuk dr warung sebelah 7422,Cash,IN,148869.0,Revenue
trx qris 183 6697,QRIS,IN,461948.0,Revenue
transfer pelanggan pt xyz 8660,Invoice,IN,4900398.0,Revenue
trx qris 149 3499,Transfer,IN,1041450.0,Revenue
hasil penjualan harian 3966,Bank_Mutation,IN,1874623.0,Revenue
uang masuk dr toko kelontong 2431,QRIS,IN,775627.0,Revenue
penjualan baju gamis 1881,Transfer,IN,4031630.0,Revenue
hasil penjualan harian 1086,Bank_Mutation,IN,3291032.0,Revenue
trx qris 122 2653,Invoice,IN,1826956.0,Revenue
pembayaran sepatu 6997,QRIS,IN,982567.0,Revenue
transfer pelanggan pt xyz 3657,QRIS,IN,2402883.0,Revenue
penjualan kopi susu 3763,QRIS,OUT,2738988.0,Revenue
transfer pelanggan klien 9996,QRIS,IN,4713866.0,Revenue
uang masuk dr pt xyz 5707,Cash,IN,3430061.0,Revenue
penjualan jasa perbaikan 1487,Cash,OUT,3140777.0,Revenue
hasil penjualan harian 2049,Transfer,IN,696087.0,Revenue
transfer pelanggan pelanggan 6856,Transfer,OUT,3504363.0,Revenue
hasil penjualan harian 2396,Transfer,IN,1248931.0,Revenue
penjualan pesanan katering 9864,Transfer,IN,3875431.0,Revenue
pembayaran pesanan katering 9726,Bank_Mutation,IN,3245430.0,Revenue
transfer pelanggan klien 9493,Invoice,OUT,2981720.0,Revenue
uang masuk dr bapak budi 5652,QRIS,IN,3791444.0,Revenue
penjualan sepatu 9954,Transfer,IN,1334946.0,Revenue
trx qris 134 3955,QRIS,IN,259567.0,Revenue
transfer pelanggan bu ani 4522,Transfer,IN,2123534.0,Revenue
transfer pelanggan klien 7721,Transfer,OUT,4691725.0,Revenue
pembayaran pesanan katering 3768,Invoice,IN,596941.0,Revenue
penjualan jasa perbaikan 9182,Transfer,IN,4731281.0,Revenue
uang masuk dr warung sebelah 5664,Transfer,IN,713160.0,Revenue
transfer pelanggan pelanggan 4233,QRIS,IN,4586597.0,Revenue
trx qris 117 6990,Transfer,IN,3775349.0,Revenue
hasil penjualan harian 6831,Cash,OUT,3663365.0,Revenue
penjualan sepatu 6965,Transfer,IN,3539451.0,Revenue
transfer pelanggan pelanggan 2898,Cash,OUT,3920322.0,Revenue
hasil penjualan harian 3920,Cash,IN,4651056.0,Revenue
penjualan sepatu 4121,Invoice,IN,4668340.0,Revenue
transfer pelanggan warung sebelah 5095,Bank_Mutation,OUT,826749.0,Revenue
trx qris 136 9853,QRIS,OUT,149939.0,Revenue
transfer pelanggan bu ani 6300,QRIS,IN,2468054.0,Revenue
hasil penjualan harian 9079,QRIS,IN,1722516.0,Revenue
transfer pelanggan warung sebelah 7953,Invoice,IN,1618375.0,Revenue
hasil penjualan harian 6826,Transfer,IN,701381.0,Revenue
bayar kredit bni 1923,Cash,IN,3754881.0,Financing
dana pinjaman masuk 2659,Transfer,IN,3683019.0,Financing
bayar kredit pinjol 3296,QRIS,IN,1351623.0,Financing
dana pinjaman masuk 5772,Cash,IN,3070630.0,Financing
bayar kredit bri 5489,Invoice,IN,1848705.0,Financing
angsuran pokok pinjaman 3034,Invoice,IN,3857709.0,Financing
kur bni 6853,QRIS,OUT,2860218.0,Financing
kur koperasi 6918,Invoice,OUT,374534.0,Financing
pembiayaan dari bri 4518,Invoice,OUT,2729832.0,Financing
angsuran pokok pinjaman 8165,Transfer,IN,2938291.0,Financing
pencairan modal kerja 8072,Transfer,IN,1376524.0,Financing
pencairan modal kerja 8207,Cash,IN,3240582.0,Financing
pembiayaan dari mandiri 9440,Cash,IN,3819099.0,Financing
kur bri 4502,Bank_Mutation,IN,2665871.0,Financing
dana pinjaman masuk 3620,Invoice,IN,2914751.0,Financing
kur bri 1069,QRIS,OUT,3126758.0,Financing
dana pinjaman masuk 3582,Cash,IN,1217660.0,Financing
pencairan kredit usaha 6541,Bank_Mutation,IN,1850076.0,Financing
pencairan kta 4853,Cash,IN,3760233.0,Financing
bayar kredit bni 6651,Bank_Mutation,IN,61955.0,Financing
kur bca 1780,Invoice,OUT,4107217.0,Financing
kur bni 4879,QRIS,IN,3564479.0,Financing
dana pinjaman masuk 3026,Transfer,IN,3068982.0,Financing
angsuran pokok kta 2062,Transfer,OUT,2139199.0,Financing
pembiayaan dari pinjol 2098,Bank_Mutation,IN,120224.0,Financing
pencairan kta 2451,Transfer,IN,1369278.0,Financing
angsuran pokok kredit usaha 8194,Invoice,IN,2781665.0,Financing
dana pinjaman masuk 7717,Invoice,OUT,1947968.0,Financing
bayar kredit bri 1856,Invoice,IN,347687.0,Financing
kur bri 3722,QRIS,IN,233225.0,Financing
pencairan kredit investasi 7378,Transfer,IN,4927977.0,Financing
kur mandiri 9476,Cash,IN,2239446.0,Financing
pencairan pembiayaan 1893,Cash,OUT,201268.0,Financing
bayar kredit bni 9835,Cash,IN,2379372.0,Financing
bayar kredit bni 6104,Transfer,OUT,3426110.0,Financing
pencairan kredit usaha 7894,Bank_Mutation,IN,2337476.0,Financing
bayar kredit koperasi 4842,Transfer,IN,1711907.0,Financing
pencairan kta 7946,Bank_Mutation,IN,1548100.0,Financing
angsuran pokok kta 4323,Invoice,IN,3769788.0,Financing
bayar kredit bca 6771,Invoice,IN,865536.0,Financing
kur bca 2678,Cash,IN,4582551.0,Financing
pembiayaan dari bri 7254,QRIS,IN,4758114.0,Financing
pembiayaan dari bri 8641,Invoice,IN,805063.0,Financing
dana pinjaman masuk 5452,Bank_Mutation,OUT,3744386.0,Financing
dana pinjaman masuk 7098,Cash,IN,3506542.0,Financing
angsuran pokok modal kerja 9032,QRIS,IN,1946730.0,Financing
dana pinjaman masuk 2247,Invoice,IN,403816.0,Financing
dana pinjaman masuk 6631,Bank_Mutation,IN,3787886.0,Financing
pencairan kredit usaha 7806,Cash,IN,3493977.0,Financing
bayar kredit koperasi 7156,Transfer,IN,3105953.0,Financing
pembiayaan dari bni 9571,QRIS,IN,2535204.0,Financing
angsuran pokok pembiayaan 7088,QRIS,OUT,2357743.0,Financing
dana pinjaman masuk 8927,Bank_Mutation,IN,187778.0,Financing
kur pinjol 8689,Transfer,IN,2105866.0,Financing
angsuran pokok modal kerja 7180,QRIS,IN,3442524.0,Financing
pencairan pembiayaan 6159,Transfer,OUT,3356788.0,Financing
kur mandiri 2245,QRIS,IN,360301.0,Financing
kur koperasi 6592,QRIS,IN,4750543.0,Financing
dana pinjaman masuk 7997,Bank_Mutation,IN,3978652.0,Financing
pembiayaan dari bri 8824,QRIS,IN,1322810.0,Financing
kur bni 6447,Invoice,IN,1448459.0,Financing
pencairan pinjaman 8421,Invoice,IN,3054067.0,Financing
pencairan pembiayaan 2529,Bank_Mutation,OUT,3473377.0,Financing
bayar kredit pinjol 3228,Transfer,IN,3104526.0,Financing
angsuran pokok kredit usaha 5585,Bank_Mutation,IN,1263313.0,Financing
pembiayaan dari mandiri 2705,Invoice,OUT,607357.0,Financing
pembiayaan dari mandiri 2162,Transfer,IN,2209726.0,Financing
angsuran pokok pembiayaan 9448,Bank_Mutation,IN,650163.0,Financing
kur pinjol 7208,Bank_Mutation,IN,408892.0,Financing
bayar kredit bca 4482,QRIS,IN,4048161.0,Financing
dana pinjaman masuk 2404,Invoice,IN,869141.0,Financing
angsuran pokok kredit investasi 5254,Bank_Mutation,IN,677979.0,Financing
kur bni 5455,Transfer,OUT,1759330.0,Financing
dana pinjaman masuk 1797,Bank_Mutation,OUT,2969160.0,Financing
pencairan pinjaman 4657,Bank_Mutation,OUT,1446394.0,Financing
dana pinjaman masuk 8601,Transfer,IN,1424160.0,Financing
pencairan kredit investasi 4779,Bank_Mutation,OUT,4480777.0,Financing
kur bni 2063,Transfer,OUT,2477244.0,Financing
angsuran pokok kpr 2927,Bank_Mutation,IN,458702.0,Financing
angsuran pokok pinjaman 1191,Transfer,IN,2070319.0,Financing
pembiayaan dari pinjol 4180,QRIS,IN,288590.0,Financing
kur bca 5453,Transfer,IN,1018692.0,Financing
pembiayaan dari bca 6834,QRIS,OUT,2072322.0,Financing
dana pinjaman masuk 6552,QRIS,IN,565534.0,Financing
bayar kredit pinjol 8633,QRIS,IN,3509124.0,Financing
angsuran pokok kta 2128,Invoice,IN,4360080.0,Financing
pencairan kredit investasi 7937,Transfer,IN,3765654.0,Financing
angsuran pokok pinjaman 4291,Transfer,IN,3553773.0,Financing
pembiayaan dari bca 7898,Cash,IN,2337720.0,Financing
kur bca 6612,Invoice,OUT,320946.0,Financing
bayar kredit mandiri 3287,Transfer,IN,1628527.0,Financing
kur pinjol 6568,Transfer,IN,270583.0,Financing
angsuran pokok kredit usaha 7773,Transfer,OUT,3121480.0,Financing
bayar kredit pinjol 5174,Transfer,IN,2963852.0,Financing
dana pinjaman masuk 9900,Transfer,IN,4054065.0,Financing
pembiayaan dari pinjol 6852,Transfer,IN,728442.0,Financing
angsuran pokok kredit investasi 7010,Bank_Mutation,IN,4700528.0,Financing
pembiayaan dari pinjol 4959,Invoice,OUT,3176736.0,Financing
pencairan modal kerja 7131,Invoice,IN,3282597.0,Financing
pembiayaan dari bri 3863,Cash,OUT,1183323.0,Financing
bayar kredit bri 3442,QRIS,IN,2504441.0,Financing
pembiayaan dari bri 2104,Transfer,IN,4086052.0,Financing
kur mandiri 4660,QRIS,IN,187359.0,Financing
pembiayaan dari bni 3626,Cash,IN,155080.0,Financing
pencairan kredit investasi 4806,QRIS,OUT,1279698.0,Financing
dana pinjaman masuk 9270,Cash,OUT,1073158.0,Financing
pencairan pinjaman 9466,Bank_Mutation,IN,54327.0,Financing
kur mandiri 2825,Transfer,IN,2294055.0,Financing
bayar kredit koperasi 4637,QRIS,OUT,4564410.0,Financing
dana pinjaman masuk 4239,QRIS,IN,1519887.0,Financing
bayar kredit mandiri 1587,QRIS,IN,3304967.0,Financing
pencairan kpr 7059,Cash,IN,2852924.0,Financing
kur koperasi 2532,Cash,IN,1133212.0,Financing
pembiayaan dari pinjol 7249,Bank_Mutation,IN,2596086.0,Financing
bayar kredit bca 6505,Transfer,IN,874579.0,Financing
dana pinjaman masuk 1614,QRIS,IN,4643487.0,Financing
pencairan modal kerja 1289,Invoice,IN,3813039.0,Financing
pembiayaan dari pinjol 5558,Transfer,IN,3776668.0,Financing
dana pinjaman masuk 9798,Bank_Mutation,OUT,4262137.0,Financing
pembiayaan dari bni 5374,Bank_Mutation,IN,2902120.0,Financing
pencairan kpr 9714,Transfer,IN,4379660.0,Financing
angsuran pokok modal kerja 7258,Bank_Mutation,IN,3827088.0,Financing
pembiayaan dari bri 6178,Transfer,OUT,4745294.0,Financing
angsuran pokok kredit usaha 8400,Cash,IN,2324816.0,Financing
angsuran pokok kta 7016,Cash,IN,2206931.0,Financing
kur bri 7711,QRIS,IN,4243014.0,Financing
pembiayaan dari bri 3854,Cash,IN,2357117.0,Financing
bayar kredit bri 8807,Bank_Mutation,IN,1842983.0,Financing
pembiayaan dari koperasi 8471,Cash,IN,4865235.0,Financing
pembiayaan dari pinjol 3700,QRIS,IN,3934738.0,Financing
bayar kredit koperasi 7443,Transfer,IN,4674614.0,Financing
dana pinjaman masuk 6997,Bank_Mutation,IN,4266196.0,Financing
pembiayaan dari pinjol 8776,Transfer,IN,911791.0,Financing
dana pinjaman masuk 6940,Transfer,IN,1203814.0,Financing
angsuran pokok pembiayaan 5818,Cash,IN,2420930.0,Financing
dana pinjaman masuk 6311,QRIS,OUT,3610698.0,Financing
dana pinjaman masuk 6225,Bank_Mutation,IN,83969.0,Financing
dana pinjaman masuk 5501,Invoice,IN,4745676.0,Financing
pembiayaan dari bni 4224,QRIS,IN,2697240.0,Financing
dana pinjaman masuk 3603,Transfer,IN,2979353.0,Financing
dana pinjaman masuk 1483,Invoice,IN,4166817.0,Financing
pembiayaan dari mandiri 6219,Transfer,IN,1339377.0,Financing
pencairan kredit investasi 8813,Cash,OUT,2358724.0,Financing
pembiayaan dari bca 2339,Bank_Mutation,IN,2484878.0,Financing
angsuran pokok pembiayaan 2689,Bank_Mutation,IN,2950961.0,Financing
angsuran pokok kta 3597,QRIS,IN,2930954.0,Financing
dana pinjaman masuk 5582,Bank_Mutation,IN,2816610.0,Financing
angsuran pokok pinjaman 8787,Cash,IN,4117456.0,Financing
angsuran pokok pinjaman 6803,Bank_Mutation,IN,515225.0,Financing
kur bni 1915,Bank_Mutation,IN,4060564.0,Financing
pencairan modal kerja 7816,Invoice,IN,2844599.0,Financing
pembiayaan dari bri 9649,QRIS,IN,2601081.0,Financing
dana pinjaman masuk 5465,QRIS,IN,3701543.0,Financing
kur koperasi 3202,Invoice,IN,3389742.0,Financing
dana pinjaman masuk 4334,QRIS,IN,67770.0,Financing
angsuran pokok kpr 2361,Bank_Mutation,IN,4300925.0,Financing
pembiayaan dari bca 1286,Cash,IN,1691342.0,Financing
pencairan kpr 6317,Bank_Mutation,OUT,1637890.0,Financing
bayar kredit koperasi 2815,Transfer,IN,424868.0,Financing
dana pinjaman masuk 8314,Invoice,IN,2886898.0,Financing
dana pinjaman masuk 4526,Transfer,IN,4482102.0,Financing
pembiayaan dari bca 4933,QRIS,IN,2906688.0,Financing
angsuran pokok pinjaman 5776,QRIS,OUT,3646023.0,Financing
dana pinjaman masuk 8113,Invoice,IN,1601018.0,Financing
bayar kredit koperasi 4752,QRIS,OUT,3042278.0,Financing
angsuran pokok modal kerja 3892,QRIS,OUT,3811335.0,Financing
pencairan pembiayaan 9230,Invoice,IN,3715135.0,Financing
angsuran pokok pembiayaan 5651,Cash,IN,2659218.0,Financing
kur bca 2403,QRIS,OUT,3951179.0,Financing
kur bni 2611,Cash,IN,3028823.0,Financing
angsuran pokok kredit usaha 1923,Transfer,OUT,4158965.0,Financing
dana pinjaman masuk 7581,Transfer,IN,3254706.0,Financing
pencairan kpr 2598,Bank_Mutation,IN,1661518.0,Financing
pembiayaan dari koperasi 5047,Bank_Mutation,IN,2875270.0,Financing
bayar kredit bni 2206,QRIS,IN,2371748.0,Financing
pencairan kredit usaha 5797,Cash,IN,1452290.0,Financing
angsuran pokok kpr 2156,Cash,IN,1287696.0,Financing
dana pinjaman masuk 4315,QRIS,IN,4744048.0,Financing
bayar kredit bni 8963,Transfer,IN,1534173.0,Financing
dana pinjaman masuk 9095,Transfer,IN,2916457.0,Financing
kur bni 6952,Transfer,OUT,3661289.0,Financing
bayar kredit bni 2216,Transfer,IN,2878645.0,Financing
pembiayaan dari bni 8873,Bank_Mutation,IN,4912969.0,Financing
angsuran pokok kredit usaha 3057,Cash,IN,4743251.0,Financing
pembiayaan dari bni 9238,Bank_Mutation,OUT,3864130.0,Financing
bayar kredit pinjol 9124,Invoice,IN,2143568.0,Financing
angsuran pokok pinjaman 8515,Cash,OUT,3815681.0,Financing
dana pinjaman masuk 9420,Transfer,IN,4726507.0,Financing
angsuran pokok kpr 2800,Cash,OUT,1073828.0,Financing
angsuran pokok kpr 2155,Transfer,OUT,4385597.0,Financing
dana pinjaman masuk 5276,QRIS,IN,725955.0,Financing
pencairan pinjaman 1390,Invoice,OUT,4219292.0,Financing
pembiayaan dari koperasi 2811,Transfer,IN,820798.0,Financing
angsuran pokok kredit usaha 4316,Cash,IN,4275946.0,Financing
dana pinjaman masuk 2642,Cash,IN,2957173.0,Financing
kur pinjol 9257,Cash,IN,2351692.0,Financing
pencairan modal kerja 4330,Bank_Mutation,IN,4839810.0,Financing
pembiayaan dari bni 2409,Transfer,IN,646443.0,Financing
bayar kredit bca 2801,Cash,IN,2472789.0,Financing
pencairan pembiayaan 8221,Invoice,OUT,259873.0,Financing
tarik tunai bri 2238,QRIS,OUT,3646156.0,Transfer_Internal
tarik tunai koperasi 1569,Cash,OUT,4742148.0,Transfer_Internal
ambil cash dari atm bca 3795,QRIS,OUT,2759426.0,Transfer_Internal
ambil cash dari atm bri 5412,QRIS,OUT,4586281.0,Transfer_Internal
trf ke rek istri 6140,QRIS,OUT,3608390.0,Transfer_Internal
trf ke kasir 9146,Bank_Mutation,OUT,107701.0,Transfer_Internal
trf ke rekening sendiri 4524,Transfer,OUT,1902941.0,Transfer_Internal
ambil cash dari atm pinjol 6487,Bank_Mutation,OUT,3010991.0,Transfer_Internal
ambil cash dari atm bni 8589,QRIS,OUT,3943224.0,Transfer_Internal
mutasi kas ke bni 4261,QRIS,OUT,3455378.0,Transfer_Internal
trf ke kasir 2873,QRIS,OUT,3585785.0,Transfer_Internal
tarik tunai pinjol 4720,Transfer,OUT,1074351.0,Transfer_Internal
pindah saldo ke rekening sendiri 3297,Invoice,OUT,4396308.0,Transfer_Internal
ambil cash dari atm bri 7928,Bank_Mutation,OUT,4782983.0,Transfer_Internal
setor ke rekening utama 7952,Cash,OUT,3465206.0,Transfer_Internal
tarik tunai bni 5711,Transfer,IN,986826.0,Transfer_Internal
pindah saldo ke brankas 6565,QRIS,OUT,4053046.0,Transfer_Internal
mutasi kas ke mandiri 9080,Invoice,OUT,2380012.0,Transfer_Internal
tarik tunai bni 5242,QRIS,OUT,4063619.0,Transfer_Internal
setor ke rekening operasional 6150,QRIS,OUT,4100356.0,Transfer_Internal
pindah saldo ke rekening sendiri 7411,Bank_Mutation,OUT,1737188.0,Transfer_Internal
pindah saldo ke rekening utama 5461,Cash,OUT,1966557.0,Transfer_Internal
pindah saldo ke brankas 9350,Cash,OUT,2420724.0,Transfer_Internal
tarik tunai mandiri 2916,QRIS,OUT,4018119.0,Transfer_Internal
setor ke rekening operasional 1740,Cash,OUT,4266880.0,Transfer_Internal
tarik tunai pinjol 5070,Transfer,OUT,1855210.0,Transfer_Internal
tarik tunai bni 6581,Invoice,OUT,2390206.0,Transfer_Internal
mutasi kas ke mandiri 8905,Cash,OUT,2763910.0,Transfer_Internal
pindah saldo ke kasir 9137,Cash,OUT,477109.0,Transfer_Internal
pindah saldo ke rek istri 8351,QRIS,OUT,4994516.0,Transfer_Internal
pindah saldo ke brankas 2711,Cash,OUT,4746552.0,Transfer_Internal
pindah saldo ke kas harian 2980,Transfer,OUT,2985861.0,Transfer_Internal
ambil cash dari atm pinjol 4708,Transfer,OUT,2531400.0,Transfer_Internal
mutasi kas ke pinjol 4852,QRIS,OUT,4874577.0,Transfer_Internal
trf ke kas harian 3955,QRIS,OUT,66901.0,Transfer_Internal
tarik tunai mandiri 7910,QRIS,OUT,3614831.0,Transfer_Internal
trf ke rekening utama 8879,Bank_Mutation,OUT,1561575.0,Transfer_Internal
trf ke kas harian 9840,Bank_Mutation,OUT,295322.0,Transfer_Internal
mutasi kas ke bni 6360,Invoice,IN,2439704.0,Transfer_Internal
tarik tunai koperasi 5203,QRIS,OUT,3407742.0,Transfer_Internal
mutasi kas ke bri 6381,Transfer,OUT,1197685.0,Transfer_Internal
pindah saldo ke rek istri 6299,Invoice,OUT,4875388.0,Transfer_Internal
ambil cash dari atm bri 7758,Transfer,OUT,1015619.0,Transfer_Internal
pindah saldo ke rekening utama 5521,Cash,OUT,3418638.0,Transfer_Internal
pindah saldo ke rek istri 9142,QRIS,IN,2254328.0,Transfer_Internal
trf ke kas harian 5546,QRIS,OUT,2770316.0,Transfer_Internal
mutasi kas ke koperasi 3359,QRIS,OUT,336771.0,Transfer_Internal
tarik tunai bca 2922,Transfer,OUT,3041792.0,Transfer_Internal
trf ke brankas 8912,Transfer,IN,2080787.0,Transfer_Internal
ambil cash dari atm pinjol 6138,Bank_Mutation,OUT,3872000.0,Transfer_Internal
tarik tunai koperasi 5026,Bank_Mutation,OUT,3606745.0,Transfer_Internal
mutasi kas ke mandiri 8772,Transfer,OUT,1931300.0,Transfer_Internal
mutasi kas ke koperasi 1224,QRIS,OUT,2892627.0,Transfer_Internal
mutasi kas ke koperasi 1206,Bank_Mutation,OUT,4032956.0,Transfer_Internal
ambil cash dari atm koperasi 4565,Bank_Mutation,OUT,466709.0,Transfer_Internal
mutasi kas ke bni 8430,Bank_Mutation,OUT,4212277.0,Transfer_Internal
pindah saldo ke rekening sendiri 3526,Transfer,OUT,1454981.0,Transfer_Internal
setor ke rekening sendiri 5895,QRIS,OUT,3854219.0,Transfer_Internal
tarik tunai pinjol 9961,Cash,OUT,1669284.0,Transfer_Internal
pindah saldo ke brankas 5030,Bank_Mutation,OUT,1723081.0,Transfer_Internal
setor ke rekening operasional 3341,Bank_Mutation,IN,3351550.0,Transfer_Internal
tarik tunai bca 2696,Bank_Mutation,OUT,2057052.0,Transfer_Internal
trf ke kasir 9691,Bank_Mutation,OUT,3096728.0,Transfer_Internal
trf ke rekening sendiri 8747,Invoice,OUT,4751817.0,Transfer_Internal
pindah saldo ke kas harian 1226,Transfer,OUT,380712.0,Transfer_Internal
ambil cash dari atm bri 2415,Transfer,IN,3859053.0,Transfer_Internal
ambil cash dari atm mandiri 7525,QRIS,OUT,3172893.0,Transfer_Internal
ambil cash dari atm mandiri 7558,Cash,IN,4708115.0,Transfer_Internal
pindah saldo ke kas harian 4040,Invoice,OUT,4871369.0,Transfer_Internal
mutasi kas ke bca 1983,Bank_Mutation,OUT,3218556.0,Transfer_Internal
pindah saldo ke rekening utama 9824,Invoice,OUT,3712245.0,Transfer_Internal
pindah saldo ke rekening operasional 1189,Cash,OUT,157472.0,Transfer_Internal
ambil cash dari atm mandiri 7085,Transfer,OUT,3239960.0,Transfer_Internal
trf ke rekening operasional 8021,Bank_Mutation,IN,3470809.0,Transfer_Internal
tarik tunai bca 3141,QRIS,OUT,3378796.0,Transfer_Internal
trf ke rekening operasional 7285,Bank_Mutation,IN,4862809.0,Transfer_Internal
pindah saldo ke rek istri 3261,Invoice,IN,4403048.0,Transfer_Internal
tarik tunai koperasi 9468,Invoice,OUT,421604.0,Transfer_Internal
mutasi kas ke bni 1546,Cash,OUT,3093412.0,Transfer_Internal
ambil cash dari atm pinjol 6506,QRIS,IN,476646.0,Transfer_Internal
ambil cash dari atm bri 8032,Bank_Mutation,OUT,719831.0,Transfer_Internal
trf ke rekening utama 9016,Invoice,IN,3760680.0,Transfer_Internal
trf ke rek istri 7386,Invoice,OUT,2436880.0,Transfer_Internal
ambil cash dari atm koperasi 4690,Invoice,OUT,250787.0,Transfer_Internal
trf ke rekening operasional 5603,Transfer,OUT,757331.0,Transfer_Internal
setor ke kasir 3984,QRIS,OUT,953274.0,Transfer_Internal
mutasi kas ke bca 6335,Invoice,OUT,3742364.0,Transfer_Internal
ambil cash dari atm bca 3653,Bank_Mutation,IN,3720306.0,Transfer_Internal
mutasi kas ke bca 4806,QRIS,OUT,3090543.0,Transfer_Internal
trf ke rekening operasional 8595,Transfer,OUT,1625342.0,Transfer_Internal
trf ke rekening utama 4358,Transfer,IN,1310752.0,Transfer_Internal
setor ke rekening sendiri 1451,QRIS,OUT,4855901.0,Transfer_Internal
ambil cash dari atm bca 9602,Bank_Mutation,IN,4469413.0,Transfer_Internal
pindah saldo ke brankas 4149,Bank_Mutation,OUT,2856395.0,Transfer_Internal
tarik tunai pinjol 1749,Invoice,OUT,3678622.0,Transfer_Internal
ambil cash dari atm mandiri 4627,QRIS,OUT,1782821.0,Transfer_Internal
setor ke rekening utama 3588,QRIS,OUT,3467704.0,Transfer_Internal
trf ke kas harian 3130,Transfer,OUT,1112087.0,Transfer_Internal
tarik tunai mandiri 3133,Transfer,OUT,4109453.0,Transfer_Internal
mutasi kas ke bca 4850,QRIS,OUT,1571325.0,Transfer_Internal
tarik tunai pinjol 2247,Cash,OUT,3170005.0,Transfer_Internal
ambil cash dari atm pinjol 5755,QRIS,OUT,3082749.0,Transfer_Internal
trf ke rekening sendiri 4539,Cash,OUT,2023548.0,Transfer_Internal
setor ke rekening utama 2850,Cash,OUT,75555.0,Transfer_Internal
mutasi kas ke bca 1449,Transfer,IN,4743766.0,Transfer_Internal
tarik tunai bca 3759,Transfer,IN,468190.0,Transfer_Internal
tarik tunai bni 7902,Transfer,OUT,1344014.0,Transfer_Internal
setor ke rek istri 9907,Cash,OUT,990844.0,Transfer_Internal
ambil cash dari atm bri 1511,Transfer,OUT,2203445.0,Transfer_Internal
setor ke rekening utama 7067,Invoice,OUT,4954830.0,Transfer_Internal
mutasi kas ke bni 2775,Invoice,OUT,1849491.0,Transfer_Internal
trf ke kasir 9391,Invoice,IN,3620398.0,Transfer_Internal
mutasi kas ke koperasi 1122,Transfer,OUT,3677412.0,Transfer_Internal
setor ke rekening operasional 3976,Invoice,OUT,784104.0,Transfer_Internal
tarik tunai mandiri 3558,Invoice,IN,3600557.0,Transfer_Internal
trf ke kas harian 3446,Cash,OUT,2234663.0,Transfer_Internal
setor ke kas harian 5821,Cash,IN,3669753.0,Transfer_Internal
pindah saldo ke rekening sendiri 2969,QRIS,OUT,4367707.0,Transfer_Internal
mutasi kas ke bca 8444,Transfer,OUT,4624840.0,Transfer_Internal
trf ke rek istri 5715,Invoice,OUT,3034467.0,Transfer_Internal
pindah saldo ke rekening operasional 3732,Bank_Mutation,IN,828324.0,Transfer_Internal
tarik tunai pinjol 2980,Bank_Mutation,IN,2900338.0,Transfer_Internal
mutasi kas ke koperasi 5668,QRIS,OUT,2169399.0,Transfer_Internal
setor ke rekening utama 4383,Invoice,OUT,2985140.0,Transfer_Internal
setor ke kas harian 1371,Invoice,OUT,3871942.0,Transfer_Internal
trf ke brankas 3139,QRIS,OUT,65192.0,Transfer_Internal
ambil cash dari atm mandiri 9915,Bank_Mutation,OUT,513621.0,Transfer_Internal
setor ke brankas 2096,Transfer,OUT,2627036.0,Transfer_Internal
setor ke rekening sendiri 8367,Cash,IN,3914489.0,Transfer_Internal
trf ke rek istri 3031,Bank_Mutation,IN,3652297.0,Transfer_Internal
setor ke rekening sendiri 5348,Transfer,OUT,400976.0,Transfer_Internal
trf ke rek istri 9283,Transfer,OUT,3462529.0,Transfer_Internal
tarik tunai mandiri 8754,Invoice,OUT,544601.0,Transfer_Internal
tarik tunai pinjol 9520,Cash,OUT,3303574.0,Transfer_Internal
mutasi kas ke koperasi 7691,Bank_Mutation,OUT,561809.0,Transfer_Internal
tarik tunai mandiri 4659,Invoice,OUT,1543504.0,Transfer_Internal
pindah saldo ke rekening utama 4890,Bank_Mutation,OUT,4000951.0,Transfer_Internal
setor ke kas harian 5865,Bank_Mutation,OUT,4866351.0,Transfer_Internal
mutasi kas ke pinjol 3255,Invoice,OUT,1695117.0,Transfer_Internal
trf ke rek istri 2567,Cash,OUT,4369756.0,Transfer_Internal
tarik tunai mandiri 3481,QRIS,OUT,3579903.0,Transfer_Internal
trf ke rekening sendiri 1857,Cash,OUT,2318674.0,Transfer_Internal
setor ke rekening utama 3719,Bank_Mutation,OUT,1165795.0,Transfer_Internal
mutasi kas ke bri 7698,QRIS,OUT,3182449.0,Transfer_Internal
tarik tunai pinjol 9068,Transfer,OUT,2306796.0,Transfer_Internal
tarik tunai pinjol 7857,Bank_Mutation,OUT,2677621.0,Transfer_Internal
ambil cash dari atm koperasi 2004,Transfer,OUT,4849497.0,Transfer_Internal
trf ke rekening sendiri 2244,Cash,OUT,352247.0,Transfer_Internal
pindah saldo ke kasir 9156,Bank_Mutation,OUT,3922974.0,Transfer_Internal
tarik tunai mandiri 4004,QRIS,OUT,4796076.0,Transfer_Internal
setor ke rekening sendiri 9933,Transfer,OUT,3613309.0,Transfer_Internal
pindah saldo ke rek istri 3526,QRIS,OUT,4541340.0,Transfer_Internal
setor ke brankas 6649,QRIS,OUT,569486.0,Transfer_Internal
pindah saldo ke rekening utama 1193,Invoice,OUT,515853.0,Transfer_Internal
trf ke kas harian 9234,QRIS,OUT,4873368.0,Transfer_Internal
mutasi kas ke pinjol 9926,QRIS,OUT,96554.0,Transfer_Internal
tarik tunai bni 5871,Bank_Mutation,OUT,2517450.0,Transfer_Internal
pindah saldo ke rek istri 7495,Transfer,OUT,2852014.0,Transfer_Internal
pindah saldo ke rekening operasional 1952,QRIS,OUT,1542120.0,Transfer_Internal
ambil cash dari atm mandiri 6114,Cash,OUT,3249108.0,Transfer_Internal
ambil cash dari atm bca 6117,Bank_Mutation,OUT,3269243.0,Transfer_Internal
pindah saldo ke rekening operasional 9966,QRIS,IN,1385113.0,Transfer_Internal
setor ke rekening sendiri 1549,Cash,OUT,1115144.0,Transfer_Internal
trf ke kas harian 1812,Invoice,OUT,1841041.0,Transfer_Internal
ambil cash dari atm bri 7243,QRIS,OUT,2676214.0,Transfer_Internal
mutasi kas ke bca 2369,QRIS,OUT,4882520.0,Transfer_Internal
mutasi kas ke mandiri 9509,Transfer,OUT,3313948.0,Transfer_Internal
trf ke rek istri 6463,Invoice,IN,2503584.0,Transfer_Internal
pindah saldo ke rekening sendiri 5668,QRIS,OUT,3097274.0,Transfer_Internal
tarik tunai bni 4654,Cash,IN,1119023.0,Transfer_Internal
mutasi kas ke bca 8184,QRIS,IN,543179.0,Transfer_Internal
trf ke rekening utama 8515,Bank_Mutation,OUT,4861900.0,Transfer_Internal
setor ke brankas 4476,Invoice,IN,3984964.0,Transfer_Internal
trf ke rek istri 7575,Bank_Mutation,OUT,1629393.0,Transfer_Internal
trf ke kas harian 3557,Invoice,OUT,1306894.0,Transfer_Internal
ambil cash dari atm bca 6773,QRIS,OUT,3740653.0,Transfer_Internal
trf ke kas harian 7742,Invoice,OUT,3226944.0,Transfer_Internal
pindah saldo ke brankas 3003,Cash,OUT,4070254.0,Transfer_Internal
mutasi kas ke bca 9261,Transfer,IN,3146362.0,Transfer_Internal
setor ke rek istri 3484,QRIS,OUT,1568125.0,Transfer_Internal
setor ke brankas 9406,Transfer,OUT,2821888.0,Transfer_Internal
ambil cash dari atm bri 1647,Bank_Mutation,OUT,563151.0,Transfer_Internal
pindah saldo ke brankas 7293,Invoice,OUT,2049981.0,Transfer_Internal
setor ke brankas 6214,Invoice,OUT,1840234.0,Transfer_Internal
setor ke kasir 7595,Transfer,OUT,4552307.0,Transfer_Internal
tarik tunai pinjol 4832,Cash,OUT,1527646.0,Transfer_Internal
ambil cash dari atm mandiri 1406,Bank_Mutation,OUT,1108289.0,Transfer_Internal
trf ke rekening sendiri 6232,Bank_Mutation,OUT,183954.0,Transfer_Internal
tarik tunai bri 7574,Invoice,OUT,2957599.0,Transfer_Internal
setor ke kasir 7721,QRIS,IN,2838562.0,Transfer_Internal
pindah saldo ke kasir 7538,Bank_Mutation,OUT,4352217.0,Transfer_Internal
ambil cash dari atm pinjol 9726,Invoice,OUT,2895619.0,Transfer_Internal
pindah saldo ke rekening sendiri 4845,Transfer,OUT,3440651.0,Transfer_Internal
tarik tunai pinjol 3748,QRIS,OUT,1451079.0,Transfer_Internal
tarik tunai pinjol 8339,Invoice,OUT,2302302.0,Transfer_Internal
mutasi kas ke bri 1529,Transfer,OUT,4839666.0,Transfer_Internal
tarik tunai bca 9816,Transfer,IN,1096922.0,Transfer_Internal
setor ke rekening utama 6103,Bank_Mutation,OUT,1369273.0,Transfer_Internal
trf ke rekening sendiri 4877,QRIS,OUT,561238.0,Transfer_Internal
mutasi kas ke pinjol 7100,Bank_Mutation,OUT,4833380.0,Transfer_Internal
bonus reward bri 9892,Cash,OUT,4093689.0,Other
trx gagal reversal 7757,Invoice,IN,4036734.0,Other
bonus reward bca 9400,Bank_Mutation,OUT,1616938.0,Other
sisa saldo 20 1755,Bank_Mutation,OUT,3597236.0,Other
trx tidak dikenal 35 9112,Bank_Mutation,OUT,3147165.0,Other
salah transfer warung sebelah 1508,Cash,OUT,1564722.0,Other
admin bulanan bri 7703,Transfer,OUT,73345.0,Other
koreksi mutasi bri 7932,Cash,OUT,2248874.0,Other
admin bulanan bri 3051,Invoice,IN,4449593.0,Other
bonus reward bca 8172,Cash,OUT,719851.0,Other
salah transfer pt xyz 8541,Cash,OUT,1601062.0,Other
admin bulanan bni 2217,Invoice,IN,782280.0,Other
salah transfer bapak budi 2757,Invoice,OUT,4356788.0,Other
salah transfer bu ani 6942,Cash,OUT,4663428.0,Other
salah transfer pt xyz 7560,Bank_Mutation,IN,2257517.0,Other
koreksi mutasi mandiri 7519,Invoice,OUT,4386200.0,Other
salah transfer customer 8248,Invoice,IN,3879362.0,Other
admin bulanan bri 8021,Bank_Mutation,OUT,4600520.0,Other
koreksi mutasi bni 4308,Transfer,OUT,3126986.0,Other
koreksi mutasi pinjol 3650,Bank_Mutation,OUT,2968834.0,Other
koreksi mutasi pinjol 2629,Cash,OUT,1655002.0,Other
bonus reward bri 4832,Cash,OUT,4847901.0,Other
salah transfer pt xyz 1608,QRIS,OUT,1660962.0,Other
salah transfer bapak budi 5783,Bank_Mutation,OUT,2966843.0,Other
kode transaksi 38 6021,Bank_Mutation,IN,4558880.0,Other
trx gagal reversal 5902,Bank_Mutation,OUT,4793703.0,Other
trx gagal reversal 5828,Invoice,IN,3619513.0,Other
salah transfer bapak budi 9416,QRIS,OUT,4712445.0,Other
trx gagal reversal 6926,Bank_Mutation,IN,4279180.0,Other
koreksi mutasi pinjol 4434,Invoice,OUT,2326204.0,Other
admin bulanan bni 1612,QRIS,OUT,1540485.0,Other
bonus reward pinjol 6087,QRIS,OUT,1514902.0,Other
sisa saldo 18 1342,Cash,OUT,521098.0,Other
trx gagal reversal 6465,Bank_Mutation,OUT,582105.0,Other
admin bulanan bni 1323,Invoice,OUT,4974024.0,Other
salah transfer customer 5616,Transfer,OUT,4396533.0,Other
bonus reward koperasi 2332,Cash,OUT,121697.0,Other
koreksi mutasi koperasi 7250,Transfer,IN,555924.0,Other
koreksi mutasi pinjol 1452,Bank_Mutation,OUT,2149516.0,Other
salah transfer pelanggan 9122,Transfer,IN,2913361.0,Other
salah transfer pt xyz 5384,Transfer,IN,3687378.0,Other
salah transfer klien 1312,QRIS,IN,2062227.0,Other
bonus reward bni 7642,Bank_Mutation,OUT,3245990.0,Other
bonus reward bri 8018,Invoice,IN,934495.0,Other
kode transaksi 21 7965,QRIS,OUT,1594124.0,Other
admin bulanan mandiri 9345,Bank_Mutation,OUT,4961616.0,Other
admin bulanan bca 4883,Cash,OUT,3569616.0,Other
admin bulanan bca 5927,Invoice,IN,546129.0,Other
koreksi mutasi bni 6414,Cash,OUT,1257323.0,Other
koreksi mutasi bri 2176,Transfer,IN,2888062.0,Other
salah transfer toko kelontong 4748,Transfer,OUT,4943519.0,Other
trx gagal reversal 1224,Bank_Mutation,OUT,246652.0,Other
trx gagal reversal 2602,Bank_Mutation,OUT,1806244.0,Other
bonus reward bri 7728,Transfer,OUT,4989255.0,Other
koreksi mutasi pinjol 7363,QRIS,OUT,893994.0,Other
salah transfer klien 2870,Bank_Mutation,IN,1061328.0,Other
kode transaksi 12 2895,Invoice,OUT,1087674.0,Other
bonus reward bri 4802,Bank_Mutation,IN,4828250.0,Other
koreksi mutasi bca 7578,QRIS,OUT,4428080.0,Other
trx tidak dikenal 52 8631,Cash,OUT,3924454.0,Other
sisa saldo 99 4651,Cash,OUT,3397783.0,Other
trx gagal reversal 7547,Invoice,IN,1789863.0,Other
uang nyasar 62 7154,Invoice,IN,1979640.0,Other
bonus reward koperasi 8381,QRIS,IN,3580607.0,Other
salah transfer bapak budi 7364,Invoice,IN,2615450.0,Other
koreksi mutasi koperasi 1387,QRIS,OUT,1483113.0,Other
admin bulanan bni 2657,Bank_Mutation,OUT,4484852.0,Other
trx gagal reversal 5204,Transfer,OUT,1389257.0,Other
trx tidak dikenal 85 1445,QRIS,OUT,1656956.0,Other
salah transfer bu ani 2922,QRIS,OUT,2603207.0,Other
kode transaksi 91 2681,Bank_Mutation,OUT,4419593.0,Other
admin bulanan bca 4115,Bank_Mutation,IN,3507453.0,Other
koreksi mutasi bni 5268,QRIS,OUT,2450927.0,Other
salah transfer klien 4987,Cash,OUT,1190358.0,Other
bonus reward pinjol 2765,Transfer,OUT,61442.0,Other
bonus reward mandiri 5080,Transfer,OUT,1222531.0,Other
koreksi mutasi bri 5041,Transfer,OUT,3554965.0,Other
kode transaksi 62 7749,Invoice,OUT,4150848.0,Other
trx gagal reversal 8626,Cash,OUT,3640875.0,Other
penerimaan tanpa konteks 34 7263,Cash,OUT,2802278.0,Other
trx gagal reversal 5385,Cash,IN,2618700.0,Other
bonus reward bri 7015,Cash,OUT,366630.0,Other
trx gagal reversal 9178,Invoice,OUT,3054918.0,Other
kode transaksi 46 8620,Bank_Mutation,OUT,3317515.0,Other
admin bulanan mandiri 3068,Bank_Mutation,OUT,1267810.0,Other
trx gagal reversal 1240,QRIS,OUT,309658.0,Other
bonus reward bca 8676,Bank_Mutation,OUT,3419469.0,Other
admin bulanan bca 8530,Transfer,OUT,2422545.0,Other
bonus reward bri 1595,Cash,OUT,1165253.0,Other
koreksi mutasi pinjol 2100,Transfer,OUT,4060415.0,Other
koreksi mutasi bca 3848,QRIS,OUT,3830595.0,Other
trx tidak dikenal 62 5844,Transfer,OUT,4858272.0,Other
koreksi mutasi pinjol 1019,Bank_Mutation,OUT,3174780.0,Other
admin bulanan koperasi 6037,Transfer,OUT,926641.0,Other
trx gagal reversal 6894,Invoice,IN,3319370.0,Other
kode transaksi 16 6497,Cash,IN,2639869.0,Other
bonus reward bca 8620,Bank_Mutation,IN,3813484.0,Other
admin bulanan bni 2614,Cash,OUT,245819.0,Other
koreksi mutasi koperasi 5607,Bank_Mutation,OUT,4382538.0,Other
kode transaksi 27 2048,Bank_Mutation,OUT,525052.0,Other
admin bulanan koperasi 5422,Bank_Mutation,OUT,2974715.0,Other
admin bulanan mandiri 4031,Transfer,OUT,3582391.0,Other
salah transfer toko kelontong 7692,Transfer,IN,1335876.0,Other
admin bulanan bri 4480,Invoice,OUT,3154641.0,Other
koreksi mutasi pinjol 4284,QRIS,OUT,1003160.0,Other
admin bulanan bca 3384,Invoice,IN,4556729.0,Other
koreksi mutasi bri 9245,Invoice,OUT,421568.0,Other
salah transfer bapak budi 3887,Cash,IN,3321676.0,Other
bonus reward bri 8939,Bank_Mutation,IN,4821695.0,Other
kode transaksi 67 2435,Cash,OUT,3020607.0,Other
trx gagal reversal 7950,QRIS,OUT,1313873.0,Other
admin bulanan bri 8304,Transfer,OUT,1142122.0,Other
salah transfer klien 4179,Transfer,OUT,625918.0,Other
admin bulanan bca 5206,Cash,OUT,2359234.0,Other
sisa saldo 81 4281,Invoice,OUT,2913890.0,Other
bonus reward bca 2186,Invoice,IN,997694.0,Other
koreksi mutasi bni 4359,Bank_Mutation,OUT,4795762.0,Other
trx gagal reversal 8348,Invoice,OUT,3280932.0,Other
admin bulanan mandiri 6277,Invoice,OUT,4801372.0,Other
bonus reward bca 7046,Invoice,IN,4088939.0,Other
koreksi mutasi pinjol 5995,Transfer,OUT,4684623.0,Other
bonus reward bri 8617,Bank_Mutation,OUT,1471735.0,Other
admin bulanan bri 5623,Transfer,OUT,4008680.0,Other
admin bulanan bri 3957,QRIS,IN,2175864.0,Other
admin bulanan bri 5648,Cash,OUT,1592167.0,Other
bonus reward koperasi 4866,Cash,OUT,2872076.0,Other
sisa saldo 85 6175,QRIS,OUT,4436688.0,Other
trx gagal reversal 2829,QRIS,IN,2941356.0,Other
koreksi mutasi pinjol 4702,Cash,OUT,1245137.0,Other
koreksi mutasi koperasi 2041,QRIS,OUT,872513.0,Other
salah transfer toko kelontong 4425,Invoice,OUT,2079443.0,Other
bonus reward mandiri 2895,Bank_Mutation,OUT,4855346.0,Other
salah transfer toko kelontong 3884,Bank_Mutation,OUT,2401092.0,Other
trx gagal reversal 3820,Bank_Mutation,OUT,2964537.0,Other
admin bulanan koperasi 2971,Invoice,OUT,4285251.0,Other
bonus reward bni 2612,Invoice,OUT,2492684.0,Other
bonus reward koperasi 2046,Cash,OUT,2730015.0,Other
bonus reward bca 8541,Transfer,OUT,1478249.0,Other
admin bulanan bca 8960,Transfer,OUT,2573132.0,Other
koreksi mutasi bni 6792,Transfer,OUT,3307184.0,Other
salah transfer pelanggan 9791,Bank_Mutation,OUT,1178547.0,Other
sisa saldo 98 2919,Transfer,OUT,4347463.0,Other
admin bulanan bri 1264,Bank_Mutation,IN,4997632.0,Other
trx gagal reversal 9707,Invoice,IN,880430.0,Other
kode transaksi 39 5791,Transfer,OUT,2124254.0,Other
trx gagal reversal 6718,QRIS,OUT,2251838.0,Other
trx gagal reversal 8447,Cash,OUT,195325.0,Other
salah transfer pt xyz 9164,Transfer,OUT,591849.0,Other
bonus reward bri 9288,Invoice,OUT,3906725.0,Other
bonus reward koperasi 5649,Cash,OUT,3716718.0,Other
koreksi mutasi pinjol 8277,Bank_Mutation,OUT,2436735.0,Other
salah transfer pelanggan 8437,Bank_Mutation,OUT,2124773.0,Other
bonus reward bca 1983,QRIS,OUT,4445348.0,Other
koreksi mutasi pinjol 2243,Invoice,OUT,4097950.0,Other
koreksi mutasi bni 1216,Transfer,OUT,3334364.0,Other
salah transfer warung sebelah 6162,QRIS,OUT,81636.0,Other
admin bulanan bni 5555,Invoice,OUT,2724577.0,Other
koreksi mutasi koperasi 5132,Transfer,OUT,4912118.0,Other
koreksi mutasi bni 8601,QRIS,OUT,4172927.0,Other
penerimaan tanpa konteks 34 3391,Transfer,OUT,1994537.0,Other
trx gagal reversal 6562,Bank_Mutation,IN,4645116.0,Other
uang nyasar 19 7311,Invoice,IN,1012590.0,Other
sisa saldo 53 5378,QRIS,OUT,3435225.0,Other
koreksi mutasi mandiri 6029,Cash,OUT,2905582.0,Other
bonus reward koperasi 9595,Bank_Mutation,IN,541108.0,Other
koreksi mutasi bni 1814,Bank_Mutation,IN,2859807.0,Other
trx tidak dikenal 88 9646,Transfer,OUT,812905.0,Other
bonus reward bni 1210,QRIS,OUT,2240861.0,Other
sisa saldo 64 1823,QRIS,OUT,1500657.0,Other
salah transfer klien 8024,Transfer,OUT,3521487.0,Other
salah transfer bu ani 1383,Cash,IN,2699244.0,Other
admin bulanan bri 4408,Bank_Mutation,OUT,448383.0,Other
bonus reward bri 1822,Transfer,IN,1638088.0,Other
salah transfer bu ani 6171,Cash,IN,2956037.0,Other
penerimaan tanpa konteks 77 1847,Bank_Mutation,IN,3242146.0,Other
bonus reward koperasi 5938,QRIS,OUT,985549.0,Other
koreksi mutasi bca 8446,Bank_Mutation,OUT,2528353.0,Other
trx gagal reversal 7197,QRIS,OUT,3187474.0,Other
salah transfer bu ani 7045,Transfer,OUT,4581869.0,Other
sisa saldo 97 9295,Bank_Mutation,OUT,2740101.0,Other
salah transfer pelanggan 3966,Cash,OUT,3213439.0,Other
bonus reward mandiri 3986,Transfer,OUT,1316115.0,Other
trx gagal reversal 3743,Bank_Mutation,OUT,3529482.0,Other
trx gagal reversal 2211,Bank_Mutation,OUT,3318011.0,Other
admin bulanan bri 5368,Bank_Mutation,IN,2924181.0,Other
koreksi mutasi bri 3459,Cash,OUT,2729775.0,Other
admin bulanan bri 9091,Bank_Mutation,OUT,3294678.0,Other
admin bulanan bri 4426,QRIS,OUT,1367223.0,Other
trx gagal reversal 1272,QRIS,IN,1503432.0,Other
bonus reward bca 2064,Invoice,IN,575281.0,Other
salah transfer toko kelontong 1174,QRIS,OUT,3435455.0,Other
uang nyasar 78 5426,Bank_Mutation,OUT,248956.0,Other
penerimaan tanpa konteks 24 4214,QRIS,OUT,1137957.0,Other
salah transfer warung sebelah 9863,Invoice,IN,3144606.0,Other
admin bulanan koperasi 4149,Bank_Mutation,OUT,573895.0,Other
sisa saldo 39 4583,Transfer,OUT,3163609.0,Other
koreksi mutasi bca 2725,Bank_Mutation,OUT,4060641.0,Other
salah transfer bu ani 9813,Cash,OUT,3254314.0,Other
kode transaksi 79 8762,Cash,OUT,1705400.0,Other
bonus reward pinjol 2665,Invoice,IN,3801781.0,Other
isi saldo gopay usaha,Bank_Mutation,IN,4674184.0,Transfer_Internal
nota kasir 112,QRIS,OUT,4394822.0,Revenue
tarik tunai atm,Transfer,IN,4708565.0,Transfer_Internal
ambil cash,QRIS,IN,3109585.0,Transfer_Internal
dana kur masuk,Invoice,OUT,4617095.0,Financing
bayar denda retribusi,Bank_Mutation,IN,67290.0,Operating_Expense
pembelian benang & kain,Invoice,OUT,1830513.0,COGS
trf ke rek istri,Bank_Mutation,IN,3290292.0,Transfer_Internal
pembayaran suplier pt makmur,Bank_Mutation,OUT,2251553.0,COGS
pengembalian kelebihan,Bank_Mutation,IN,2037823.0,Other
pelunasan hutang,Invoice,OUT,925605.0,Financing
masuk dr gofood,Bank_Mutation,OUT,2121458.0,Revenue
cair pnjm julo,Transfer,IN,4513190.0,Financing
setor cicilan,Cash,OUT,2925046.0,Financing
pembayaran kewajiban usaha bulanan,Invoice,OUT,4573592.0,Operating_Expense
promo reward,Invoice,OUT,4084767.0,Other
pembayaran bunga bank,Invoice,OUT,245111.0,Operating_Expense
setor tunai kas harian,Transfer,IN,349125.0,Transfer_Internal
beli stok krupuk,Transfer,OUT,521451.0,COGS
masuk pinjaman rekan,Cash,IN,3927795.0,Financing
iuran sampah pasar,Bank_Mutation,IN,1580243.0,Operating_Expense
cair kur bri,QRIS,OUT,4920984.0,Financing
pengembalian dana investor,Cash,OUT,4787015.0,Financing
bahan pokok,Transfer,IN,1906830.0,COGS
pindah saldo ke bca,Bank_Mutation,IN,2976651.0,Transfer_Internal
bayar cicilan modal,QRIS,OUT,3643786.0,Financing
simpan tunai,Bank_Mutation,IN,4087350.0,Transfer_Internal
transfer dari pelanggan,Bank_Mutation,OUT,4612946.0,Revenue
ambil dr kasir,Cash,OUT,526897.0,Transfer_Internal
titipan arisan,QRIS,IN,1058282.0,Other
refund sisa kembalian,Bank_Mutation,OUT,4527629.0,Other
uang masuk,Transfer,IN,3814929.0,Revenue
parkir bulanan,Cash,IN,3812191.0,Operating_Expense
bahan adonan,Transfer,OUT,3819836.0,COGS
penerimaan,Cash,OUT,2543238.0,Revenue
bayar faktur supplier beras,Transfer,OUT,4926255.0,COGS
tarikan dana pinjol,QRIS,OUT,959142.0,Financing
trx qris 091,Invoice,OUT,833984.0,Revenue
pindahan dr bca,Cash,IN,2196541.0,Transfer_Internal
pembelian bahan baku utama,QRIS,OUT,1382396.0,COGS
setoran shift pagi,Transfer,IN,2000972.0,Revenue
konsumsi lembur anak-anak,Cash,OUT,1707476.0,Operating_Expense
langganan wifi,Bank_Mutation,OUT,3737599.0,Operating_Expense
potongan admin,Transfer,OUT,1774856.0,Other
terima uang muka,Invoice,IN,670236.0,Revenue
biaya layanan aplikasi,QRIS,OUT,203236.0,Other
cashback bulanan,Invoice,OUT,2144158.0,Other
cicilan kendaraan operasional,QRIS,OUT,170180.0,Operating_Expense
pembelian ATK,Transfer,OUT,1903483.0,Operating_Expense
trf 89112,Transfer,IN,3542126.0,Revenue
biaya admin bulanan,Transfer,OUT,4174629.0,Other
uang nyasar,QRIS,OUT,4495918.0,Other
pencairan bpkb,Bank_Mutation,OUT,2438490.0,Financing
tebus sembako dr agen,QRIS,OUT,1170978.0,COGS
restock gudang,Cash,OUT,3354174.0,COGS
beli ayam 10kg,Invoice,OUT,4865848.0,COGS
pembelian sabun lantai,Invoice,OUT,1929989.0,Operating_Expense
lunas,Cash,IN,1211949.0,Revenue
setoran ke bank mandiri,Bank_Mutation,OUT,375571.0,Transfer_Internal
sisa saldo,Bank_Mutation,OUT,4629561.0,Other
